id,age,benchmark_group
0,18,A
1,19,B
2,20,C
3,21,D
4,22,A
5,23,B
6,24,C
7,25,D
8,26,A
9,27,B
10,28,C
11,29,D
12,30,A
13,31,B
14,32,C
15,33,D
16,34,A
17,35,B
18,36,C
19,37,D
20,38,A
21,39,B
22,40,C
23,41,D
24,42,A
25,43,B
26,44,C
27,45,D
28,46,A
29,47,B
30,48,C
31,49,D
32,50,A
33,51,B
34,52,C
35,53,D
36,54,A
37,55,B
38,56,C
39,57,D
40,58,A
41,59,B
42,60,C
43,61,D
44,62,A
45,63,B
46,64,C
47,65,D
48,66,A
49,67,B
50,68,C
51,69,D
52,70,A
53,18,B
54,19,C
55,20,D
56,21,A
57,22,B
58,23,C
59,24,D
60,25,A
61,26,B
62,27,C
63,28,D
64,29,A
65,30,B
66,31,C
67,32,D
68,33,A
69,34,B
70,35,C
71,36,D
72,37,A
73,38,B
74,39,C
75,40,D
76,41,A
77,42,B
78,43,C
79,44,D
80,45,A
81,46,B
82,47,C
83,48,D
84,49,A
85,50,B
86,51,C
87,52,D
88,53,A
89,54,B
90,55,C
91,56,D
92,57,A
93,58,B
94,59,C
95,60,D
96,61,A
97,62,B
98,63,C
99,64,D
100,65,A
101,66,B
102,67,C
103,68,D
104,69,A
105,70,B
106,18,C
107,19,D
108,20,A
109,21,B
110,22,C
111,23,D
112,24,A
113,25,B
114,26,C
115,27,D
116,28,A
117,29,B
118,30,C
119,31,D
120,32,A
121,33,B
122,34,C
123,35,D
124,36,A
125,37,B
126,38,C
127,39,D
128,40,A
129,41,B
130,42,C
131,43,D
132,44,A
133,45,B
134,46,C
135,47,D
136,48,A
137,49,B
138,50,C
139,51,D
140,52,A
141,53,B
142,54,C
143,55,D
144,56,A
145,57,B
146,58,C
147,59,D
148,60,A
149,61,B
150,62,C
151,63,D
153,65,B
154,66,C
155,67,D
156,68,A
157,69,B
158,70,C
159,18,D
160,19,A
161,20,B
162,21,C
163,22,D
164,23,A
165,24,B
166,25,C
167,26,D
168,27,A
169,28,B
170,29,C
171,30,D
172,31,A
173,32,B
174,33,C
175,34,D
176,35,A
177,36,B
178,37,C
180,39,A
181,40,B
183,42,D
184,43,A
185,44,B
186,45,C
187,46,D
188,47,A
189,48,B
190,49,C
191,50,D
192,51,A
193,52,B
194,53,C
195,54,D
196,55,A
197,56,B
198,57,C
199,58,D
200,59,A
201,60,B
202,61,C
203,62,D
205,64,B
206,65,C
207,66,D
208,67,A
209,68,B
210,69,C
211,70,D
212,18,A
213,19,B
214,20,C
215,21,D
216,22,A
217,23,B
218,24,C
219,25,D
220,26,A
221,27,B
222,28,C
223,29,D
224,30,A
225,31,B
226,32,C
228,34,A
229,35,B
230,36,C
231,37,D
232,38,A
233,39,B
234,40,C
235,41,D
236,42,A
237,43,B
238,44,C
239,45,D
240,46,A
241,47,B
242,48,C
243,49,D
244,50,A
245,51,B
246,52,C
247,53,D
248,54,A
249,55,B
250,56,C
251,57,D
252,58,A
253,59,B
254,60,C
255,61,D
256,62,A
257,63,B
258,64,C
259,65,D
260,66,A
261,67,B
262,68,C
263,69,D
264,70,A
265,18,B
266,19,C
267,20,D
268,21,A
269,22,B
270,23,C
272,25,A
273,26,B
274,27,C
275,28,D
276,29,A
277,30,B
279,32,D
280,33,A
281,34,B
282,35,C
283,36,D
284,37,A
285,38,B
286,39,C
287,40,D
288,41,A
289,42,B
290,43,C
291,44,D
292,45,A
293,46,B
294,47,C
295,48,D
296,49,A
297,50,B
298,51,C
299,52,D
300,53,A
301,54,B
302,55,C
303,56,D
304,57,A
305,58,B
306,59,C
307,60,D
308,61,A
309,62,B
310,63,C
311,64,D
312,65,A
313,66,B
314,67,C
315,68,D
316,69,A
317,70,B
318,18,C
319,19,D
320,20,A
321,21,B
322,22,C
323,23,D
324,24,A
325,25,B
326,26,C
327,27,D
328,28,A
329,29,B
330,30,C
331,31,D
332,32,A
333,33,B
334,34,C
335,35,D
336,36,A
337,37,B
338,38,C
339,39,D
340,40,A
341,41,B
342,42,C
343,43,D
344,44,A
345,45,B
346,46,C
348,48,A
349,49,B
350,50,C
351,51,D
352,52,A
353,53,B
354,54,C
355,55,D
356,56,A
357,57,B
358,58,C
359,59,D
360,60,A
361,61,B
362,62,C
363,63,D
364,64,A
365,65,B
366,66,C
367,67,D
368,68,A
369,69,B
370,70,C
371,18,D
372,19,A
373,20,B
374,21,C
375,22,D
376,23,A
377,24,B
378,25,C
379,26,D
380,27,A
381,28,B
382,29,C
383,30,D
384,31,A
385,32,B
386,33,C
387,34,D
388,35,A
389,36,B
390,37,C
391,38,D
392,39,A
393,40,B
394,41,C
395,42,D
396,43,A
397,44,B
398,45,C
399,46,D
400,47,A
401,48,B
402,49,C
403,50,D
404,51,A
405,52,B
406,53,C
407,54,D
408,55,A
409,56,B
410,57,C
411,58,D
412,59,A
413,60,B
414,61,C
415,62,D
416,63,A
417,64,B
418,65,C
419,66,D
420,67,A
421,68,B
422,69,C
423,70,D
424,18,A
425,19,B
426,20,C
427,21,D
428,22,A
429,23,B
430,24,C
431,25,D
432,26,A
433,27,B
434,28,C
435,29,D
436,30,A
437,31,B
438,32,C
439,33,D
440,34,A
441,35,B
442,36,C
443,37,D
444,38,A
445,39,B
446,40,C
447,41,D
448,42,A
449,43,B
450,44,C
451,45,D
452,46,A
453,47,B
454,48,C
455,49,D
456,50,A
457,51,B
458,52,C
459,53,D
460,54,A
461,55,B
463,57,D
464,58,A
465,59,B
466,60,C
467,61,D
468,62,A
469,63,B
470,64,C
471,65,D
472,66,A
473,67,B
474,68,C
475,69,D
476,70,A
477,18,B
478,19,C
479,20,D
480,21,A
481,22,B
482,23,C
483,24,D
484,25,A
485,26,B
486,27,C
487,28,D
488,29,A
490,31,C
492,33,A
493,34,B
494,35,C
495,36,D
496,37,A
497,38,B
498,39,C
499,40,D
500,41,A
501,42,B
502,43,C
503,44,D
504,45,A
505,46,B
507,48,D
508,49,A
510,51,C
511,52,D
512,53,A
513,54,B
514,55,C
515,56,D
516,57,A
517,58,B
518,59,C
519,60,D
521,62,B
522,63,C
523,64,D
524,65,A
525,66,B
526,67,C
527,68,D
528,69,A
529,70,B
530,18,C
531,19,D
532,20,A
533,21,B
534,22,C
535,23,D
536,24,A
537,25,B
539,27,D
540,28,A
541,29,B
542,30,C
543,31,D
544,32,A
545,33,B
546,34,C
547,35,D
548,36,A
549,37,B
550,38,C
551,39,D
552,40,A
553,41,B
554,42,C
555,43,D
556,44,A
557,45,B
558,46,C
559,47,D
560,48,A
561,49,B
562,50,C
563,51,D
564,52,A
565,53,B
566,54,C
567,55,D
568,56,A
569,57,B
570,58,C
571,59,D
572,60,A
573,61,B
574,62,C
575,63,D
576,64,A
577,65,B
578,66,C
579,67,D
580,68,A
581,69,B
582,70,C
583,18,D
584,19,A
586,21,C
587,22,D
588,23,A
589,24,B
590,25,C
591,26,D
592,27,A
593,28,B
594,29,C
595,30,D
596,31,A
597,32,B
598,33,C
599,34,D
600,35,A
601,36,B
602,37,C
603,38,D
604,39,A
605,40,B
606,41,C
607,42,D
608,43,A
609,44,B
610,45,C
611,46,D
612,47,A
613,48,B
614,49,C
615,50,D
616,51,A
617,52,B
618,53,C
619,54,D
620,55,A
621,56,B
622,57,C
623,58,D
624,59,A
625,60,B
626,61,C
627,62,D
628,63,A
629,64,B
630,65,C
631,66,D
632,67,A
633,68,B
634,69,C
635,70,D
636,18,A
637,19,B
638,20,C
639,21,D
640,22,A
641,23,B
642,24,C
643,25,D
644,26,A
645,27,B
646,28,C
647,29,D
648,30,A
649,31,B
650,32,C
651,33,D
652,34,A
653,35,B
654,36,C
655,37,D
656,38,A
657,39,B
658,40,C
659,41,D
660,42,A
661,43,B
662,44,C
663,45,D
664,46,A
665,47,B
666,48,C
667,49,D
668,50,A
669,51,B
670,52,C
671,53,D
672,54,A
673,55,B
674,56,C
675,57,D
676,58,A
677,59,B
678,60,C
679,61,D
680,62,A
681,63,B
682,64,C
683,65,D
684,66,A
685,67,B
686,68,C
687,69,D
688,70,A
689,18,B
691,20,D
692,21,A
693,22,B
694,23,C
695,24,D
696,25,A
697,26,B
698,27,C
699,28,D
700,29,A
701,30,B
702,31,C
703,32,D
704,33,A
705,34,B
707,36,D
708,37,A
709,38,B
710,39,C
711,40,D
712,41,A
713,42,B
714,43,C
715,44,D
716,45,A
717,46,B
718,47,C
719,48,D
720,49,A
721,50,B
722,51,C
723,52,D
724,53,A
725,54,B
726,55,C
727,56,D
728,57,A
729,58,B
730,59,C
731,60,D
732,61,A
733,62,B
734,63,C
735,64,D
736,65,A
737,66,B
738,67,C
739,68,D
740,69,A
741,70,B
742,18,C
743,19,D
744,20,A
745,21,B
746,22,C
747,23,D
748,24,A
749,25,B
750,26,C
751,27,D
752,28,A
753,29,B
754,30,C
755,31,D
756,32,A
757,33,B
758,34,C
759,35,D
760,36,A
761,37,B
762,38,C
763,39,D
764,40,A
765,41,B
766,42,C
767,43,D
768,44,A
769,45,B
770,46,C
771,47,D
773,49,B
775,51,D
776,52,A
777,53,B
778,54,C
779,55,D
780,56,A
781,57,B
782,58,C
783,59,D
784,60,A
785,61,B
786,62,C
787,63,D
788,64,A
789,65,B
790,66,C
791,67,D
792,68,A
793,69,B
794,70,C
795,18,D
796,19,A
797,20,B
798,21,C
799,22,D
801,24,B
802,25,C
803,26,D
804,27,A
805,28,B
807,30,D
808,31,A
809,32,B
811,34,D
812,35,A
813,36,B
814,37,C
815,38,D
816,39,A
817,40,B
818,41,C
819,42,D
820,43,A
821,44,B
822,45,C
823,46,D
824,47,A
825,48,B
826,49,C
827,50,D
828,51,A
829,52,B
830,53,C
831,54,D
832,55,A
833,56,B
834,57,C
835,58,D
836,59,A
837,60,B
838,61,C
839,62,D
840,63,A
841,64,B
842,65,C
843,66,D
844,67,A
845,68,B
846,69,C
847,70,D
848,18,A
849,19,B
850,20,C
851,21,D
852,22,A
853,23,B
854,24,C
856,26,A
857,27,B
858,28,C
859,29,D
860,30,A
861,31,B
862,32,C
863,33,D
864,34,A
865,35,B
866,36,C
867,37,D
868,38,A
869,39,B
870,40,C
871,41,D
872,42,A
873,43,B
874,44,C
876,46,A
877,47,B
878,48,C
879,49,D
881,51,B
882,52,C
883,53,D
884,54,A
885,55,B
886,56,C
887,57,D
888,58,A
889,59,B
890,60,C
891,61,D
892,62,A
893,63,B
895,65,D
896,66,A
898,68,C
899,69,D
900,70,A
901,18,B
902,19,C
903,20,D
904,21,A
905,22,B
906,23,C
907,24,D
908,25,A
909,26,B
910,27,C
911,28,D
912,29,A
913,30,B
914,31,C
915,32,D
916,33,A
917,34,B
918,35,C
919,36,D
920,37,A
921,38,B
922,39,C
923,40,D
924,41,A
925,42,B
926,43,C
927,44,D
929,46,B
930,47,C
931,48,D
932,49,A
933,50,B
934,51,C
935,52,D
936,53,A
937,54,B
938,55,C
939,56,D
940,57,A
942,59,C
943,60,D
944,61,A
945,62,B
946,63,C
947,64,D
948,65,A
949,66,B
950,67,C
951,68,D
952,69,A
953,70,B
954,18,C
955,19,D
956,20,A
957,21,B
959,23,D
960,24,A
961,25,B
962,26,C
963,27,D
964,28,A
965,29,B
966,30,C
967,31,D
968,32,A
969,33,B
970,34,C
971,35,D
972,36,A
973,37,B
974,38,C
975,39,D
976,40,A
977,41,B
978,42,C
979,43,D
980,44,A
981,45,B
982,46,C
983,47,D
984,48,A
985,49,B
986,50,C
987,51,D
988,52,A
989,53,B
990,54,C
991,55,D
992,56,A
993,57,B
994,58,C
995,59,D
996,60,A
997,61,B
998,62,C
999,63,D
1000,64,A
1001,65,B
1002,66,C
1003,67,D
1004,68,A
1005,69,B
1006,70,C
1007,18,D
1008,19,A
1009,20,B
1010,21,C
1011,22,D
1012,23,A
1013,24,B
1014,25,C
1015,26,D
1016,27,A
1017,28,B
1018,29,C
1019,30,D
1020,31,A
1021,32,B
1022,33,C
1023,34,D
1024,35,A
1025,36,B
1026,37,C
1027,38,D
1028,39,A
1029,40,B
1030,41,C
1031,42,D
1032,43,A
1033,44,B
1034,45,C
1035,46,D
1036,47,A
1037,48,B
1038,49,C
1039,50,D
1040,51,A
1041,52,B
1042,53,C
1043,54,D
1044,55,A
1045,56,B
1046,57,C
1047,58,D
1049,60,B
1050,61,C
1051,62,D
1052,63,A
1053,64,B
1054,65,C
1055,66,D
1056,67,A
1057,68,B
1058,69,C
1059,70,D
1060,18,A
1062,20,C
1063,21,D
1064,22,A
1065,23,B
1066,24,C
1067,25,D
1068,26,A
1069,27,B
1070,28,C
1071,29,D
1072,30,A
1073,31,B
1074,32,C
1075,33,D
1077,35,B
1078,36,C
1079,37,D
1080,38,A
1082,40,C
1083,41,D
1084,42,A
1085,43,B
1086,44,C
1088,46,A
1089,47,B
1090,48,C
1091,49,D
1093,51,B
1094,52,C
1097,55,B
1098,56,C
1099,57,D
1101,59,B
1102,60,C
1103,61,D
1104,62,A
1105,63,B
1106,64,C
1107,65,D
1108,66,A
1109,67,B
1110,68,C
1111,69,D
1112,70,A
1113,18,B
1114,19,C
1116,21,A
1117,22,B
1118,23,C
1119,24,D
1120,25,A
1121,26,B
1122,27,C
1123,28,D
1124,29,A
1125,30,B
1126,31,C
1127,32,D
1128,33,A
1129,34,B
1130,35,C
1132,37,A
1133,38,B
1134,39,C
1135,40,D
1136,41,A
1137,42,B
1138,43,C
1139,44,D
1140,45,A
1141,46,B
1142,47,C
1143,48,D
1144,49,A
1145,50,B
1146,51,C
1147,52,D
1148,53,A
1149,54,B
1150,55,C
1151,56,D
1152,57,A
1153,58,B
1154,59,C
1155,60,D
1156,61,A
1157,62,B
1158,63,C
1159,64,D
1160,65,A
1161,66,B
1162,67,C
1163,68,D
1164,69,A
1165,70,B
1166,18,C
1167,19,D
1168,20,A
1169,21,B
1170,22,C
1171,23,D
1172,24,A
1173,25,B
1174,26,C
1175,27,D
1176,28,A
1177,29,B
1178,30,C
1179,31,D
1180,32,A
1181,33,B
1182,34,C
1183,35,D
1184,36,A
1185,37,B
1186,38,C
1187,39,D
1188,40,A
1189,41,B
1190,42,C
1191,43,D
1192,44,A
1193,45,B
1194,46,C
1195,47,D
1196,48,A
1197,49,B
1198,50,C
1199,51,D
1200,52,A
1201,53,B
1202,54,C
1203,55,D
1204,56,A
1205,57,B
1206,58,C
1207,59,D
1208,60,A
1209,61,B
1210,62,C
1211,63,D
1212,64,A
1213,65,B
1214,66,C
1215,67,D
1216,68,A
1217,69,B
1218,70,C
1219,18,D
1220,19,A
1221,20,B
1223,22,D
1224,23,A
1225,24,B
1227,26,D
1228,27,A
1229,28,B
1230,29,C
1231,30,D
1232,31,A
1233,32,B
1234,33,C
1235,34,D
1236,35,A
1237,36,B
1238,37,C
1239,38,D
1240,39,A
1241,40,B
1242,41,C
1243,42,D
1244,43,A
1245,44,B
1246,45,C
1247,46,D
1248,47,A
1249,48,B
1250,49,C
1251,50,D
1252,51,A
1253,52,B
1254,53,C
1255,54,D
1256,55,A
1257,56,B
1258,57,C
1259,58,D
1260,59,A
1261,60,B
1262,61,C
1263,62,D
1264,63,A
1265,64,B
1266,65,C
1267,66,D
1268,67,A
1269,68,B
1270,69,C
1271,70,D
1272,18,A
1273,19,B
1274,20,C
1275,21,D
1276,22,A
1277,23,B
1278,24,C
1279,25,D
1280,26,A
1281,27,B
1282,28,C
1283,29,D
1284,30,A
1285,31,B
1286,32,C
1287,33,D
1288,34,A
1289,35,B
1290,36,C
1291,37,D
1293,39,B
1294,40,C
1295,41,D
1296,42,A
1297,43,B
1298,44,C
1299,45,D
1300,46,A
1301,47,B
1302,48,C
1303,49,D
1304,50,A
1305,51,B
1306,52,C
1307,53,D
1308,54,A
1309,55,B
1310,56,C
1311,57,D
1312,58,A
1313,59,B
1314,60,C
1315,61,D
1316,62,A
1317,63,B
1318,64,C
1319,65,D
1320,66,A
1321,67,B
1322,68,C
1323,69,D
1324,70,A
1325,18,B
1326,19,C
1327,20,D
1328,21,A
1329,22,B
1330,23,C
1331,24,D
1332,25,A
1333,26,B
1336,29,A
1337,30,B
1338,31,C
1339,32,D
1340,33,A
1341,34,B
1342,35,C
1343,36,D
1344,37,A
1345,38,B
1346,39,C
1347,40,D
1348,41,A
1349,42,B
1350,43,C
1351,44,D
1352,45,A
1353,46,B
1355,48,D
1356,49,A
1358,51,C
1359,52,D
1360,53,A
1361,54,B
1364,57,A
1365,58,B
1366,59,C
1368,61,A
1369,62,B
1370,63,C
1372,65,A
1373,66,B
1374,67,C
1375,68,D
1376,69,A
1377,70,B
1378,18,C
1379,19,D
1380,20,A
1381,21,B
1382,22,C
1383,23,D
1384,24,A
1385,25,B
1386,26,C
1387,27,D
1388,28,A
1389,29,B
1390,30,C
1391,31,D
1392,32,A
1393,33,B
1394,34,C
1395,35,D
1396,36,A
1397,37,B
1398,38,C
1399,39,D
1400,40,A
1401,41,B
1402,42,C
1403,43,D
1404,44,A
1405,45,B
1406,46,C
1407,47,D
1408,48,A
1409,49,B
1410,50,C
1411,51,D
1412,52,A
1413,53,B
1414,54,C
1415,55,D
1416,56,A
1417,57,B
1418,58,C
1419,59,D
1420,60,A
1422,62,C
1423,63,D
1424,64,A
1425,65,B
1426,66,C
1427,67,D
1428,68,A
1429,69,B
1430,70,C
1431,18,D
1432,19,A
1433,20,B
1434,21,C
1435,22,D
1436,23,A
1437,24,B
1438,25,C
1439,26,D
1440,27,A
1441,28,B
1442,29,C
1443,30,D
1444,31,A
1445,32,B
1446,33,C
1447,34,D
1448,35,A
1449,36,B
1450,37,C
1451,38,D
1452,39,A
1453,40,B
1454,41,C
1455,42,D
1456,43,A
1457,44,B
1458,45,C
1459,46,D
1460,47,A
1461,48,B
1462,49,C
1463,50,D
1464,51,A
1465,52,B
1466,53,C
1467,54,D
1468,55,A
1469,56,B
1470,57,C
1471,58,D
1472,59,A
1473,60,B
1474,61,C
1475,62,D
1476,63,A
1477,64,B
1478,65,C
1479,66,D
1480,67,A
1481,68,B
1482,69,C
1483,70,D
1484,18,A
1485,19,B
1486,20,C
1487,21,D
1488,22,A
1489,23,B
1490,24,C
1491,25,D
1492,26,A
1493,27,B
1494,28,C
1495,29,D
1496,30,A
1497,31,B
1498,32,C
1499,33,D
1500,34,A
1501,35,B
1502,36,C
1503,37,D
1504,38,A
1505,39,B
1506,40,C
1507,41,D
1508,42,A
1509,43,B
1510,44,C
1511,45,D
1512,46,A
1513,47,B
1514,48,C
1515,49,D
1516,50,A
1517,51,B
1518,52,C
1519,53,D
1520,54,A
1521,55,B
1522,56,C
1523,57,D
1524,58,A
1525,59,B
1526,60,C
1527,61,D
1528,62,A
1529,63,B
1530,64,C
1531,65,D
1532,66,A
1533,67,B
1534,68,C
1535,69,D
1536,70,A
1537,18,B
1538,19,C
1539,20,D
1540,21,A
1541,22,B
1542,23,C
1543,24,D
1544,25,A
1545,26,B
1546,27,C
1547,28,D
1548,29,A
1549,30,B
1550,31,C
1551,32,D
1552,33,A
1553,34,B
1554,35,C
1555,36,D
1556,37,A
1557,38,B
1558,39,C
1559,40,D
1560,41,A
1561,42,B
1562,43,C
1563,44,D
1564,45,A
1565,46,B
1566,47,C
1567,48,D
1568,49,A
1569,50,B
1570,51,C
1572,53,A
1573,54,B
1574,55,C
1575,56,D
1576,57,A
1577,58,B
1578,59,C
1579,60,D
1580,61,A
1581,62,B
1582,63,C
1583,64,D
1584,65,A
1586,67,C
1587,68,D
1589,70,B
1590,18,C
1592,20,A
1593,21,B
1594,22,C
1595,23,D
1596,24,A
1597,25,B
1598,26,C
1600,28,A
1601,29,B
1602,30,C
1604,32,A
1605,33,B
1606,34,C
1607,35,D
1608,36,A
1609,37,B
1610,38,C
1611,39,D
1612,40,A
1613,41,B
1614,42,C
1615,43,D
1616,44,A
1617,45,B
1618,46,C
1619,47,D
1620,48,A
1621,49,B
1622,50,C
1623,51,D
1624,52,A
1625,53,B
1626,54,C
1627,55,D
1628,56,A
1629,57,B
1630,58,C
1631,59,D
1632,60,A
1633,61,B
1634,62,C
1635,63,D
1636,64,A
1637,65,B
1638,66,C
1639,67,D
1640,68,A
1641,69,B
1642,70,C
1643,18,D
1644,19,A
1645,20,B
1646,21,C
1647,22,D
1648,23,A
1649,24,B
1650,25,C
1651,26,D
1652,27,A
1653,28,B
1654,29,C
1655,30,D
1656,31,A
1657,32,B
1658,33,C
1659,34,D
1660,35,A
1661,36,B
1662,37,C
1663,38,D
1664,39,A
1665,40,B
1666,41,C
1667,42,D
1668,43,A
1669,44,B
1670,45,C
1671,46,D
1672,47,A
1673,48,B
1674,49,C
1675,50,D
1676,51,A
1677,52,B
1678,53,C
1679,54,D
1680,55,A
1681,56,B
1682,57,C
1683,58,D
1684,59,A
1686,61,C
1687,62,D
1688,63,A
1689,64,B
1690,65,C
1691,66,D
1692,67,A
1694,69,C
1695,70,D
1696,18,A
1697,19,B
1699,21,D
1700,22,A
1701,23,B
1702,24,C
1703,25,D
1704,26,A
1705,27,B
1706,28,C
1707,29,D
1708,30,A
1709,31,B
1710,32,C
1712,34,A
1713,35,B
1714,36,C
1715,37,D
1716,38,A
1717,39,B
1718,40,C
1719,41,D
1720,42,A
1721,43,B
1722,44,C
1724,46,A
1725,47,B
1726,48,C
1727,49,D
1728,50,A
1729,51,B
1730,52,C
1731,53,D
1732,54,A
1733,55,B
1734,56,C
1735,57,D
1736,58,A
1737,59,B
1738,60,C
1740,62,A
1741,63,B
1742,64,C
1743,65,D
1745,67,B
1746,68,C
1747,69,D
1748,70,A
1749,18,B
1750,19,C
1751,20,D
1752,21,A
1753,22,B
1754,23,C
1755,24,D
1756,25,A
1757,26,B
1758,27,C
1759,28,D
1760,29,A
1761,30,B
1762,31,C
1763,32,D
1764,33,A
1765,34,B
1766,35,C
1767,36,D
1768,37,A
1769,38,B
1770,39,C
1772,41,A
1773,42,B
1774,43,C
1775,44,D
1776,45,A
1777,46,B
1778,47,C
1779,48,D
1780,49,A
1782,51,C
1783,52,D
1784,53,A
1785,54,B
1786,55,C
1787,56,D
1788,57,A
1789,58,B
1790,59,C
1792,61,A
1794,63,C
1795,64,D
1796,65,A
1797,66,B
1798,67,C
1799,68,D
1800,69,A
1801,70,B
1802,18,C
1803,19,D
1804,20,A
1805,21,B
1806,22,C
1807,23,D
1808,24,A
1809,25,B
1810,26,C
1811,27,D
1812,28,A
1813,29,B
1814,30,C
1815,31,D
1816,32,A
1817,33,B
1818,34,C
1819,35,D
1820,36,A
1821,37,B
1822,38,C
1823,39,D
1824,40,A
1826,42,C
1827,43,D
1828,44,A
1829,45,B
1830,46,C
1831,47,D
1832,48,A
1833,49,B
1834,50,C
1835,51,D
1836,52,A
1838,54,C
1839,55,D
1840,56,A
1841,57,B
1843,59,D
1844,60,A
1845,61,B
1846,62,C
1847,63,D
1848,64,A
1849,65,B
1850,66,C
1851,67,D
1852,68,A
1853,69,B
1855,18,D
1856,19,A
1857,20,B
1858,21,C
1859,22,D
1860,23,A
1861,24,B
1862,25,C
1863,26,D
1864,27,A
1865,28,B
1866,29,C
1867,30,D
1869,32,B
1870,33,C
1871,34,D
1872,35,A
1873,36,B
1874,37,C
1875,38,D
1876,39,A
1877,40,B
1878,41,C
1879,42,D
1881,44,B
1882,45,C
1883,46,D
1884,47,A
1885,48,B
1887,50,D
1888,51,A
1890,53,C
1891,54,D
1892,55,A
1893,56,B
1894,57,C
1895,58,D
1896,59,A
1897,60,B
1898,61,C
1899,62,D
1900,63,A
1901,64,B
1902,65,C
1903,66,D
1904,67,A
1905,68,B
1906,69,C
1907,70,D
1908,18,A
1909,19,B
1910,20,C
1911,21,D
1912,22,A
1913,23,B
1914,24,C
1915,25,D
1916,26,A
1917,27,B
1918,28,C
1919,29,D
1920,30,A
1921,31,B
1922,32,C
1923,33,D
1925,35,B
1926,36,C
1927,37,D
1928,38,A
1929,39,B
1930,40,C
1931,41,D
1933,43,B
1934,44,C
1935,45,D
1936,46,A
1937,47,B
1938,48,C
1939,49,D
1940,50,A
1941,51,B
1942,52,C
1943,53,D
1944,54,A
1945,55,B
1946,56,C
1947,57,D
1948,58,A
1949,59,B
1950,60,C
1951,61,D
1953,63,B
1954,64,C
1955,65,D
1956,66,A
1958,68,C
1959,69,D
1960,70,A
1961,18,B
1962,19,C
1963,20,D
1964,21,A
1965,22,B
1966,23,C
1967,24,D
1968,25,A
1969,26,B
1970,27,C
1971,28,D
1972,29,A
1974,31,C
1975,32,D
1976,33,A
1978,35,C
1979,36,D
1980,37,A
1981,38,B
1982,39,C
1983,40,D
1984,41,A
1985,42,B
1986,43,C
1988,45,A
1989,46,B
1990,47,C
1991,48,D
1992,49,A
1993,50,B
1994,51,C
1995,52,D
1996,53,A
1997,54,B
1998,55,C
2000,57,A
2001,58,B
2002,59,C
2003,60,D
2004,61,A
2006,63,C
2007,64,D
2008,65,A
2009,66,B
2010,67,C
2013,70,B
2014,18,C
2016,20,A
2017,21,B
2019,23,D
2022,26,C
2023,27,D
2024,28,A
2025,29,B
2026,30,C
2027,31,D
2028,32,A
2029,33,B
2030,34,C
2031,35,D
2032,36,A
2033,37,B
2034,38,C
2035,39,D
2036,40,A
2037,41,B
2038,42,C
2039,43,D
2040,44,A
2041,45,B
2042,46,C
2043,47,D
2044,48,A
2045,49,B
2046,50,C
2047,51,D
2048,52,A
2049,53,B
2050,54,C
2051,55,D
2052,56,A
2053,57,B
2054,58,C
2055,59,D
2056,60,A
2057,61,B
2058,62,C
2059,63,D
2060,64,A
2061,65,B
2062,66,C
2063,67,D
2064,68,A
2065,69,B
2066,70,C
2067,18,D
2068,19,A
2069,20,B
2070,21,C
2071,22,D
2072,23,A
2073,24,B
2074,25,C
2075,26,D
2076,27,A
2077,28,B
2078,29,C
2079,30,D
2080,31,A
2081,32,B
2082,33,C
2083,34,D
2084,35,A
2085,36,B
2086,37,C
2088,39,A
2089,40,B
2090,41,C
2091,42,D
2092,43,A
2093,44,B
2094,45,C
2095,46,D
2096,47,A
2097,48,B
2098,49,C
2099,50,D
2100,51,A
2101,52,B
2102,53,C
2103,54,D
2104,55,A
2105,56,B
2106,57,C
2107,58,D
2108,59,A
2109,60,B
2110,61,C
2111,62,D
2112,63,A
2113,64,B
2114,65,C
2115,66,D
2116,67,A
2117,68,B
2118,69,C
2119,70,D
2120,18,A
2121,19,B
2122,20,C
2123,21,D
2124,22,A
2126,24,C
2127,25,D
2128,26,A
2129,27,B
2130,28,C
2131,29,D
2133,31,B
2136,34,A
2137,35,B
2138,36,C
2139,37,D
2140,38,A
2142,40,C
2143,41,D
2144,42,A
2145,43,B
2146,44,C
2147,45,D
2148,46,A
2149,47,B
2150,48,C
2151,49,D
2152,50,A
2153,51,B
2154,52,C
2155,53,D
2156,54,A
2157,55,B
2158,56,C
2159,57,D
2160,58,A
2161,59,B
2162,60,C
2163,61,D
2164,62,A
2165,63,B
2166,64,C
2167,65,D
2168,66,A
2169,67,B
2170,68,C
2171,69,D
2172,70,A
2173,18,B
2174,19,C
2175,20,D
2176,21,A
2177,22,B
2178,23,C
2179,24,D
2180,25,A
2181,26,B
2182,27,C
2183,28,D
2184,29,A
2185,30,B
2186,31,C
2187,32,D
2188,33,A
2189,34,B
2190,35,C
2191,36,D
2192,37,A
2193,38,B
2194,39,C
2195,40,D
2196,41,A
2197,42,B
2198,43,C
2199,44,D
2200,45,A
2201,46,B
2202,47,C
2203,48,D
2204,49,A
2205,50,B
2206,51,C
2207,52,D
2208,53,A
2209,54,B
2211,56,D
2212,57,A
2213,58,B
2214,59,C
2215,60,D
2216,61,A
2217,62,B
2218,63,C
2219,64,D
2220,65,A
2221,66,B
2222,67,C
2223,68,D
2224,69,A
2225,70,B
2226,18,C
2227,19,D
2228,20,A
2229,21,B
2230,22,C
2231,23,D
2232,24,A
2233,25,B
2234,26,C
2235,27,D
2236,28,A
2237,29,B
2238,30,C
2239,31,D
2240,32,A
2241,33,B
2242,34,C
2243,35,D
2244,36,A
2245,37,B
2246,38,C
2247,39,D
2248,40,A
2249,41,B
2250,42,C
2251,43,D
2252,44,A
2253,45,B
2254,46,C
2255,47,D
2256,48,A
2257,49,B
2258,50,C
2259,51,D
2260,52,A
2261,53,B
2263,55,D
2264,56,A
2265,57,B
2267,59,D
2268,60,A
2269,61,B
2270,62,C
2271,63,D
2272,64,A
2274,66,C
2275,67,D
2276,68,A
2277,69,B
2278,70,C
2279,18,D
2280,19,A
2281,20,B
2282,21,C
2284,23,A
2285,24,B
2286,25,C
2287,26,D
2288,27,A
2289,28,B
2290,29,C
2291,30,D
2292,31,A
2293,32,B
2294,33,C
2296,35,A
2300,39,A
2301,40,B
2302,41,C
2303,42,D
2305,44,B
2306,45,C
2307,46,D
2308,47,A
2309,48,B
2310,49,C
2311,50,D
2312,51,A
2313,52,B
2314,53,C
2315,54,D
2316,55,A
2317,56,B
2318,57,C
2319,58,D
2320,59,A
2321,60,B
2322,61,C
2323,62,D
2324,63,A
2325,64,B
2326,65,C
2327,66,D
2328,67,A
2329,68,B
2330,69,C
2331,70,D
2332,18,A
2333,19,B
2334,20,C
2335,21,D
2336,22,A
2337,23,B
2338,24,C
2339,25,D
2340,26,A
2341,27,B
2342,28,C
2343,29,D
2344,30,A
2345,31,B
2347,33,D
2348,34,A
2349,35,B
2350,36,C
2351,37,D
2352,38,A
2353,39,B
2356,42,A
2357,43,B
2358,44,C
2360,46,A
2361,47,B
2362,48,C
2363,49,D
2364,50,A
2365,51,B
2366,52,C
2367,53,D
2368,54,A
2369,55,B
2370,56,C
2371,57,D
2372,58,A
2373,59,B
2374,60,C
2375,61,D
2376,62,A
2377,63,B
2378,64,C
2379,65,D
2380,66,A
2381,67,B
2382,68,C
2383,69,D
2384,70,A
2385,18,B
2386,19,C
2387,20,D
2388,21,A
2389,22,B
2390,23,C
2391,24,D
2392,25,A
2393,26,B
2394,27,C
2395,28,D
2396,29,A
2397,30,B
2398,31,C
2400,33,A
2401,34,B
2402,35,C
2403,36,D
2404,37,A
2405,38,B
2406,39,C
2407,40,D
2408,41,A
2409,42,B
2410,43,C
2411,44,D
2412,45,A
2413,46,B
2414,47,C
2415,48,D
2417,50,B
2418,51,C
2419,52,D
2420,53,A
2421,54,B
2422,55,C
2423,56,D
2424,57,A
2425,58,B
2426,59,C
2427,60,D
2428,61,A
2429,62,B
2430,63,C
2431,64,D
2432,65,A
2433,66,B
2434,67,C
2435,68,D
2436,69,A
2437,70,B
2438,18,C
2439,19,D
2440,20,A
2441,21,B
2442,22,C
2444,24,A
2445,25,B
2446,26,C
2448,28,A
2449,29,B
2450,30,C
2451,31,D
2452,32,A
2453,33,B
2454,34,C
2455,35,D
2456,36,A
2457,37,B
2458,38,C
2459,39,D
2460,40,A
2461,41,B
2462,42,C
2463,43,D
2464,44,A
2465,45,B
2466,46,C
2467,47,D
2468,48,A
2469,49,B
2470,50,C
2471,51,D
2472,52,A
2474,54,C
2475,55,D
2476,56,A
2477,57,B
2478,58,C
2479,59,D
2480,60,A
2481,61,B
2482,62,C
2483,63,D
2484,64,A
2485,65,B
2487,67,D
2488,68,A
2489,69,B
2490,70,C
2491,18,D
2492,19,A
2493,20,B
2494,21,C
2495,22,D
2496,23,A
2497,24,B
2498,25,C
2499,26,D
2500,27,A
2501,28,B
2502,29,C
2503,30,D
2504,31,A
2505,32,B
2506,33,C
2507,34,D
2508,35,A
2509,36,B
2510,37,C
2511,38,D
2512,39,A
2513,40,B
2514,41,C
2515,42,D
2516,43,A
2517,44,B
2518,45,C
2520,47,A
2521,48,B
2522,49,C
2525,52,B
2526,53,C
2527,54,D
2528,55,A
2529,56,B
2530,57,C
2531,58,D
2533,60,B
2534,61,C
2535,62,D
2536,63,A
2537,64,B
2538,65,C
2539,66,D
2540,67,A
2541,68,B
2542,69,C
2543,70,D
2544,18,A
2545,19,B
2546,20,C
2547,21,D
2548,22,A
2549,23,B
2550,24,C
2551,25,D
2552,26,A
2553,27,B
2554,28,C
2555,29,D
2556,30,A
2557,31,B
2558,32,C
2559,33,D
2560,34,A
2561,35,B
2562,36,C
2563,37,D
2564,38,A
2565,39,B
2566,40,C
2567,41,D
2569,43,B
2570,44,C
2571,45,D
2572,46,A
2573,47,B
2574,48,C
2575,49,D
2576,50,A
2577,51,B
2578,52,C
2579,53,D
2580,54,A
2581,55,B
2582,56,C
2583,57,D
2584,58,A
2585,59,B
2586,60,C
2587,61,D
2588,62,A
2589,63,B
2590,64,C
2591,65,D
2592,66,A
2593,67,B
2594,68,C
2595,69,D
2596,70,A
2597,18,B
2598,19,C
2599,20,D
2600,21,A
2601,22,B
2602,23,C
2603,24,D
2604,25,A
2605,26,B
2606,27,C
2607,28,D
2608,29,A
2609,30,B
2610,31,C
2611,32,D
2612,33,A
2613,34,B
2614,35,C
2615,36,D
2617,38,B
2618,39,C
2619,40,D
2621,42,B
2622,43,C
2623,44,D
2624,45,A
2625,46,B
2626,47,C
2627,48,D
2628,49,A
2629,50,B
2630,51,C
2631,52,D
2632,53,A
2633,54,B
2634,55,C
2635,56,D
2636,57,A
2637,58,B
2638,59,C
2639,60,D
2640,61,A
2641,62,B
2642,63,C
2643,64,D
2644,65,A
2645,66,B
2646,67,C
2647,68,D
2648,69,A
2649,70,B
2650,18,C
2651,19,D
2652,20,A
2653,21,B
2654,22,C
2655,23,D
2656,24,A
2657,25,B
2658,26,C
2659,27,D
2660,28,A
2661,29,B
2662,30,C
2666,34,C
2667,35,D
2669,37,B
2670,38,C
2671,39,D
2672,40,A
2673,41,B
2674,42,C
2675,43,D
2676,44,A
2678,46,C
2679,47,D
2680,48,A
2681,49,B
2682,50,C
2684,52,A
2685,53,B
2686,54,C
2687,55,D
2688,56,A
2689,57,B
2690,58,C
2691,59,D
2692,60,A
2693,61,B
2694,62,C
2695,63,D
2696,64,A
2697,65,B
2698,66,C
2699,67,D
2700,68,A
2701,69,B
2702,70,C
2703,18,D
2704,19,A
2705,20,B
2706,21,C
2707,22,D
2708,23,A
2709,24,B
2710,25,C
2711,26,D
2712,27,A
2713,28,B
2714,29,C
2715,30,D
2716,31,A
2717,32,B
2718,33,C
2719,34,D
2721,36,B
2722,37,C
2723,38,D
2724,39,A
2725,40,B
2726,41,C
2727,42,D
2728,43,A
2729,44,B
2730,45,C
2731,46,D
2732,47,A
2733,48,B
2734,49,C
2735,50,D
2736,51,A
2739,54,D
2740,55,A
2741,56,B
2742,57,C
2743,58,D
2744,59,A
2746,61,C
2747,62,D
2748,63,A
2749,64,B
2750,65,C
2751,66,D
2752,67,A
2753,68,B
2754,69,C
2755,70,D
2756,18,A
2757,19,B
2758,20,C
2759,21,D
2761,23,B
2762,24,C
2763,25,D
2764,26,A
2765,27,B
2766,28,C
2767,29,D
2768,30,A
2769,31,B
2770,32,C
2771,33,D
2772,34,A
2773,35,B
2774,36,C
2775,37,D
2777,39,B
2778,40,C
2779,41,D
2780,42,A
2781,43,B
2782,44,C
2783,45,D
2784,46,A
2785,47,B
2786,48,C
2787,49,D
2788,50,A
2789,51,B
2790,52,C
2791,53,D
2792,54,A
2793,55,B
2794,56,C
2795,57,D
2796,58,A
2797,59,B
2798,60,C
2799,61,D
2800,62,A
2801,63,B
2802,64,C
2803,65,D
2804,66,A
2805,67,B
2808,70,A
2809,18,B
2810,19,C
2811,20,D
2812,21,A
2813,22,B
2814,23,C
2815,24,D
2816,25,A
2817,26,B
2818,27,C
2819,28,D
2820,29,A
2821,30,B
2822,31,C
2823,32,D
2824,33,A
2826,35,C
2827,36,D
2829,38,B
2832,41,A
2833,42,B
2835,44,D
2836,45,A
2838,47,C
2839,48,D
2840,49,A
2842,51,C
2843,52,D
2845,54,B
2846,55,C
2847,56,D
2848,57,A
2849,58,B
2850,59,C
2851,60,D
2852,61,A
2853,62,B
2854,63,C
2855,64,D
2856,65,A
2857,66,B
2858,67,C
2859,68,D
2860,69,A
2861,70,B
2862,18,C
2863,19,D
2864,20,A
2865,21,B
2866,22,C
2867,23,D
2868,24,A
2869,25,B
2870,26,C
2871,27,D
2872,28,A
2873,29,B
2877,33,B
2878,34,C
2879,35,D
2881,37,B
2882,38,C
2883,39,D
2884,40,A
2885,41,B
2887,43,D
2888,44,A
2889,45,B
2890,46,C
2891,47,D
2892,48,A
2893,49,B
2894,50,C
2895,51,D
2896,52,A
2897,53,B
2898,54,C
2899,55,D
2900,56,A
2901,57,B
2902,58,C
2903,59,D
2904,60,A
2905,61,B
2906,62,C
2907,63,D
2908,64,A
2909,65,B
2910,66,C
2912,68,A
2913,69,B
2914,70,C
2915,18,D
2916,19,A
2917,20,B
2918,21,C
2919,22,D
2920,23,A
2921,24,B
2922,25,C
2923,26,D
2924,27,A
2925,28,B
2927,30,D
2928,31,A
2929,32,B
2930,33,C
2931,34,D
2932,35,A
2933,36,B
2934,37,C
2935,38,D
2936,39,A
2937,40,B
2938,41,C
2939,42,D
2940,43,A
2941,44,B
2942,45,C
2943,46,D
2944,47,A
2945,48,B
2946,49,C
2947,50,D
2948,51,A
2949,52,B
2950,53,C
2951,54,D
2952,55,A
2953,56,B
2954,57,C
2955,58,D
2956,59,A
2957,60,B
2958,61,C
2959,62,D
2960,63,A
2961,64,B
2962,65,C
2963,66,D
2964,67,A
2965,68,B
2966,69,C
2967,70,D
2968,18,A
2969,19,B
2970,20,C
2971,21,D
2972,22,A
2973,23,B
2974,24,C
2975,25,D
2976,26,A
2977,27,B
2978,28,C
2979,29,D
2980,30,A
2981,31,B
2982,32,C
2983,33,D
2984,34,A
2985,35,B
2986,36,C
2987,37,D
2988,38,A
2989,39,B
2990,40,C
2991,41,D
2992,42,A
2993,43,B
2994,44,C
2995,45,D
2998,48,C
2999,49,D
3000,50,A
3001,51,B
3002,52,C
3003,53,D
3004,54,A
3005,55,B
3006,56,C
3007,57,D
3009,59,B
3010,60,C
3011,61,D
3012,62,A
3013,63,B
3014,64,C
3015,65,D
3016,66,A
3018,68,C
3019,69,D
3021,18,B
3022,19,C
3023,20,D
3024,21,A
3026,23,C
3027,24,D
3028,25,A
3030,27,C
3031,28,D
3032,29,A
3033,30,B
3034,31,C
3035,32,D
3036,33,A
3037,34,B
3038,35,C
3039,36,D
3040,37,A
3041,38,B
3042,39,C
3043,40,D
3044,41,A
3045,42,B
3046,43,C
3047,44,D
3048,45,A
3049,46,B
3051,48,D
3052,49,A
3053,50,B
3054,51,C
3055,52,D
3056,53,A
3057,54,B
3058,55,C
3059,56,D
3060,57,A
3061,58,B
3062,59,C
3063,60,D
3064,61,A
3065,62,B
3066,63,C
3067,64,D
3068,65,A
3069,66,B
3070,67,C
3071,68,D
3072,69,A
3073,70,B
3074,18,C
3075,19,D
3076,20,A
3077,21,B
3079,23,D
3080,24,A
3081,25,B
3082,26,C
3083,27,D
3084,28,A
3085,29,B
3086,30,C
3087,31,D
3088,32,A
3089,33,B
3090,34,C
3091,35,D
3092,36,A
3093,37,B
3094,38,C
3095,39,D
3096,40,A
3097,41,B
3098,42,C
3099,43,D
3100,44,A
3101,45,B
3102,46,C
3103,47,D
3104,48,A
3105,49,B
3106,50,C
3107,51,D
3108,52,A
3109,53,B
3110,54,C
3111,55,D
3112,56,A
3113,57,B
3114,58,C
3115,59,D
3116,60,A
3117,61,B
3118,62,C
3119,63,D
3120,64,A
3121,65,B
3122,66,C
3123,67,D
3124,68,A
3125,69,B
3126,70,C
3127,18,D
3128,19,A
3129,20,B
3130,21,C
3131,22,D
3132,23,A
3133,24,B
3134,25,C
3135,26,D
3136,27,A
3137,28,B
3138,29,C
3139,30,D
3140,31,A
3141,32,B
3142,33,C
3143,34,D
3144,35,A
3145,36,B
3146,37,C
3147,38,D
3148,39,A
3149,40,B
3150,41,C
3151,42,D
3152,43,A
3153,44,B
3154,45,C
3155,46,D
3156,47,A
3157,48,B
3158,49,C
3159,50,D
3160,51,A
3161,52,B
3162,53,C
3163,54,D
3164,55,A
3165,56,B
3166,57,C
3167,58,D
3168,59,A
3169,60,B
3170,61,C
3171,62,D
3172,63,A
3173,64,B
3174,65,C
3175,66,D
3176,67,A
3177,68,B
3178,69,C
3179,70,D
3180,18,A
3181,19,B
3182,20,C
3183,21,D
3184,22,A
3185,23,B
3186,24,C
3187,25,D
3188,26,A
3189,27,B
3190,28,C
3191,29,D
3192,30,A
3193,31,B
3195,33,D
3196,34,A
3197,35,B
3198,36,C
3199,37,D
3200,38,A
3201,39,B
3202,40,C
3203,41,D
3204,42,A
3205,43,B
3206,44,C
3207,45,D
3208,46,A
3209,47,B
3210,48,C
3211,49,D
3212,50,A
3213,51,B
3215,53,D
3216,54,A
3217,55,B
3218,56,C
3219,57,D
3220,58,A
3221,59,B
3222,60,C
3223,61,D
3224,62,A
3225,63,B
3226,64,C
3227,65,D
3228,66,A
3229,67,B
3231,69,D
3232,70,A
3233,18,B
3234,19,C
3235,20,D
3236,21,A
3238,23,C
3239,24,D
3240,25,A
3241,26,B
3243,28,D
3244,29,A
3245,30,B
3248,33,A
3249,34,B
3250,35,C
3251,36,D
3252,37,A
3253,38,B
3254,39,C
3255,40,D
3256,41,A
3257,42,B
3258,43,C
3259,44,D
3260,45,A
3261,46,B
3262,47,C
3263,48,D
3264,49,A
3265,50,B
3266,51,C
3267,52,D
3268,53,A
3269,54,B
3270,55,C
3271,56,D
3272,57,A
3273,58,B
3274,59,C
3275,60,D
3276,61,A
3277,62,B
3278,63,C
3279,64,D
3280,65,A
3281,66,B
3282,67,C
3283,68,D
3284,69,A
3285,70,B
3286,18,C
3287,19,D
3289,21,B
3290,22,C
3291,23,D
3292,24,A
3293,25,B
3294,26,C
3295,27,D
3296,28,A
3297,29,B
3298,30,C
3299,31,D
3300,32,A
3301,33,B
3302,34,C
3304,36,A
3305,37,B
3306,38,C
3308,40,A
3309,41,B
3310,42,C
3311,43,D
3312,44,A
3313,45,B
3314,46,C
3315,47,D
3316,48,A
3317,49,B
3318,50,C
3319,51,D
3321,53,B
3322,54,C
3323,55,D
3324,56,A
3325,57,B
3326,58,C
3327,59,D
3328,60,A
3329,61,B
3331,63,D
3332,64,A
3333,65,B
3337,69,B
3338,70,C
3339,18,D
3340,19,A
3341,20,B
3343,22,D
3344,23,A
3345,24,B
3346,25,C
3347,26,D
3349,28,B
3350,29,C
3351,30,D
3352,31,A
3353,32,B
3354,33,C
3356,35,A
3357,36,B
3358,37,C
3359,38,D
3360,39,A
3361,40,B
3362,41,C
3363,42,D
3364,43,A
3365,44,B
3366,45,C
3367,46,D
3368,47,A
3369,48,B
3370,49,C
3371,50,D
3372,51,A
3373,52,B
3374,53,C
3375,54,D
3376,55,A
3377,56,B
3378,57,C
3379,58,D
3380,59,A
3381,60,B
3382,61,C
3383,62,D
3384,63,A
3385,64,B
3386,65,C
3387,66,D
3388,67,A
3389,68,B
3391,70,D
3392,18,A
3393,19,B
3394,20,C
3395,21,D
3396,22,A
3397,23,B
3398,24,C
3399,25,D
3400,26,A
3401,27,B
3402,28,C
3403,29,D
3404,30,A
3405,31,B
3407,33,D
3409,35,B
3410,36,C
3411,37,D
3412,38,A
3413,39,B
3414,40,C
3415,41,D
3416,42,A
3417,43,B
3418,44,C
3419,45,D
3420,46,A
3421,47,B
3422,48,C
3423,49,D
3424,50,A
3425,51,B
3426,52,C
3427,53,D
3428,54,A
3429,55,B
3430,56,C
3431,57,D
3432,58,A
3433,59,B
3434,60,C
3435,61,D
3436,62,A
3437,63,B
3438,64,C
3439,65,D
3440,66,A
3441,67,B
3442,68,C
3443,69,D
3444,70,A
3445,18,B
3447,20,D
3448,21,A
3449,22,B
3450,23,C
3451,24,D
3452,25,A
3453,26,B
3454,27,C
3455,28,D
3456,29,A
3457,30,B
3458,31,C
3459,32,D
3460,33,A
3461,34,B
3462,35,C
3463,36,D
3464,37,A
3465,38,B
3466,39,C
3467,40,D
3468,41,A
3470,43,C
3473,46,B
3474,47,C
3475,48,D
3476,49,A
3477,50,B
3479,52,D
3480,53,A
3482,55,C
3483,56,D
3484,57,A
3485,58,B
3487,60,D
3488,61,A
3489,62,B
3490,63,C
3491,64,D
3492,65,A
3493,66,B
3495,68,D
3496,69,A
3497,70,B
3498,18,C
3499,19,D
3500,20,A
3501,21,B
3502,22,C
3503,23,D
3504,24,A
3505,25,B
3506,26,C
3507,27,D
3508,28,A
3509,29,B
3510,30,C
3511,31,D
3512,32,A
3513,33,B
3514,34,C
3515,35,D
3517,37,B
3518,38,C
3519,39,D
3520,40,A
3521,41,B
3522,42,C
3523,43,D
3524,44,A
3525,45,B
3526,46,C
3527,47,D
3530,50,C
3531,51,D
3532,52,A
3533,53,B
3534,54,C
3535,55,D
3536,56,A
3537,57,B
3538,58,C
3539,59,D
3540,60,A
3541,61,B
3542,62,C
3543,63,D
3544,64,A
3545,65,B
3546,66,C
3547,67,D
3548,68,A
3549,69,B
3550,70,C
3551,18,D
3552,19,A
3553,20,B
3554,21,C
3555,22,D
3556,23,A
3557,24,B
3558,25,C
3559,26,D
3560,27,A
3561,28,B
3562,29,C
3563,30,D
3564,31,A
3565,32,B
3567,34,D
3568,35,A
3569,36,B
3570,37,C
3572,39,A
3573,40,B
3574,41,C
3575,42,D
3576,43,A
3577,44,B
3578,45,C
3579,46,D
3580,47,A
3581,48,B
3582,49,C
3583,50,D
3584,51,A
3585,52,B
3586,53,C
3587,54,D
3588,55,A
3589,56,B
3590,57,C
3591,58,D
3592,59,A
3593,60,B
3594,61,C
3595,62,D
3596,63,A
3597,64,B
3599,66,D
3600,67,A
3601,68,B
3602,69,C
3603,70,D
3604,18,A
3605,19,B
3606,20,C
3607,21,D
3608,22,A
3611,25,D
3612,26,A
3613,27,B
3615,29,D
3616,30,A
3617,31,B
3618,32,C
3619,33,D
3620,34,A
3621,35,B
3622,36,C
3623,37,D
3624,38,A
3625,39,B
3626,40,C
3629,43,B
3630,44,C
3631,45,D
3632,46,A
3633,47,B
3634,48,C
3635,49,D
3636,50,A
3637,51,B
3639,53,D
3640,54,A
3641,55,B
3642,56,C
3643,57,D
3644,58,A
3646,60,C
3647,61,D
3648,62,A
3649,63,B
3650,64,C
3652,66,A
3655,69,D
3656,70,A
3657,18,B
3658,19,C
3659,20,D
3660,21,A
3662,23,C
3663,24,D
3664,25,A
3665,26,B
3666,27,C
3667,28,D
3668,29,A
3669,30,B
3672,33,A
3673,34,B
3674,35,C
3675,36,D
3676,37,A
3677,38,B
3678,39,C
3679,40,D
3680,41,A
3681,42,B
3682,43,C
3683,44,D
3684,45,A
3685,46,B
3686,47,C
3687,48,D
3688,49,A
3689,50,B
3690,51,C
3691,52,D
3692,53,A
3693,54,B
3694,55,C
3695,56,D
3696,57,A
3697,58,B
3700,61,A
3701,62,B
3702,63,C
3703,64,D
3704,65,A
3706,67,C
3707,68,D
3708,69,A
3709,70,B
3710,18,C
3711,19,D
3712,20,A
3713,21,B
3714,22,C
3715,23,D
3716,24,A
3717,25,B
3718,26,C
3719,27,D
3720,28,A
3721,29,B
3722,30,C
3723,31,D
3724,32,A
3726,34,C
3727,35,D
3728,36,A
3730,38,C
3731,39,D
3732,40,A
3734,42,C
3735,43,D
3736,44,A
3737,45,B
3738,46,C
3743,51,D
3744,52,A
3745,53,B
3748,56,A
3749,57,B
3750,58,C
3751,59,D
3752,60,A
3753,61,B
3754,62,C
3755,63,D
3756,64,A
3757,65,B
3758,66,C
3759,67,D
3760,68,A
3761,69,B
3762,70,C
3763,18,D
3765,20,B
3766,21,C
3767,22,D
3768,23,A
3769,24,B
3770,25,C
3771,26,D
3772,27,A
3773,28,B
3774,29,C
3775,30,D
3777,32,B
3778,33,C
3779,34,D
3780,35,A
3781,36,B
3782,37,C
3783,38,D
3784,39,A
3785,40,B
3787,42,D
3789,44,B
3790,45,C
3792,47,A
3794,49,C
3795,50,D
3797,52,B
3799,54,D
3800,55,A
3801,56,B
3802,57,C
3803,58,D
3805,60,B
3806,61,C
3807,62,D
3808,63,A
3809,64,B
3810,65,C
3811,66,D
3813,68,B
3814,69,C
3816,18,A
3817,19,B
3818,20,C
3820,22,A
3821,23,B
3822,24,C
3823,25,D
3824,26,A
3825,27,B
3826,28,C
3827,29,D
3828,30,A
3829,31,B
3830,32,C
3831,33,D
3832,34,A
3833,35,B
3834,36,C
3835,37,D
3836,38,A
3837,39,B
3838,40,C
3839,41,D
3840,42,A
3841,43,B
3842,44,C
3843,45,D
3844,46,A
3845,47,B
3847,49,D
3848,50,A
3849,51,B
3850,52,C
3851,53,D
3852,54,A
3853,55,B
3854,56,C
3855,57,D
3856,58,A
3857,59,B
3858,60,C
3859,61,D
3860,62,A
3861,63,B
3862,64,C
3863,65,D
3864,66,A
3865,67,B
3866,68,C
3867,69,D
3868,70,A
3869,18,B
3870,19,C
3871,20,D
3872,21,A
3873,22,B
3874,23,C
3875,24,D
3876,25,A
3877,26,B
3878,27,C
3879,28,D
3880,29,A
3881,30,B
3882,31,C
3883,32,D
3884,33,A
3885,34,B
3886,35,C
3887,36,D
3888,37,A
3889,38,B
3890,39,C
3891,40,D
3892,41,A
3893,42,B
3894,43,C
3895,44,D
3896,45,A
3897,46,B
3898,47,C
3899,48,D
3900,49,A
3901,50,B
3902,51,C
3903,52,D
3904,53,A
3905,54,B
3906,55,C
3907,56,D
3909,58,B
3910,59,C
3912,61,A
3913,62,B
3915,64,D
3917,66,B
3918,67,C
3919,68,D
3920,69,A
3921,70,B
3922,18,C
3923,19,D
3924,20,A
3925,21,B
3926,22,C
3927,23,D
3928,24,A
3929,25,B
3930,26,C
3931,27,D
3932,28,A
3933,29,B
3934,30,C
3935,31,D
3936,32,A
3937,33,B
3938,34,C
3939,35,D
3940,36,A
3941,37,B
3942,38,C
3943,39,D
3944,40,A
3945,41,B
3946,42,C
3947,43,D
3948,44,A
3949,45,B
3950,46,C
3951,47,D
3952,48,A
3953,49,B
3954,50,C
3955,51,D
3956,52,A
3957,53,B
3958,54,C
3959,55,D
3960,56,A
3961,57,B
3962,58,C
3963,59,D
3964,60,A
3965,61,B
3966,62,C
3967,63,D
3968,64,A
3969,65,B
3970,66,C
3971,67,D
3972,68,A
3973,69,B
3974,70,C
3975,18,D
3976,19,A
3977,20,B
3978,21,C
3979,22,D
3981,24,B
3982,25,C
3983,26,D
3984,27,A
3985,28,B
3986,29,C
3987,30,D
3988,31,A
3989,32,B
3990,33,C
3991,34,D
3992,35,A
3993,36,B
3994,37,C
3995,38,D
3996,39,A
3997,40,B
3998,41,C
3999,42,D
4000,43,A
4001,44,B
4002,45,C
4003,46,D
4004,47,A
4005,48,B
4006,49,C
4007,50,D
4008,51,A
4009,52,B
4010,53,C
4012,55,A
4013,56,B
4014,57,C
4015,58,D
4016,59,A
4017,60,B
4018,61,C
4019,62,D
4020,63,A
4021,64,B
4022,65,C
4023,66,D
4024,67,A
4025,68,B
4026,69,C
4027,70,D
4028,18,A
4029,19,B
4030,20,C
4031,21,D
4032,22,A
4033,23,B
4034,24,C
4035,25,D
4036,26,A
4037,27,B
4038,28,C
4039,29,D
4040,30,A
4041,31,B
4042,32,C
4043,33,D
4044,34,A
4045,35,B
4046,36,C
4047,37,D
4048,38,A
4049,39,B
4050,40,C
4051,41,D
4052,42,A
4053,43,B
4054,44,C
4055,45,D
4056,46,A
4058,48,C
4059,49,D
4060,50,A
4061,51,B
4062,52,C
4063,53,D
4064,54,A
4065,55,B
4066,56,C
4067,57,D
4068,58,A
4069,59,B
4070,60,C
4071,61,D
4072,62,A
4073,63,B
4075,65,D
4076,66,A
4077,67,B
4078,68,C
4079,69,D
4080,70,A
4081,18,B
4082,19,C
4083,20,D
4084,21,A
4085,22,B
4086,23,C
4087,24,D
4088,25,A
4089,26,B
4090,27,C
4091,28,D
4092,29,A
4093,30,B
4094,31,C
4095,32,D
4096,33,A
4097,34,B
4098,35,C
4099,36,D
4100,37,A
4101,38,B
4102,39,C
4104,41,A
4105,42,B
4106,43,C
4107,44,D
4108,45,A
4109,46,B
4110,47,C
4111,48,D
4112,49,A
4113,50,B
4114,51,C
4115,52,D
4116,53,A
4117,54,B
4118,55,C
4119,56,D
4120,57,A
4121,58,B
4122,59,C
4123,60,D
4124,61,A
4125,62,B
4126,63,C
4127,64,D
4128,65,A
4129,66,B
4130,67,C
4131,68,D
4132,69,A
4133,70,B
4134,18,C
4136,20,A
4139,23,D
4140,24,A
4141,25,B
4142,26,C
4143,27,D
4146,30,C
4147,31,D
4148,32,A
4149,33,B
4150,34,C
4151,35,D
4154,38,C
4155,39,D
4156,40,A
4157,41,B
4158,42,C
4160,44,A
4161,45,B
4162,46,C
4163,47,D
4164,48,A
4165,49,B
4166,50,C
4167,51,D
4168,52,A
4169,53,B
4170,54,C
4171,55,D
4172,56,A
4173,57,B
4174,58,C
4175,59,D
4176,60,A
4177,61,B
4178,62,C
4179,63,D
4180,64,A
4181,65,B
4182,66,C
4183,67,D
4184,68,A
4185,69,B
4186,70,C
4187,18,D
4188,19,A
4190,21,C
4192,23,A
4193,24,B
4194,25,C
4195,26,D
4196,27,A
4197,28,B
4198,29,C
4199,30,D
4200,31,A
4201,32,B
4202,33,C
4203,34,D
4204,35,A
4205,36,B
4206,37,C
4207,38,D
4208,39,A
4209,40,B
4211,42,D
4212,43,A
4214,45,C
4215,46,D
4216,47,A
4217,48,B
4218,49,C
4219,50,D
4220,51,A
4221,52,B
4222,53,C
4223,54,D
4225,56,B
4226,57,C
4227,58,D
4228,59,A
4229,60,B
4230,61,C
4231,62,D
4232,63,A
4234,65,C
4235,66,D
4236,67,A
4237,68,B
4238,69,C
4239,70,D
4242,20,C
4244,22,A
4246,24,C
4247,25,D
4248,26,A
4249,27,B
4251,29,D
4252,30,A
4253,31,B
4255,33,D
4256,34,A
4257,35,B
4259,37,D
4260,38,A
4263,41,D
4265,43,B
4266,44,C
4267,45,D
4269,47,B
4270,48,C
4271,49,D
4272,50,A
4273,51,B
4274,52,C
4276,54,A
4277,55,B
4278,56,C
4279,57,D
4280,58,A
4281,59,B
4282,60,C
4284,62,A
4285,63,B
4287,65,D
4288,66,A
4289,67,B
4290,68,C
4291,69,D
4292,70,A
4293,18,B
4295,20,D
4296,21,A
4297,22,B
4299,24,D
4300,25,A
4302,27,C
4303,28,D
4305,30,B
4306,31,C
4310,35,C
4311,36,D
4312,37,A
4313,38,B
4314,39,C
4315,40,D
4316,41,A
4317,42,B
4318,43,C
4319,44,D
4320,45,A
4321,46,B
4322,47,C
4323,48,D
4324,49,A
4325,50,B
4326,51,C
4327,52,D
4328,53,A
4329,54,B
4330,55,C
4331,56,D
4332,57,A
4333,58,B
4334,59,C
4335,60,D
4336,61,A
4337,62,B
4338,63,C
4339,64,D
4340,65,A
4341,66,B
4342,67,C
4343,68,D
4344,69,A
4345,70,B
4346,18,C
4348,20,A
4349,21,B
4350,22,C
4351,23,D
4352,24,A
4353,25,B
4354,26,C
4355,27,D
4356,28,A
4357,29,B
4358,30,C
4359,31,D
4360,32,A
4361,33,B
4362,34,C
4363,35,D
4364,36,A
4365,37,B
4366,38,C
4367,39,D
4368,40,A
4369,41,B
4370,42,C
4371,43,D
4372,44,A
4373,45,B
4374,46,C
4375,47,D
4376,48,A
4377,49,B
4378,50,C
4379,51,D
4380,52,A
4381,53,B
4382,54,C
4383,55,D
4384,56,A
4385,57,B
4386,58,C
4387,59,D
4388,60,A
4389,61,B
4390,62,C
4391,63,D
4392,64,A
4393,65,B
4394,66,C
4395,67,D
4396,68,A
4397,69,B
4398,70,C
4399,18,D
4400,19,A
4401,20,B
4402,21,C
4403,22,D
4404,23,A
4405,24,B
4406,25,C
4407,26,D
4409,28,B
4410,29,C
4411,30,D
4412,31,A
4413,32,B
4414,33,C
4415,34,D
4416,35,A
4417,36,B
4418,37,C
4419,38,D
4420,39,A
4421,40,B
4422,41,C
4423,42,D
4424,43,A
4425,44,B
4426,45,C
4428,47,A
4429,48,B
4430,49,C
4432,51,A
4435,54,D
4436,55,A
4437,56,B
4438,57,C
4441,60,B
4443,62,D
4445,64,B
4447,66,D
4448,67,A
4449,68,B
4450,69,C
4451,70,D
4452,18,A
4453,19,B
4454,20,C
4455,21,D
4456,22,A
4457,23,B
4458,24,C
4460,26,A
4461,27,B
4462,28,C
4463,29,D
4464,30,A
4465,31,B
4466,32,C
4467,33,D
4468,34,A
4470,36,C
4472,38,A
4473,39,B
4475,41,D
4476,42,A
4477,43,B
4478,44,C
4479,45,D
4480,46,A
4481,47,B
4482,48,C
4483,49,D
4484,50,A
4485,51,B
4486,52,C
4487,53,D
4488,54,A
4489,55,B
4490,56,C
4491,57,D
4492,58,A
4493,59,B
4494,60,C
4495,61,D
4496,62,A
4497,63,B
4498,64,C
4499,65,D
4500,66,A
4501,67,B
4502,68,C
4503,69,D
4504,70,A
4505,18,B
4506,19,C
4507,20,D
4508,21,A
4510,23,C
4511,24,D
4512,25,A
4513,26,B
4514,27,C
4515,28,D
4516,29,A
4517,30,B
4518,31,C
4519,32,D
4520,33,A
4521,34,B
4522,35,C
4523,36,D
4524,37,A
4525,38,B
4526,39,C
4527,40,D
4528,41,A
4529,42,B
4530,43,C
4531,44,D
4532,45,A
4533,46,B
4534,47,C
4535,48,D
4536,49,A
4537,50,B
4538,51,C
4539,52,D
4540,53,A
4541,54,B
4542,55,C
4543,56,D
4544,57,A
4545,58,B
4546,59,C
4547,60,D
4548,61,A
4549,62,B
4550,63,C
4551,64,D
4552,65,A
4553,66,B
4554,67,C
4555,68,D
4556,69,A
4557,70,B
4558,18,C
4559,19,D
4560,20,A
4561,21,B
4562,22,C
4563,23,D
4564,24,A
4565,25,B
4566,26,C
4567,27,D
4568,28,A
4569,29,B
4570,30,C
4571,31,D
4572,32,A
4573,33,B
4574,34,C
4576,36,A
4577,37,B
4578,38,C
4579,39,D
4582,42,C
4583,43,D
4584,44,A
4585,45,B
4588,48,A
4589,49,B
4590,50,C
4591,51,D
4592,52,A
4593,53,B
4594,54,C
4596,56,A
4597,57,B
4598,58,C
4599,59,D
4600,60,A
4601,61,B
4602,62,C
4603,63,D
4604,64,A
4605,65,B
4606,66,C
4607,67,D
4608,68,A
4609,69,B
4610,70,C
4611,18,D
4612,19,A
4613,20,B
4614,21,C
4615,22,D
4616,23,A
4617,24,B
4618,25,C
4619,26,D
4620,27,A
4621,28,B
4623,30,D
4624,31,A
4625,32,B
4626,33,C
4627,34,D
4628,35,A
4629,36,B
4631,38,D
4632,39,A
4633,40,B
4634,41,C
4635,42,D
4636,43,A
4639,46,D
4641,48,B
4643,50,D
4645,52,B
4646,53,C
4650,57,C
4651,58,D
4652,59,A
4653,60,B
4655,62,D
4656,63,A
4657,64,B
4658,65,C
4659,66,D
4660,67,A
4661,68,B
4662,69,C
4663,70,D
4665,19,B
4667,21,D
4668,22,A
4669,23,B
4670,24,C
4671,25,D
4672,26,A
4673,27,B
4674,28,C
4675,29,D
4676,30,A
4677,31,B
4678,32,C
4679,33,D
4680,34,A
4681,35,B
4682,36,C
4683,37,D
4684,38,A
4685,39,B
4686,40,C
4687,41,D
4688,42,A
4689,43,B
4690,44,C
4691,45,D
4692,46,A
4693,47,B
4694,48,C
4695,49,D
4696,50,A
4697,51,B
4698,52,C
4699,53,D
4700,54,A
4701,55,B
4702,56,C
4703,57,D
4704,58,A
4705,59,B
4706,60,C
4709,63,B
4710,64,C
4711,65,D
4712,66,A
4713,67,B
4714,68,C
4715,69,D
4716,70,A
4717,18,B
4718,19,C
4719,20,D
4720,21,A
4721,22,B
4722,23,C
4724,25,A
4725,26,B
4726,27,C
4727,28,D
4728,29,A
4729,30,B
4730,31,C
4733,34,B
4734,35,C
4735,36,D
4736,37,A
4737,38,B
4738,39,C
4739,40,D
4740,41,A
4741,42,B
4742,43,C
4743,44,D
4745,46,B
4746,47,C
4747,48,D
4748,49,A
4749,50,B
4751,52,D
4752,53,A
4753,54,B
4754,55,C
4756,57,A
4757,58,B
4758,59,C
4759,60,D
4760,61,A
4761,62,B
4762,63,C
4763,64,D
4764,65,A
4765,66,B
4766,67,C
4767,68,D
4768,69,A
4769,70,B
4770,18,C
4771,19,D
4772,20,A
4773,21,B
4775,23,D
4776,24,A
4777,25,B
4778,26,C
4779,27,D
4780,28,A
4781,29,B
4782,30,C
4783,31,D
4784,32,A
4785,33,B
4786,34,C
4787,35,D
4788,36,A
4789,37,B
4790,38,C
4791,39,D
4792,40,A
4793,41,B
4794,42,C
4795,43,D
4797,45,B
4798,46,C
4799,47,D
4800,48,A
4802,50,C
4803,51,D
4804,52,A
4805,53,B
4806,54,C
4807,55,D
4808,56,A
4809,57,B
4810,58,C
4811,59,D
4813,61,B
4815,63,D
4816,64,A
4817,65,B
4818,66,C
4819,67,D
4821,69,B
4822,70,C
4823,18,D
4824,19,A
4825,20,B
4828,23,A
4829,24,B
4830,25,C
4831,26,D
4832,27,A
4833,28,B
4834,29,C
4835,30,D
4837,32,B
4839,34,D
4840,35,A
4841,36,B
4842,37,C
4843,38,D
4844,39,A
4845,40,B
4846,41,C
4847,42,D
4848,43,A
4849,44,B
4850,45,C
4851,46,D
4852,47,A
4853,48,B
4854,49,C
4855,50,D
4856,51,A
4857,52,B
4858,53,C
4859,54,D
4860,55,A
4861,56,B
4862,57,C
4863,58,D
4864,59,A
4865,60,B
4866,61,C
4867,62,D
4868,63,A
4869,64,B
4870,65,C
4871,66,D
4872,67,A
4874,69,C
4875,70,D
4876,18,A
4877,19,B
4880,22,A
4881,23,B
4884,26,A
4886,28,C
4887,29,D
4890,32,C
4891,33,D
4892,34,A
4893,35,B
4894,36,C
4895,37,D
4896,38,A
4897,39,B
4898,40,C
4902,44,C
4903,45,D
4904,46,A
4906,48,C
4907,49,D
4908,50,A
4909,51,B
4910,52,C
4911,53,D
4912,54,A
4913,55,B
4914,56,C
4915,57,D
4917,59,B
4918,60,C
4919,61,D
4920,62,A
4921,63,B
4922,64,C
4923,65,D
4924,66,A
4925,67,B
4926,68,C
4927,69,D
4928,70,A
4929,18,B
4930,19,C
4931,20,D
4932,21,A
4934,23,C
4935,24,D
4936,25,A
4938,27,C
4939,28,D
4940,29,A
4941,30,B
4942,31,C
4943,32,D
4944,33,A
4945,34,B
4946,35,C
4947,36,D
4948,37,A
4949,38,B
4950,39,C
4951,40,D
4952,41,A
4953,42,B
4954,43,C
4955,44,D
4956,45,A
4957,46,B
4958,47,C
4959,48,D
4960,49,A
4961,50,B
4962,51,C
4963,52,D
4964,53,A
4965,54,B
4966,55,C
4967,56,D
4968,57,A
4969,58,B
4970,59,C
4971,60,D
4972,61,A
4973,62,B
4974,63,C
4975,64,D
4976,65,A
4977,66,B
4978,67,C
4980,69,A
4981,70,B
4982,18,C
4983,19,D
4984,20,A
4985,21,B
4986,22,C
4987,23,D
4988,24,A
4989,25,B
4992,28,A
4993,29,B
4995,31,D
4997,33,B
4998,34,C
4999,35,D
5000,36,A
5001,37,B
5003,39,D
5006,42,C
5010,46,C
5011,47,D
5012,48,A
5013,49,B
5014,50,C
5015,51,D
5016,52,A
5017,53,B
5020,56,A
5021,57,B
5023,59,D
5024,60,A
5025,61,B
5026,62,C
5027,63,D
5029,65,B
5031,67,D
5032,68,A
5033,69,B
5034,70,C
5035,18,D
5036,19,A
5037,20,B
5038,21,C
5039,22,D
5042,25,C
5043,26,D
5044,27,A
5045,28,B
5046,29,C
5047,30,D
5048,31,A
5049,32,B
5050,33,C
5051,34,D
5052,35,A
5053,36,B
5054,37,C
5055,38,D
5056,39,A
5057,40,B
5058,41,C
5059,42,D
5060,43,A
5061,44,B
5062,45,C
5063,46,D
5064,47,A
5065,48,B
5066,49,C
5067,50,D
5068,51,A
5069,52,B
5070,53,C
5071,54,D
5072,55,A
5073,56,B
5074,57,C
5075,58,D
5076,59,A
5077,60,B
5078,61,C
5079,62,D
5080,63,A
5081,64,B
5082,65,C
5083,66,D
5084,67,A
5085,68,B
5086,69,C
5087,70,D
5088,18,A
5089,19,B
5090,20,C
5091,21,D
5093,23,B
5094,24,C
5095,25,D
5098,28,C
5099,29,D
5100,30,A
5101,31,B
5102,32,C
5103,33,D
5104,34,A
5105,35,B
5106,36,C
5107,37,D
5108,38,A
5109,39,B
5110,40,C
5111,41,D
5112,42,A
5113,43,B
5114,44,C
5116,46,A
5117,47,B
5118,48,C
5119,49,D
5120,50,A
5121,51,B
5122,52,C
5123,53,D
5124,54,A
5125,55,B
5126,56,C
5128,58,A
5129,59,B
5130,60,C
5131,61,D
5132,62,A
5134,64,C
5135,65,D
5136,66,A
5137,67,B
5138,68,C
5139,69,D
5140,70,A
5141,18,B
5142,19,C
5143,20,D
5144,21,A
5145,22,B
5146,23,C
5147,24,D
5148,25,A
5149,26,B
5151,28,D
5154,31,C
5156,33,A
5157,34,B
5158,35,C
5159,36,D
5161,38,B
5162,39,C
5163,40,D
5164,41,A
5165,42,B
5166,43,C
5167,44,D
5168,45,A
5170,47,C
5171,48,D
5172,49,A
5173,50,B
5174,51,C
5175,52,D
5177,54,B
5178,55,C
5179,56,D
5180,57,A
5181,58,B
5182,59,C
5183,60,D
5184,61,A
5185,62,B
5186,63,C
5187,64,D
5188,65,A
5189,66,B
5190,67,C
5191,68,D
5194,18,C
5195,19,D
5196,20,A
5197,21,B
5198,22,C
5199,23,D
5201,25,B
5202,26,C
5203,27,D
5204,28,A
5205,29,B
5206,30,C
5207,31,D
5208,32,A
5209,33,B
5210,34,C
5211,35,D
5212,36,A
5213,37,B
5214,38,C
5215,39,D
5216,40,A
5218,42,C
5220,44,A
5222,46,C
5223,47,D
5224,48,A
5225,49,B
5227,51,D
5228,52,A
5229,53,B
5230,54,C
5232,56,A
5233,57,B
5235,59,D
5238,62,C
5240,64,A
5241,65,B
5242,66,C
5243,67,D
5244,68,A
5245,69,B
5246,70,C
5247,18,D
5248,19,A
5249,20,B
5250,21,C
5251,22,D
5253,24,B
5255,26,D
5256,27,A
5257,28,B
5258,29,C
5259,30,D
5260,31,A
5261,32,B
5262,33,C
5263,34,D
5264,35,A
5265,36,B
5266,37,C
5267,38,D
5268,39,A
5269,40,B
5270,41,C
5271,42,D
5272,43,A
5273,44,B
5274,45,C
5275,46,D
5276,47,A
5277,48,B
5278,49,C
5279,50,D
5280,51,A
5281,52,B
5282,53,C
5283,54,D
5284,55,A
5285,56,B
5286,57,C
5287,58,D
5288,59,A
5289,60,B
5291,62,D
5292,63,A
5295,66,D
5296,67,A
5297,68,B
5298,69,C
5299,70,D
5300,18,A
5301,19,B
5302,20,C
5303,21,D
5304,22,A
5305,23,B
5306,24,C
5307,25,D
5308,26,A
5309,27,B
5310,28,C
5311,29,D
5312,30,A
5313,31,B
5314,32,C
5315,33,D
5316,34,A
5317,35,B
5318,36,C
5319,37,D
5320,38,A
5321,39,B
5322,40,C
5323,41,D
5324,42,A
5325,43,B
5326,44,C
5327,45,D
5328,46,A
5329,47,B
5330,48,C
5331,49,D
5332,50,A
5333,51,B
5334,52,C
5335,53,D
5336,54,A
5337,55,B
5338,56,C
5340,58,A
5341,59,B
5343,61,D
5344,62,A
5345,63,B
5347,65,D
5348,66,A
5349,67,B
5350,68,C
5351,69,D
5352,70,A
5353,18,B
5354,19,C
5355,20,D
5357,22,B
5359,24,D
5360,25,A
5363,28,D
5364,29,A
5366,31,C
5367,32,D
5368,33,A
5369,34,B
5370,35,C
5371,36,D
5372,37,A
5373,38,B
5374,39,C
5375,40,D
5376,41,A
5377,42,B
5380,45,A
5381,46,B
5382,47,C
5383,48,D
5384,49,A
5385,50,B
5386,51,C
5387,52,D
5388,53,A
5390,55,C
5391,56,D
5392,57,A
5393,58,B
5394,59,C
5395,60,D
5396,61,A
5397,62,B
5398,63,C
5399,64,D
5400,65,A
5402,67,C
5403,68,D
5404,69,A
5405,70,B
5406,18,C
5407,19,D
5410,22,C
5412,24,A
5413,25,B
5414,26,C
5415,27,D
5416,28,A
5417,29,B
5418,30,C
5419,31,D
5420,32,A
5421,33,B
5422,34,C
5423,35,D
5424,36,A
5425,37,B
5426,38,C
5427,39,D
5428,40,A
5429,41,B
5430,42,C
5431,43,D
5432,44,A
5434,46,C
5435,47,D
5436,48,A
5437,49,B
5440,52,A
5441,53,B
5443,55,D
5444,56,A
5447,59,D
5449,61,B
5450,62,C
5451,63,D
5452,64,A
5453,65,B
5456,68,A
5457,69,B
5459,18,D
5460,19,A
5461,20,B
5462,21,C
5464,23,A
5465,24,B
5466,25,C
5467,26,D
5469,28,B
5470,29,C
5472,31,A
5473,32,B
5474,33,C
5475,34,D
5478,37,C
5480,39,A
5481,40,B
5482,41,C
5483,42,D
5487,46,D
5488,47,A
5489,48,B
5493,52,B
5494,53,C
5495,54,D
5496,55,A
5497,56,B
5498,57,C
5499,58,D
5500,59,A
5501,60,B
5502,61,C
5503,62,D
5504,63,A
5505,64,B
5506,65,C
5507,66,D
5508,67,A
5509,68,B
5510,69,C
5511,70,D
5512,18,A
5513,19,B
5514,20,C
5515,21,D
5516,22,A
5518,24,C
5519,25,D
5520,26,A
5521,27,B
5522,28,C
5523,29,D
5525,31,B
5526,32,C
5527,33,D
5528,34,A
5529,35,B
5530,36,C
5531,37,D
5532,38,A
5533,39,B
5534,40,C
5536,42,A
5537,43,B
5538,44,C
5539,45,D
5540,46,A
5541,47,B
5542,48,C
5543,49,D
5544,50,A
5545,51,B
5546,52,C
5547,53,D
5548,54,A
5550,56,C
5551,57,D
5553,59,B
5554,60,C
5555,61,D
5556,62,A
5559,65,D
5560,66,A
5563,69,D
5564,70,A
5565,18,B
5566,19,C
5567,20,D
5568,21,A
5570,23,C
5571,24,D
5572,25,A
5574,27,C
5575,28,D
5578,31,C
5580,33,A
5581,34,B
5583,36,D
5584,37,A
5585,38,B
5586,39,C
5587,40,D
5588,41,A
5589,42,B
5590,43,C
5592,45,A
5593,46,B
5594,47,C
5595,48,D
5596,49,A
5598,51,C
5599,52,D
5600,53,A
5601,54,B
5603,56,D
5604,57,A
5605,58,B
5606,59,C
5607,60,D
5608,61,A
5609,62,B
5610,63,C
5611,64,D
5612,65,A
5613,66,B
5614,67,C
5615,68,D
5616,69,A
5617,70,B
5618,18,C
5620,20,A
5621,21,B
5622,22,C
5624,24,A
5625,25,B
5626,26,C
5627,27,D
5628,28,A
5629,29,B
5630,30,C
5631,31,D
5632,32,A
5633,33,B
5634,34,C
5635,35,D
5636,36,A
5637,37,B
5639,39,D
5640,40,A
5641,41,B
5642,42,C
5643,43,D
5644,44,A
5645,45,B
5646,46,C
5648,48,A
5649,49,B
5650,50,C
5651,51,D
5652,52,A
5653,53,B
5654,54,C
5657,57,B
5658,58,C
5659,59,D
5660,60,A
5661,61,B
5662,62,C
5663,63,D
5667,67,D
5668,68,A
5670,70,C
5671,18,D
5672,19,A
5673,20,B
5674,21,C
5675,22,D
5676,23,A
5677,24,B
5678,25,C
5679,26,D
5680,27,A
5681,28,B
5682,29,C
5683,30,D
5684,31,A
5685,32,B
5686,33,C
5687,34,D
5688,35,A
5689,36,B
5690,37,C
5691,38,D
5692,39,A
5694,41,C
5695,42,D
5696,43,A
5697,44,B
5698,45,C
5699,46,D
5700,47,A
5701,48,B
5702,49,C
5703,50,D
5704,51,A
5705,52,B
5707,54,D
5709,56,B
5710,57,C
5711,58,D
5712,59,A
5713,60,B
5714,61,C
5715,62,D
5716,63,A
5717,64,B
5718,65,C
5719,66,D
5720,67,A
5721,68,B
5722,69,C
5723,70,D
5724,18,A
5725,19,B
5726,20,C
5727,21,D
5728,22,A
5729,23,B
5730,24,C
5732,26,A
5734,28,C
5735,29,D
5736,30,A
5737,31,B
5738,32,C
5739,33,D
5740,34,A
5741,35,B
5742,36,C
5745,39,B
5746,40,C
5749,43,B
5750,44,C
5751,45,D
5752,46,A
5753,47,B
5754,48,C
5755,49,D
5756,50,A
5757,51,B
5758,52,C
5759,53,D
5760,54,A
5761,55,B
5762,56,C
5763,57,D
5765,59,B
5766,60,C
5767,61,D
5768,62,A
5769,63,B
5770,64,C
5771,65,D
5772,66,A
5773,67,B
5774,68,C
5775,69,D
5776,70,A
5777,18,B
5778,19,C
5779,20,D
5780,21,A
5781,22,B
5782,23,C
5783,24,D
5784,25,A
5785,26,B
5786,27,C
5787,28,D
5788,29,A
5789,30,B
5790,31,C
5791,32,D
5792,33,A
5793,34,B
5794,35,C
5795,36,D
5796,37,A
5797,38,B
5798,39,C
5799,40,D
5800,41,A
5801,42,B
5802,43,C
5803,44,D
5804,45,A
5805,46,B
5806,47,C
5807,48,D
5808,49,A
5809,50,B
5810,51,C
5811,52,D
5812,53,A
5813,54,B
5814,55,C
5817,58,B
5818,59,C
5819,60,D
5820,61,A
5821,62,B
5822,63,C
5823,64,D
5824,65,A
5825,66,B
5826,67,C
5828,69,A
5829,70,B
5830,18,C
5831,19,D
5832,20,A
5833,21,B
5834,22,C
5835,23,D
5836,24,A
5837,25,B
5838,26,C
5839,27,D
5840,28,A
5841,29,B
5843,31,D
5845,33,B
5847,35,D
5848,36,A
5849,37,B
5850,38,C
5852,40,A
5853,41,B
5854,42,C
5855,43,D
5856,44,A
5860,48,A
5861,49,B
5862,50,C
5863,51,D
5864,52,A
5865,53,B
5866,54,C
5867,55,D
5868,56,A
5869,57,B
5870,58,C
5871,59,D
5872,60,A
5873,61,B
5874,62,C
5875,63,D
5878,66,C
5879,67,D
5881,69,B
5882,70,C
5883,18,D
5884,19,A
5885,20,B
5886,21,C
5887,22,D
5888,23,A
5889,24,B
5890,25,C
5891,26,D
5892,27,A
5893,28,B
5894,29,C
5895,30,D
5896,31,A
5898,33,C
5899,34,D
5900,35,A
5901,36,B
5903,38,D
5904,39,A
5905,40,B
5906,41,C
5907,42,D
5908,43,A
5909,44,B
5910,45,C
5911,46,D
5912,47,A
5913,48,B
5915,50,D
5916,51,A
5917,52,B
5918,53,C
5919,54,D
5920,55,A
5921,56,B
5923,58,D
5925,60,B
5926,61,C
5927,62,D
5929,64,B
5930,65,C
5931,66,D
5932,67,A
5933,68,B
5934,69,C
5935,70,D
5936,18,A
5937,19,B
5938,20,C
5939,21,D
5941,23,B
5942,24,C
5943,25,D
5944,26,A
5945,27,B
5946,28,C
5947,29,D
5948,30,A
5950,32,C
5951,33,D
5952,34,A
5953,35,B
5954,36,C
5955,37,D
5956,38,A
5957,39,B
5958,40,C
5959,41,D
5960,42,A
5961,43,B
5962,44,C
5963,45,D
5964,46,A
5965,47,B
5966,48,C
5967,49,D
5968,50,A
5969,51,B
5970,52,C
5971,53,D
5972,54,A
5973,55,B
5974,56,C
5975,57,D
5976,58,A
5977,59,B
5978,60,C
5979,61,D
5980,62,A
5982,64,C
5983,65,D
5986,68,C
5987,69,D
5988,70,A
5989,18,B
5990,19,C
5991,20,D
5992,21,A
5993,22,B
5994,23,C
5995,24,D
5996,25,A
5997,26,B
5998,27,C
5999,28,D
6000,29,A
6001,30,B
6002,31,C
6003,32,D
6004,33,A
6005,34,B
6006,35,C
6007,36,D
6008,37,A
6009,38,B
6010,39,C
6011,40,D
6012,41,A
6013,42,B
6014,43,C
6015,44,D
6016,45,A
6017,46,B
6018,47,C
6019,48,D
6020,49,A
6021,50,B
6022,51,C
6023,52,D
6024,53,A
6025,54,B
6026,55,C
6027,56,D
6028,57,A
6029,58,B
6030,59,C
6031,60,D
6032,61,A
6034,63,C
6035,64,D
6036,65,A
6038,67,C
6039,68,D
6040,69,A
6041,70,B
6042,18,C
6043,19,D
6044,20,A
6045,21,B
6047,23,D
6048,24,A
6049,25,B
6050,26,C
6051,27,D
6053,29,B
6054,30,C
6055,31,D
6058,34,C
6059,35,D
6061,37,B
6063,39,D
6064,40,A
6066,42,C
6067,43,D
6070,46,C
6071,47,D
6072,48,A
6073,49,B
6074,50,C
6075,51,D
6076,52,A
6077,53,B
6078,54,C
6079,55,D
6080,56,A
6081,57,B
6082,58,C
6083,59,D
6084,60,A
6085,61,B
6087,63,D
6088,64,A
6090,66,C
6091,67,D
6092,68,A
6094,70,C
6095,18,D
6097,20,B
6098,21,C
6100,23,A
6101,24,B
6102,25,C
6103,26,D
6104,27,A
6105,28,B
6106,29,C
6107,30,D
6108,31,A
6109,32,B
6112,35,A
6113,36,B
6114,37,C
6115,38,D
6116,39,A
6119,42,D
6120,43,A
6122,45,C
6123,46,D
6125,48,B
6126,49,C
6127,50,D
6129,52,B
6130,53,C
6131,54,D
6132,55,A
6133,56,B
6134,57,C
6135,58,D
6136,59,A
6137,60,B
6138,61,C
6139,62,D
6140,63,A
6141,64,B
6142,65,C
6143,66,D
6144,67,A
6145,68,B
6146,69,C
6147,70,D
6148,18,A
6149,19,B
6150,20,C
6153,23,B
6154,24,C
6155,25,D
6156,26,A
6157,27,B
6158,28,C
6159,29,D
6160,30,A
6162,32,C
6163,33,D
6164,34,A
6165,35,B
6166,36,C
6167,37,D
6168,38,A
6169,39,B
6170,40,C
6171,41,D
6172,42,A
6173,43,B
6174,44,C
6175,45,D
6176,46,A
6177,47,B
6178,48,C
6179,49,D
6180,50,A
6181,51,B
6182,52,C
6183,53,D
6187,57,D
6188,58,A
6190,60,C
6191,61,D
6195,65,D
6197,67,B
6198,68,C
6199,69,D
6200,70,A
6202,19,C
6203,20,D
6204,21,A
6205,22,B
6207,24,D
6209,26,B
6210,27,C
6211,28,D
6212,29,A
6214,31,C
6215,32,D
6216,33,A
6217,34,B
6218,35,C
6219,36,D
6221,38,B
6222,39,C
6223,40,D
6224,41,A
6226,43,C
6228,45,A
6229,46,B
6230,47,C
6234,51,C
6235,52,D
6236,53,A
6237,54,B
6238,55,C
6242,59,C
6243,60,D
6244,61,A
6245,62,B
6246,63,C
6247,64,D
6249,66,B
6250,67,C
6252,69,A
6253,70,B
6254,18,C
6255,19,D
6256,20,A
6257,21,B
6259,23,D
6261,25,B
6262,26,C
6263,27,D
6264,28,A
6265,29,B
6267,31,D
6269,33,B
6270,34,C
6271,35,D
6273,37,B
6275,39,D
6276,40,A
6281,45,B
6282,46,C
6283,47,D
6285,49,B
6287,51,D
6288,52,A
6289,53,B
6290,54,C
6291,55,D
6292,56,A
6294,58,C
6297,61,B
6299,63,D
6300,64,A
6301,65,B
6302,66,C
6303,67,D
6304,68,A
6305,69,B
6306,70,C
6308,19,A
6311,22,D
6312,23,A
6313,24,B
6314,25,C
6316,27,A
6317,28,B
6318,29,C
6319,30,D
6320,31,A
6321,32,B
6322,33,C
6323,34,D
6324,35,A
6325,36,B
6326,37,C
6327,38,D
6328,39,A
6329,40,B
6330,41,C
6331,42,D
6332,43,A
6334,45,C
6335,46,D
6336,47,A
6337,48,B
6338,49,C
6339,50,D
6340,51,A
6341,52,B
6342,53,C
6343,54,D
6344,55,A
6345,56,B
6346,57,C
6348,59,A
6349,60,B
6350,61,C
6351,62,D
6352,63,A
6353,64,B
6354,65,C
6357,68,B
6358,69,C
6359,70,D
6360,18,A
6361,19,B
6362,20,C
6363,21,D
6364,22,A
6365,23,B
6366,24,C
6367,25,D
6368,26,A
6369,27,B
6370,28,C
6371,29,D
6372,30,A
6373,31,B
6374,32,C
6375,33,D
6376,34,A
6377,35,B
6378,36,C
6379,37,D
6380,38,A
6381,39,B
6382,40,C
6383,41,D
6384,42,A
6385,43,B
6386,44,C
6387,45,D
6388,46,A
6389,47,B
6390,48,C
6391,49,D
6392,50,A
6393,51,B
6394,52,C
6395,53,D
6396,54,A
6397,55,B
6398,56,C
6400,58,A
6401,59,B
6402,60,C
6404,62,A
6405,63,B
6407,65,D
6409,67,B
6410,68,C
6411,69,D
6412,70,A
6413,18,B
6414,19,C
6415,20,D
6416,21,A
6417,22,B
6418,23,C
6419,24,D
6420,25,A
6421,26,B
6422,27,C
6423,28,D
6424,29,A
6425,30,B
6426,31,C
6427,32,D
6428,33,A
6429,34,B
6430,35,C
6431,36,D
6432,37,A
6434,39,C
6435,40,D
6436,41,A
6437,42,B
6439,44,D
6441,46,B
6445,50,B
6446,51,C
6447,52,D
6448,53,A
6449,54,B
6450,55,C
6452,57,A
6453,58,B
6454,59,C
6455,60,D
6456,61,A
6457,62,B
6458,63,C
6459,64,D
6460,65,A
6461,66,B
6462,67,C
6463,68,D
6464,69,A
6465,70,B
6466,18,C
6467,19,D
6468,20,A
6469,21,B
6470,22,C
6471,23,D
6472,24,A
6473,25,B
6474,26,C
6475,27,D
6476,28,A
6477,29,B
6478,30,C
6479,31,D
6480,32,A
6481,33,B
6482,34,C
6483,35,D
6484,36,A
6485,37,B
6486,38,C
6487,39,D
6489,41,B
6490,42,C
6491,43,D
6492,44,A
6493,45,B
6494,46,C
6495,47,D
6496,48,A
6497,49,B
6498,50,C
6499,51,D
6500,52,A
6501,53,B
6502,54,C
6503,55,D
6504,56,A
6505,57,B
6506,58,C
6507,59,D
6508,60,A
6509,61,B
6510,62,C
6511,63,D
6512,64,A
6513,65,B
6514,66,C
6515,67,D
6516,68,A
6517,69,B
6518,70,C
6519,18,D
6520,19,A
6521,20,B
6522,21,C
6523,22,D
6524,23,A
6525,24,B
6526,25,C
6527,26,D
6528,27,A
6529,28,B
6532,31,A
6533,32,B
6534,33,C
6535,34,D
6538,37,C
6541,40,B
6545,44,B
6546,45,C
6547,46,D
6548,47,A
6549,48,B
6550,49,C
6551,50,D
6552,51,A
6553,52,B
6554,53,C
6555,54,D
6556,55,A
6557,56,B
6558,57,C
6559,58,D
6560,59,A
6561,60,B
6562,61,C
6563,62,D
6564,63,A
6565,64,B
6567,66,D
6568,67,A
6570,69,C
6571,70,D
6572,18,A
6573,19,B
6574,20,C
6575,21,D
6576,22,A
6577,23,B
6579,25,D
6580,26,A
6581,27,B
6582,28,C
6583,29,D
6584,30,A
6585,31,B
6586,32,C
6587,33,D
6588,34,A
6589,35,B
6590,36,C
6591,37,D
6592,38,A
6593,39,B
6594,40,C
6595,41,D
6596,42,A
6597,43,B
6598,44,C
6599,45,D
6601,47,B
6602,48,C
6603,49,D
6604,50,A
6605,51,B
6606,52,C
6607,53,D
6608,54,A
6609,55,B
6610,56,C
6611,57,D
6612,58,A
6613,59,B
6614,60,C
6615,61,D
6616,62,A
6617,63,B
6618,64,C
6619,65,D
6621,67,B
6622,68,C
6623,69,D
6624,70,A
6625,18,B
6626,19,C
6627,20,D
6628,21,A
6629,22,B
6630,23,C
6631,24,D
6632,25,A
6633,26,B
6634,27,C
6635,28,D
6636,29,A
6637,30,B
6638,31,C
6639,32,D
6640,33,A
6641,34,B
6643,36,D
6644,37,A
6645,38,B
6647,40,D
6648,41,A
6649,42,B
6650,43,C
6651,44,D
6652,45,A
6653,46,B
6654,47,C
6655,48,D
6656,49,A
6657,50,B
6658,51,C
6659,52,D
6660,53,A
6661,54,B
6663,56,D
6665,58,B
6666,59,C
6667,60,D
6668,61,A
6669,62,B
6670,63,C
6671,64,D
6672,65,A
6673,66,B
6674,67,C
6676,69,A
6677,70,B
6678,18,C
6679,19,D
6680,20,A
6681,21,B
6682,22,C
6683,23,D
6684,24,A
6685,25,B
6686,26,C
6687,27,D
6688,28,A
6689,29,B
6690,30,C
6691,31,D
6692,32,A
6693,33,B
6695,35,D
6696,36,A
6697,37,B
6698,38,C
6700,40,A
6701,41,B
6702,42,C
6703,43,D
6704,44,A
6705,45,B
6706,46,C
6707,47,D
6708,48,A
6709,49,B
6710,50,C
6711,51,D
6712,52,A
6713,53,B
6714,54,C
6715,55,D
6716,56,A
6717,57,B
6718,58,C
6719,59,D
6720,60,A
6721,61,B
6722,62,C
6723,63,D
6724,64,A
6725,65,B
6726,66,C
6727,67,D
6728,68,A
6729,69,B
6730,70,C
6731,18,D
6732,19,A
6733,20,B
6734,21,C
6735,22,D
6736,23,A
6737,24,B
6739,26,D
6740,27,A
6741,28,B
6742,29,C
6743,30,D
6744,31,A
6745,32,B
6746,33,C
6747,34,D
6748,35,A
6750,37,C
6751,38,D
6752,39,A
6754,41,C
6755,42,D
6756,43,A
6757,44,B
6760,47,A
6761,48,B
6762,49,C
6763,50,D
6764,51,A
6765,52,B
6767,54,D
6768,55,A
6769,56,B
6770,57,C
6771,58,D
6772,59,A
6773,60,B
6774,61,C
6776,63,A
6777,64,B
6778,65,C
6779,66,D
6780,67,A
6781,68,B
6782,69,C
6784,18,A
6785,19,B
6786,20,C
6787,21,D
6788,22,A
6789,23,B
6790,24,C
6791,25,D
6792,26,A
6793,27,B
6794,28,C
6795,29,D
6797,31,B
6798,32,C
6799,33,D
6800,34,A
6803,37,D
6804,38,A
6805,39,B
6808,42,A
6809,43,B
6810,44,C
6811,45,D
6812,46,A
6814,48,C
6815,49,D
6816,50,A
6817,51,B
6818,52,C
6819,53,D
6820,54,A
6821,55,B
6822,56,C
6823,57,D
6824,58,A
6825,59,B
6826,60,C
6827,61,D
6828,62,A
6829,63,B
6830,64,C
6831,65,D
6832,66,A
6833,67,B
6834,68,C
6835,69,D
6836,70,A
6837,18,B
6838,19,C
6839,20,D
6840,21,A
6841,22,B
6842,23,C
6844,25,A
6845,26,B
6846,27,C
6847,28,D
6848,29,A
6849,30,B
6850,31,C
6851,32,D
6852,33,A
6853,34,B
6854,35,C
6855,36,D
6856,37,A
6858,39,C
6859,40,D
6860,41,A
6861,42,B
6862,43,C
6863,44,D
6864,45,A
6865,46,B
6866,47,C
6867,48,D
6868,49,A
6869,50,B
6870,51,C
6871,52,D
6872,53,A
6873,54,B
6874,55,C
6875,56,D
6876,57,A
6877,58,B
6878,59,C
6879,60,D
6880,61,A
6881,62,B
6882,63,C
6883,64,D
6884,65,A
6885,66,B
6886,67,C
6887,68,D
6888,69,A
6890,18,C
6892,20,A
6893,21,B
6894,22,C
6895,23,D
6896,24,A
6897,25,B
6898,26,C
6899,27,D
6900,28,A
6902,30,C
6904,32,A
6905,33,B
6906,34,C
6909,37,B
6911,39,D
6912,40,A
6913,41,B
6914,42,C
6916,44,A
6919,47,D
6923,51,D
6924,52,A
6926,54,C
6927,55,D
6928,56,A
6929,57,B
6930,58,C
6931,59,D
6932,60,A
6933,61,B
6934,62,C
6935,63,D
6936,64,A
6937,65,B
6938,66,C
6939,67,D
6940,68,A
6941,69,B
6942,70,C
6944,19,A
6945,20,B
6946,21,C
6947,22,D
6948,23,A
6949,24,B
6950,25,C
6951,26,D
6952,27,A
6953,28,B
6954,29,C
6955,30,D
6956,31,A
6957,32,B
6958,33,C
6959,34,D
6960,35,A
6961,36,B
6962,37,C
6963,38,D
6964,39,A
6965,40,B
6966,41,C
6967,42,D
6968,43,A
6969,44,B
6970,45,C
6971,46,D
6972,47,A
6973,48,B
6974,49,C
6975,50,D
6977,52,B
6978,53,C
6979,54,D
6980,55,A
6981,56,B
6982,57,C
6983,58,D
6984,59,A
6987,62,D
6988,63,A
6989,64,B
6990,65,C
6991,66,D
6993,68,B
6995,70,D
6996,18,A
6997,19,B
6999,21,D
7003,25,D
7004,26,A
7005,27,B
7007,29,D
7009,31,B
7011,33,D
7012,34,A
7013,35,B
7014,36,C
7015,37,D
7017,39,B
7018,40,C
7020,42,A
7021,43,B
7022,44,C
7023,45,D
7024,46,A
7026,48,C
7027,49,D
7028,50,A
7029,51,B
7031,53,D
7032,54,A
7034,56,C
7035,57,D
7036,58,A
7037,59,B
7038,60,C
7039,61,D
7040,62,A
7041,63,B
7042,64,C
7043,65,D
7044,66,A
7045,67,B
7046,68,C
7047,69,D
7048,70,A
7049,18,B
7050,19,C
7051,20,D
7052,21,A
7053,22,B
7054,23,C
7055,24,D
7056,25,A
7057,26,B
7058,27,C
7059,28,D
7060,29,A
7061,30,B
7062,31,C
7063,32,D
7064,33,A
7066,35,C
7067,36,D
7068,37,A
7069,38,B
7070,39,C
7071,40,D
7072,41,A
7073,42,B
7074,43,C
7075,44,D
7076,45,A
7077,46,B
7078,47,C
7079,48,D
7080,49,A
7081,50,B
7082,51,C
7083,52,D
7084,53,A
7085,54,B
7086,55,C
7087,56,D
7088,57,A
7089,58,B
7090,59,C
7092,61,A
7093,62,B
7094,63,C
7095,64,D
7096,65,A
7098,67,C
7099,68,D
7100,69,A
7101,70,B
7102,18,C
7103,19,D
7104,20,A
7105,21,B
7106,22,C
7107,23,D
7108,24,A
7109,25,B
7110,26,C
7111,27,D
7112,28,A
7113,29,B
7114,30,C
7115,31,D
7116,32,A
7117,33,B
7118,34,C
7119,35,D
7120,36,A
7121,37,B
7122,38,C
7124,40,A
7125,41,B
7126,42,C
7127,43,D
7128,44,A
7130,46,C
7131,47,D
7136,52,A
7137,53,B
7138,54,C
7139,55,D
7140,56,A
7141,57,B
7142,58,C
7143,59,D
7144,60,A
7145,61,B
7146,62,C
7147,63,D
7148,64,A
7149,65,B
7150,66,C
7151,67,D
7152,68,A
7153,69,B
7154,70,C
7155,18,D
7156,19,A
7157,20,B
7158,21,C
7159,22,D
7160,23,A
7161,24,B
7162,25,C
7163,26,D
7164,27,A
7165,28,B
7166,29,C
7168,31,A
7169,32,B
7170,33,C
7171,34,D
7172,35,A
7173,36,B
7174,37,C
7175,38,D
7176,39,A
7177,40,B
7178,41,C
7179,42,D
7181,44,B
7182,45,C
7184,47,A
7185,48,B
7186,49,C
7187,50,D
7188,51,A
7189,52,B
7190,53,C
7191,54,D
7192,55,A
7193,56,B
7194,57,C
7195,58,D
7196,59,A
7197,60,B
7198,61,C
7199,62,D
7200,63,A
7203,66,D
7204,67,A
7205,68,B
7206,69,C
7207,70,D
7208,18,A
7209,19,B
7210,20,C
7212,22,A
7213,23,B
7220,30,A
7221,31,B
7230,40,C
7233,43,B
7234,44,C
7237,47,B
7238,48,C
7240,50,A
7241,51,B
7242,52,C
7243,53,D
7244,54,A
7245,55,B
7246,56,C
7247,57,D
7248,58,A
7249,59,B
7250,60,C
7251,61,D
7252,62,A
7253,63,B
7254,64,C
7255,65,D
7256,66,A
7258,68,C
7259,69,D
7260,70,A
7262,19,C
7263,20,D
7264,21,A
7265,22,B
7266,23,C
7268,25,A
7269,26,B
7270,27,C
7271,28,D
7273,30,B
7275,32,D
7276,33,A
7277,34,B
7278,35,C
7280,37,A
7281,38,B
7282,39,C
7284,41,A
7285,42,B
7286,43,C
7288,45,A
7289,46,B
7290,47,C
7291,48,D
7293,50,B
7294,51,C
7295,52,D
7296,53,A
7297,54,B
7299,56,D
7301,58,B
7302,59,C
7303,60,D
7304,61,A
7305,62,B
7306,63,C
7307,64,D
7308,65,A
7309,66,B
7310,67,C
7311,68,D
7312,69,A
7313,70,B
7314,18,C
7315,19,D
7316,20,A
7317,21,B
7318,22,C
7319,23,D
7321,25,B
7322,26,C
7323,27,D
7324,28,A
7325,29,B
7326,30,C
7327,31,D
7328,32,A
7329,33,B
7330,34,C
7331,35,D
7332,36,A
7333,37,B
7334,38,C
7335,39,D
7336,40,A
7337,41,B
7338,42,C
7339,43,D
7341,45,B
7342,46,C
7343,47,D
7344,48,A
7345,49,B
7346,50,C
7347,51,D
7350,54,C
7351,55,D
7354,58,C
7355,59,D
7356,60,A
7358,62,C
7359,63,D
7360,64,A
7361,65,B
7362,66,C
7364,68,A
7365,69,B
7366,70,C
7367,18,D
7368,19,A
7370,21,C
7371,22,D
7372,23,A
7374,25,C
7376,27,A
7377,28,B
7378,29,C
7380,31,A
7381,32,B
7382,33,C
7383,34,D
7384,35,A
7385,36,B
7386,37,C
7387,38,D
7388,39,A
7392,43,A
7393,44,B
7394,45,C
7395,46,D
7396,47,A
7397,48,B
7398,49,C
7399,50,D
7400,51,A
7401,52,B
7402,53,C
7404,55,A
7405,56,B
7406,57,C
7407,58,D
7408,59,A
7409,60,B
7410,61,C
7411,62,D
7412,63,A
7413,64,B
7414,65,C
7415,66,D
7416,67,A
7417,68,B
7418,69,C
7419,70,D
7421,19,B
7422,20,C
7425,23,B
7426,24,C
7427,25,D
7428,26,A
7429,27,B
7430,28,C
7431,29,D
7433,31,B
7434,32,C
7435,33,D
7436,34,A
7437,35,B
7439,37,D
7440,38,A
7442,40,C
7443,41,D
7444,42,A
7445,43,B
7451,49,D
7452,50,A
7453,51,B
7454,52,C
7456,54,A
7458,56,C
7459,57,D
7460,58,A
7461,59,B
7462,60,C
7464,62,A
7465,63,B
7468,66,A
7469,67,B
7470,68,C
7471,69,D
7474,19,C
7477,22,B
7478,23,C
7480,25,A
7481,26,B
7483,28,D
7484,29,A
7485,30,B
7486,31,C
7487,32,D
7488,33,A
7489,34,B
7490,35,C
7491,36,D
7492,37,A
7493,38,B
7494,39,C
7495,40,D
7496,41,A
7497,42,B
7498,43,C
7499,44,D
7500,45,A
7501,46,B
7502,47,C
7503,48,D
7504,49,A
7505,50,B
7506,51,C
7507,52,D
7508,53,A
7509,54,B
7510,55,C
7511,56,D
7512,57,A
7513,58,B
7514,59,C
7517,62,B
7519,64,D
7520,65,A
7521,66,B
7522,67,C
7523,68,D
7524,69,A
7526,18,C
7527,19,D
7528,20,A
7529,21,B
7530,22,C
7531,23,D
7532,24,A
7533,25,B
7534,26,C
7535,27,D
7536,28,A
7538,30,C
7539,31,D
7541,33,B
7543,35,D
7544,36,A
7545,37,B
7546,38,C
7549,41,B
7551,43,D
7552,44,A
7554,46,C
7555,47,D
7556,48,A
7558,50,C
7559,51,D
7560,52,A
7561,53,B
7562,54,C
7563,55,D
7565,57,B
7566,58,C
7567,59,D
7568,60,A
7569,61,B
7571,63,D
7572,64,A
7574,66,C
7575,67,D
7576,68,A
7577,69,B
7578,70,C
7579,18,D
7580,19,A
7581,20,B
7582,21,C
7583,22,D
7584,23,A
7585,24,B
7586,25,C
7588,27,A
7589,28,B
7590,29,C
7591,30,D
7592,31,A
7593,32,B
7594,33,C
7595,34,D
7596,35,A
7599,38,D
7600,39,A
7603,42,D
7604,43,A
7605,44,B
7607,46,D
7608,47,A
7609,48,B
7610,49,C
7611,50,D
7614,53,C
7615,54,D
7616,55,A
7617,56,B
7618,57,C
7619,58,D
7620,59,A
7621,60,B
7622,61,C
7623,62,D
7624,63,A
7627,66,D
7628,67,A
7629,68,B
7630,69,C
7631,70,D
7632,18,A
7633,19,B
7634,20,C
7635,21,D
7636,22,A
7637,23,B
7638,24,C
7639,25,D
7640,26,A
7641,27,B
7642,28,C
7643,29,D
7644,30,A
7645,31,B
7647,33,D
7649,35,B
7650,36,C
7651,37,D
7652,38,A
7653,39,B
7654,40,C
7655,41,D
7656,42,A
7657,43,B
7658,44,C
7660,46,A
7661,47,B
7662,48,C
7663,49,D
7664,50,A
7665,51,B
7666,52,C
7668,54,A
7669,55,B
7670,56,C
7671,57,D
7673,59,B
7674,60,C
7675,61,D
7676,62,A
7679,65,D
7682,68,C
7683,69,D
7684,70,A
7685,18,B
7686,19,C
7687,20,D
7688,21,A
7689,22,B
7690,23,C
7692,25,A
7693,26,B
7694,27,C
7695,28,D
7696,29,A
7697,30,B
7698,31,C
7699,32,D
7700,33,A
7701,34,B
7703,36,D
7708,41,A
7709,42,B
7710,43,C
7711,44,D
7712,45,A
7714,47,C
7715,48,D
7716,49,A
7717,50,B
7719,52,D
7721,54,B
7722,55,C
7723,56,D
7724,57,A
7725,58,B
7726,59,C
7727,60,D
7728,61,A
7730,63,C
7731,64,D
7732,65,A
7733,66,B
7734,67,C
7735,68,D
7737,70,B
7738,18,C
7741,21,B
7742,22,C
7743,23,D
7744,24,A
7745,25,B
7746,26,C
7747,27,D
7749,29,B
7750,30,C
7751,31,D
7752,32,A
7753,33,B
7754,34,C
7755,35,D
7756,36,A
7757,37,B
7758,38,C
7759,39,D
7760,40,A
7761,41,B
7762,42,C
7763,43,D
7764,44,A
7765,45,B
7766,46,C
7767,47,D
7768,48,A
7769,49,B
7770,50,C
7771,51,D
7772,52,A
7773,53,B
7774,54,C
7776,56,A
7777,57,B
7778,58,C
7782,62,C
7783,63,D
7784,64,A
7786,66,C
7787,67,D
7788,68,A
7789,69,B
7791,18,D
7792,19,A
7793,20,B
7794,21,C
7795,22,D
7796,23,A
7797,24,B
7798,25,C
7799,26,D
7801,28,B
7802,29,C
7804,31,A
7805,32,B
7806,33,C
7807,34,D
7808,35,A
7809,36,B
7813,40,B
7814,41,C
7815,42,D
7816,43,A
7817,44,B
7818,45,C
7819,46,D
7820,47,A
7821,48,B
7822,49,C
7823,50,D
7824,51,A
7825,52,B
7827,54,D
7828,55,A
7829,56,B
7830,57,C
7831,58,D
7832,59,A
7833,60,B
7834,61,C
7835,62,D
7837,64,B
7840,67,A
7841,68,B
7842,69,C
7843,70,D
7845,19,B
7847,21,D
7849,23,B
7850,24,C
7851,25,D
7852,26,A
7854,28,C
7856,30,A
7857,31,B
7858,32,C
7859,33,D
7860,34,A
7862,36,C
7863,37,D
7864,38,A
7865,39,B
7866,40,C
7867,41,D
7868,42,A
7869,43,B
7870,44,C
7871,45,D
7872,46,A
7873,47,B
7874,48,C
7875,49,D
7878,52,C
7880,54,A
7881,55,B
7882,56,C
7883,57,D
7884,58,A
7885,59,B
7887,61,D
7888,62,A
7889,63,B
7890,64,C
7891,65,D
7892,66,A
7894,68,C
7895,69,D
7896,70,A
7897,18,B
7898,19,C
7899,20,D
7900,21,A
7902,23,C
7904,25,A
7905,26,B
7906,27,C
7907,28,D
7909,30,B
7910,31,C
7911,32,D
7912,33,A
7913,34,B
7914,35,C
7915,36,D
7916,37,A
7917,38,B
7918,39,C
7919,40,D
7920,41,A
7921,42,B
7922,43,C
7924,45,A
7925,46,B
7927,48,D
7928,49,A
7929,50,B
7930,51,C
7931,52,D
7932,53,A
7933,54,B
7934,55,C
7935,56,D
7936,57,A
7937,58,B
7938,59,C
7939,60,D
7940,61,A
7941,62,B
7942,63,C
7943,64,D
7944,65,A
7945,66,B
7946,67,C
7947,68,D
7948,69,A
7949,70,B
7950,18,C
7952,20,A
7955,23,D
7956,24,A
7957,25,B
7958,26,C
7959,27,D
7960,28,A
7961,29,B
7962,30,C
7963,31,D
7964,32,A
7965,33,B
7966,34,C
7969,37,B
7971,39,D
7972,40,A
7973,41,B
7974,42,C
7976,44,A
7977,45,B
7979,47,D
7980,48,A
7981,49,B
7982,50,C
7983,51,D
7984,52,A
7985,53,B
7986,54,C
7987,55,D
7988,56,A
7990,58,C
7991,59,D
7992,60,A
7993,61,B
7994,62,C
7995,63,D
7997,65,B
7998,66,C
7999,67,D
8000,68,A
8001,69,B
8002,70,C
8003,18,D
8004,19,A
8005,20,B
8007,22,D
8008,23,A
8009,24,B
8010,25,C
8012,27,A
8013,28,B
8014,29,C
8015,30,D
8016,31,A
8017,32,B
8018,33,C
8019,34,D
8020,35,A
8021,36,B
8022,37,C
8023,38,D
8024,39,A
8025,40,B
8026,41,C
8027,42,D
8028,43,A
8029,44,B
8030,45,C
8031,46,D
8032,47,A
8035,50,D
8036,51,A
8037,52,B
8038,53,C
8039,54,D
8040,55,A
8041,56,B
8042,57,C
8043,58,D
8045,60,B
8046,61,C
8047,62,D
8049,64,B
8054,69,C
8055,70,D
8057,19,B
8058,20,C
8059,21,D
8060,22,A
8061,23,B
8062,24,C
8063,25,D
8064,26,A
8065,27,B
8066,28,C
8068,30,A
8069,31,B
8070,32,C
8071,33,D
8072,34,A
8073,35,B
8074,36,C
8075,37,D
8076,38,A
8077,39,B
8080,42,A
8081,43,B
8082,44,C
8083,45,D
8084,46,A
8085,47,B
8086,48,C
8088,50,A
8089,51,B
8090,52,C
8091,53,D
8092,54,A
8093,55,B
8094,56,C
8095,57,D
8096,58,A
8097,59,B
8100,62,A
8101,63,B
8102,64,C
8103,65,D
8105,67,B
8106,68,C
8107,69,D
8108,70,A
8109,18,B
8110,19,C
8111,20,D
8112,21,A
8113,22,B
8114,23,C
8115,24,D
8116,25,A
8117,26,B
8120,29,A
8121,30,B
8122,31,C
8123,32,D
8124,33,A
8125,34,B
8126,35,C
8127,36,D
8128,37,A
8129,38,B
8130,39,C
8131,40,D
8132,41,A
8133,42,B
8135,44,D
8136,45,A
8137,46,B
8138,47,C
8139,48,D
8140,49,A
8141,50,B
8142,51,C
8144,53,A
8145,54,B
8146,55,C
8147,56,D
8148,57,A
8149,58,B
8150,59,C
8151,60,D
8152,61,A
8153,62,B
8154,63,C
8155,64,D
8156,65,A
8157,66,B
8158,67,C
8159,68,D
8160,69,A
8161,70,B
8163,19,D
8164,20,A
8165,21,B
8166,22,C
8167,23,D
8168,24,A
8169,25,B
8170,26,C
8171,27,D
8172,28,A
8173,29,B
8174,30,C
8175,31,D
8176,32,A
8177,33,B
8178,34,C
8179,35,D
8180,36,A
8182,38,C
8183,39,D
8184,40,A
8185,41,B
8186,42,C
8187,43,D
8188,44,A
8189,45,B
8190,46,C
8191,47,D
8192,48,A
8194,50,C
8196,52,A
8197,53,B
8198,54,C
8199,55,D
8200,56,A
8201,57,B
8202,58,C
8203,59,D
8204,60,A
8205,61,B
8206,62,C
8207,63,D
8209,65,B
8210,66,C
8211,67,D
8212,68,A
8213,69,B
8214,70,C
8215,18,D
8217,20,B
8218,21,C
8219,22,D
8220,23,A
8222,25,C
8224,27,A
8225,28,B
8226,29,C
8227,30,D
8228,31,A
8230,33,C
8231,34,D
8232,35,A
8233,36,B
8234,37,C
8236,39,A
8237,40,B
8238,41,C
8239,42,D
8240,43,A
8241,44,B
8242,45,C
8243,46,D
8244,47,A
8245,48,B
8246,49,C
8247,50,D
8248,51,A
8249,52,B
8250,53,C
8251,54,D
8252,55,A
8253,56,B
8254,57,C
8255,58,D
8257,60,B
8258,61,C
8259,62,D
8260,63,A
8261,64,B
8262,65,C
8263,66,D
8264,67,A
8266,69,C
8267,70,D
8268,18,A
8269,19,B
8270,20,C
8271,21,D
8272,22,A
8273,23,B
8274,24,C
8275,25,D
8276,26,A
8277,27,B
8278,28,C
8279,29,D
8280,30,A
8281,31,B
8282,32,C
8283,33,D
8284,34,A
8285,35,B
8286,36,C
8287,37,D
8288,38,A
8289,39,B
8291,41,D
8292,42,A
8293,43,B
8294,44,C
8295,45,D
8296,46,A
8297,47,B
8298,48,C
8301,51,B
8303,53,D
8305,55,B
8306,56,C
8307,57,D
8309,59,B
8310,60,C
8311,61,D
8312,62,A
8313,63,B
8314,64,C
8315,65,D
8316,66,A
8317,67,B
8318,68,C
8319,69,D
8320,70,A
8321,18,B
8322,19,C
8323,20,D
8324,21,A
8325,22,B
8326,23,C
8327,24,D
8328,25,A
8329,26,B
8330,27,C
8331,28,D
8332,29,A
8333,30,B
8334,31,C
8335,32,D
8336,33,A
8339,36,D
8342,39,C
8343,40,D
8344,41,A
8347,44,D
8348,45,A
8349,46,B
8350,47,C
8351,48,D
8352,49,A
8353,50,B
8354,51,C
8355,52,D
8356,53,A
8358,55,C
8360,57,A
8361,58,B
8362,59,C
8363,60,D
8364,61,A
8365,62,B
8367,64,D
8368,65,A
8370,67,C
8371,68,D
8372,69,A
8373,70,B
8374,18,C
8375,19,D
8376,20,A
8377,21,B
8378,22,C
8379,23,D
8380,24,A
8381,25,B
8383,27,D
8384,28,A
8386,30,C
8387,31,D
8388,32,A
8389,33,B
8390,34,C
8391,35,D
8393,37,B
8395,39,D
8397,41,B
8398,42,C
8399,43,D
8400,44,A
8401,45,B
8402,46,C
8403,47,D
8404,48,A
8405,49,B
8406,50,C
8407,51,D
8408,52,A
8410,54,C
8411,55,D
8412,56,A
8413,57,B
8414,58,C
8415,59,D
8416,60,A
8417,61,B
8418,62,C
8419,63,D
8420,64,A
8421,65,B
8422,66,C
8423,67,D
8424,68,A
8425,69,B
8426,70,C
8427,18,D
8430,21,C
8431,22,D
8432,23,A
8433,24,B
8434,25,C
8435,26,D
8436,27,A
8437,28,B
8438,29,C
8439,30,D
8440,31,A
8441,32,B
8443,34,D
8444,35,A
8446,37,C
8447,38,D
8448,39,A
8449,40,B
8450,41,C
8451,42,D
8452,43,A
8453,44,B
8454,45,C
8455,46,D
8456,47,A
8457,48,B
8458,49,C
8459,50,D
8460,51,A
8461,52,B
8462,53,C
8463,54,D
8464,55,A
8465,56,B
8466,57,C
8467,58,D
8468,59,A
8469,60,B
8470,61,C
8471,62,D
8472,63,A
8474,65,C
8475,66,D
8476,67,A
8477,68,B
8478,69,C
8480,18,A
8481,19,B
8483,21,D
8484,22,A
8485,23,B
8486,24,C
8487,25,D
8488,26,A
8490,28,C
8491,29,D
8493,31,B
8494,32,C
8495,33,D
8496,34,A
8497,35,B
8498,36,C
8499,37,D
8501,39,B
8502,40,C
8503,41,D
8504,42,A
8505,43,B
8508,46,A
8509,47,B
8511,49,D
8512,50,A
8513,51,B
8514,52,C
8516,54,A
8517,55,B
8518,56,C
8519,57,D
8521,59,B
8522,60,C
8523,61,D
8524,62,A
8525,63,B
8526,64,C
8527,65,D
8528,66,A
8529,67,B
8530,68,C
8531,69,D
8532,70,A
8533,18,B
8535,20,D
8536,21,A
8537,22,B
8538,23,C
8539,24,D
8541,26,B
8542,27,C
8545,30,B
8546,31,C
8548,33,A
8549,34,B
8550,35,C
8551,36,D
8552,37,A
8553,38,B
8554,39,C
8555,40,D
8556,41,A
8557,42,B
8558,43,C
8559,44,D
8560,45,A
8561,46,B
8562,47,C
8563,48,D
8564,49,A
8566,51,C
8567,52,D
8568,53,A
8569,54,B
8570,55,C
8571,56,D
8572,57,A
8574,59,C
8575,60,D
8576,61,A
8577,62,B
8578,63,C
8581,66,B
8583,68,D
8584,69,A
8585,70,B
8587,19,D
8588,20,A
8589,21,B
8590,22,C
8591,23,D
8592,24,A
8593,25,B
8594,26,C
8595,27,D
8598,30,C
8599,31,D
8600,32,A
8601,33,B
8603,35,D
8604,36,A
8605,37,B
8606,38,C
8607,39,D
8608,40,A
8609,41,B
8610,42,C
8612,44,A
8613,45,B
8614,46,C
8615,47,D
8616,48,A
8618,50,C
8619,51,D
8620,52,A
8621,53,B
8622,54,C
8623,55,D
8624,56,A
8627,59,D
8629,61,B
8630,62,C
8633,65,B
8634,66,C
8635,67,D
8636,68,A
8637,69,B
8638,70,C
8639,18,D
8641,20,B
8643,22,D
8644,23,A
8645,24,B
8646,25,C
8647,26,D
8648,27,A
8649,28,B
8650,29,C
8651,30,D
8652,31,A
8653,32,B
8654,33,C
8655,34,D
8656,35,A
8657,36,B
8658,37,C
8659,38,D
8662,41,C
8663,42,D
8664,43,A
8665,44,B
8666,45,C
8668,47,A
8669,48,B
8671,50,D
8672,51,A
8673,52,B
8674,53,C
8675,54,D
8676,55,A
8677,56,B
8678,57,C
8679,58,D
8680,59,A
8681,60,B
8682,61,C
8683,62,D
8684,63,A
8685,64,B
8686,65,C
8687,66,D
8688,67,A
8689,68,B
8693,19,B
8694,20,C
8695,21,D
8696,22,A
8697,23,B
8698,24,C
8699,25,D
8700,26,A
8701,27,B
8702,28,C
8703,29,D
8704,30,A
8705,31,B
8706,32,C
8707,33,D
8708,34,A
8709,35,B
8710,36,C
8711,37,D
8712,38,A
8713,39,B
8714,40,C
8715,41,D
8716,42,A
8717,43,B
8718,44,C
8719,45,D
8720,46,A
8721,47,B
8722,48,C
8723,49,D
8724,50,A
8725,51,B
8726,52,C
8727,53,D
8728,54,A
8729,55,B
8730,56,C
8731,57,D
8732,58,A
8733,59,B
8734,60,C
8735,61,D
8736,62,A
8738,64,C
8739,65,D
8740,66,A
8742,68,C
8743,69,D
8744,70,A
8745,18,B
8746,19,C
8747,20,D
8749,22,B
8750,23,C
8753,26,B
8754,27,C
8755,28,D
8756,29,A
8757,30,B
8759,32,D
8760,33,A
8762,35,C
8764,37,A
8766,39,C
8767,40,D
8768,41,A
8769,42,B
8770,43,C
8771,44,D
8772,45,A
8773,46,B
8774,47,C
8775,48,D
8776,49,A
8777,50,B
8778,51,C
8779,52,D
8780,53,A
8781,54,B
8782,55,C
8783,56,D
8784,57,A
8785,58,B
8786,59,C
8787,60,D
8788,61,A
8789,62,B
8790,63,C
8791,64,D
8792,65,A
8793,66,B
8794,67,C
8795,68,D
8796,69,A
8797,70,B
8798,18,C
8799,19,D
8800,20,A
8801,21,B
8802,22,C
8803,23,D
8804,24,A
8805,25,B
8806,26,C
8807,27,D
8808,28,A
8809,29,B
8810,30,C
8812,32,A
8813,33,B
8814,34,C
8815,35,D
8817,37,B
8818,38,C
8819,39,D
8820,40,A
8821,41,B
8823,43,D
8824,44,A
8825,45,B
8827,47,D
8828,48,A
8830,50,C
8831,51,D
8832,52,A
8833,53,B
8834,54,C
8835,55,D
8836,56,A
8837,57,B
8838,58,C
8839,59,D
8840,60,A
8841,61,B
8842,62,C
8843,63,D
8844,64,A
8845,65,B
8846,66,C
8850,70,C
8851,18,D
8852,19,A
8853,20,B
8854,21,C
8857,24,B
8858,25,C
8859,26,D
8860,27,A
8861,28,B
8862,29,C
8863,30,D
8864,31,A
8865,32,B
8866,33,C
8867,34,D
8868,35,A
8869,36,B
8870,37,C
8871,38,D
8872,39,A
8873,40,B
8874,41,C
8875,42,D
8876,43,A
8877,44,B
8878,45,C
8879,46,D
8880,47,A
8881,48,B
8882,49,C
8883,50,D
8884,51,A
8886,53,C
8890,57,C
8891,58,D
8893,60,B
8894,61,C
8895,62,D
8896,63,A
8898,65,C
8899,66,D
8900,67,A
8901,68,B
8902,69,C
8903,70,D
8904,18,A
8906,20,C
8908,22,A
8909,23,B
8911,25,D
8912,26,A
8913,27,B
8914,28,C
8915,29,D
8916,30,A
8917,31,B
8918,32,C
8919,33,D
8920,34,A
8921,35,B
8922,36,C
8923,37,D
8924,38,A
8925,39,B
8926,40,C
8927,41,D
8928,42,A
8929,43,B
8931,45,D
8932,46,A
8933,47,B
8934,48,C
8936,50,A
8938,52,C
8939,53,D
8940,54,A
8941,55,B
8942,56,C
8943,57,D
8945,59,B
8946,60,C
8947,61,D
8948,62,A
8949,63,B
8951,65,D
8952,66,A
8953,67,B
8954,68,C
8955,69,D
8956,70,A
8957,18,B
8958,19,C
8960,21,A
8961,22,B
8962,23,C
8963,24,D
8964,25,A
8966,27,C
8967,28,D
8968,29,A
8969,30,B
8970,31,C
8971,32,D
8972,33,A
8973,34,B
8974,35,C
8975,36,D
8976,37,A
8977,38,B
8978,39,C
8979,40,D
8980,41,A
8981,42,B
8982,43,C
8983,44,D
8985,46,B
8986,47,C
8987,48,D
8988,49,A
8989,50,B
8991,52,D
8992,53,A
8993,54,B
8994,55,C
8996,57,A
8998,59,C
8999,60,D
9000,61,A
9001,62,B
9002,63,C
9003,64,D
9005,66,B
9006,67,C
9007,68,D
9008,69,A
9009,70,B
9010,18,C
9011,19,D
9014,22,C
9015,23,D
9016,24,A
9018,26,C
9019,27,D
9020,28,A
9021,29,B
9022,30,C
9023,31,D
9025,33,B
9029,37,B
9030,38,C
9032,40,A
9033,41,B
9034,42,C
9036,44,A
9038,46,C
9042,50,C
9045,53,B
9046,54,C
9049,57,B
9051,59,D
9053,61,B
9054,62,C
9056,64,A
9057,65,B
9058,66,C
9059,67,D
9060,68,A
9062,70,C
9063,18,D
9064,19,A
9065,20,B
9066,21,C
9069,24,B
9070,25,C
9071,26,D
9072,27,A
9075,30,D
9076,31,A
9077,32,B
9078,33,C
9079,34,D
9080,35,A
9081,36,B
9082,37,C
9083,38,D
9084,39,A
9085,40,B
9086,41,C
9087,42,D
9089,44,B
9090,45,C
9091,46,D
9092,47,A
9093,48,B
9095,50,D
9096,51,A
9100,55,A
9101,56,B
9102,57,C
9103,58,D
9105,60,B
9106,61,C
9108,63,A
9111,66,D
9112,67,A
9114,69,C
9116,18,A
9117,19,B
9118,20,C
9119,21,D
9120,22,A
9121,23,B
9122,24,C
9123,25,D
9124,26,A
9125,27,B
9126,28,C
9127,29,D
9128,30,A
9129,31,B
9130,32,C
9131,33,D
9132,34,A
9133,35,B
9134,36,C
9135,37,D
9136,38,A
9137,39,B
9138,40,C
9139,41,D
9140,42,A
9142,44,C
9143,45,D
9144,46,A
9145,47,B
9146,48,C
9147,49,D
9148,50,A
9150,52,C
9151,53,D
9152,54,A
9153,55,B
9154,56,C
9155,57,D
9157,59,B
9158,60,C
9159,61,D
9160,62,A
9161,63,B
9162,64,C
9163,65,D
9164,66,A
9165,67,B
9166,68,C
9167,69,D
9168,70,A
9169,18,B
9170,19,C
9171,20,D
9172,21,A
9173,22,B
9174,23,C
9175,24,D
9176,25,A
9177,26,B
9178,27,C
9179,28,D
9180,29,A
9181,30,B
9182,31,C
9183,32,D
9184,33,A
9186,35,C
9187,36,D
9188,37,A
9189,38,B
9190,39,C
9191,40,D
9193,42,B
9194,43,C
9195,44,D
9197,46,B
9198,47,C
9199,48,D
9200,49,A
9201,50,B
9202,51,C
9204,53,A
9206,55,C
9207,56,D
9208,57,A
9209,58,B
9210,59,C
9211,60,D
9213,62,B
9214,63,C
9215,64,D
9216,65,A
9218,67,C
9222,18,C
9223,19,D
9224,20,A
9225,21,B
9226,22,C
9227,23,D
9228,24,A
9229,25,B
9230,26,C
9231,27,D
9232,28,A
9233,29,B
9234,30,C
9235,31,D
9237,33,B
9239,35,D
9241,37,B
9243,39,D
9244,40,A
9245,41,B
9246,42,C
9247,43,D
9248,44,A
9250,46,C
9251,47,D
9252,48,A
9253,49,B
9254,50,C
9255,51,D
9256,52,A
9257,53,B
9258,54,C
9261,57,B
9262,58,C
9263,59,D
9264,60,A
9265,61,B
9266,62,C
9267,63,D
9268,64,A
9269,65,B
9271,67,D
9272,68,A
9276,19,A
9277,20,B
9279,22,D
9280,23,A
9282,25,C
9283,26,D
9284,27,A
9285,28,B
9287,30,D
9288,31,A
9289,32,B
9292,35,A
9293,36,B
9294,37,C
9295,38,D
9296,39,A
9297,40,B
9298,41,C
9300,43,A
9301,44,B
9302,45,C
9303,46,D
9304,47,A
9306,49,C
9307,50,D
9308,51,A
9309,52,B
9310,53,C
9312,55,A
9313,56,B
9314,57,C
9315,58,D
9316,59,A
9317,60,B
9318,61,C
9319,62,D
9320,63,A
9321,64,B
9322,65,C
9323,66,D
9324,67,A
9325,68,B
9326,69,C
9327,70,D
9328,18,A
9329,19,B
9330,20,C
9331,21,D
9332,22,A
9333,23,B
9334,24,C
9335,25,D
9336,26,A
9338,28,C
9340,30,A
9341,31,B
9343,33,D
9344,34,A
9345,35,B
9346,36,C
9347,37,D
9349,39,B
9350,40,C
9354,44,C
9356,46,A
9357,47,B
9358,48,C
9359,49,D
9360,50,A
9361,51,B
9362,52,C
9363,53,D
9364,54,A
9365,55,B
9366,56,C
9367,57,D
9369,59,B
9370,60,C
9371,61,D
9373,63,B
9376,66,A
9377,67,B
9378,68,C
9380,70,A
9382,19,C
9383,20,D
9384,21,A
9385,22,B
9388,25,A
9389,26,B
9390,27,C
9391,28,D
9392,29,A
9394,31,C
9395,32,D
9396,33,A
9397,34,B
9398,35,C
9399,36,D
9400,37,A
9401,38,B
9402,39,C
9403,40,D
9404,41,A
9405,42,B
9406,43,C
9407,44,D
9408,45,A
9409,46,B
9410,47,C
9411,48,D
9412,49,A
9413,50,B
9414,51,C
9415,52,D
9416,53,A
9417,54,B
9418,55,C
9419,56,D
9421,58,B
9422,59,C
9425,62,B
9426,63,C
9427,64,D
9428,65,A
9429,66,B
9430,67,C
9431,68,D
9432,69,A
9434,18,C
9435,19,D
9437,21,B
9438,22,C
9439,23,D
9440,24,A
9441,25,B
9444,28,A
9445,29,B
9448,32,A
9450,34,C
9451,35,D
9453,37,B
9454,38,C
9455,39,D
9456,40,A
9457,41,B
9458,42,C
9459,43,D
9460,44,A
9461,45,B
9462,46,C
9463,47,D
9465,49,B
9466,50,C
9467,51,D
9468,52,A
9469,53,B
9470,54,C
9471,55,D
9472,56,A
9473,57,B
9477,61,B
9478,62,C
9479,63,D
9480,64,A
9481,65,B
9483,67,D
9484,68,A
9485,69,B
9486,70,C
9487,18,D
9488,19,A
9489,20,B
9490,21,C
9491,22,D
9492,23,A
9493,24,B
9494,25,C
9495,26,D
9496,27,A
9497,28,B
9498,29,C
9499,30,D
9500,31,A
9501,32,B
9502,33,C
9503,34,D
9504,35,A
9505,36,B
9506,37,C
9507,38,D
9508,39,A
9509,40,B
9510,41,C
9511,42,D
9512,43,A
9514,45,C
9516,47,A
9517,48,B
9520,51,A
9521,52,B
9522,53,C
9523,54,D
9524,55,A
9525,56,B
9526,57,C
9527,58,D
9528,59,A
9530,61,C
9533,64,B
9534,65,C
9535,66,D
9536,67,A
9537,68,B
9539,70,D
9541,19,B
9542,20,C
9543,21,D
9544,22,A
9545,23,B
9546,24,C
9547,25,D
9548,26,A
9549,27,B
9550,28,C
9551,29,D
9552,30,A
9553,31,B
9555,33,D
9556,34,A
9557,35,B
9558,36,C
9561,39,B
9562,40,C
9564,42,A
9567,45,D
9568,46,A
9569,47,B
9570,48,C
9572,50,A
9573,51,B
9574,52,C
9576,54,A
9577,55,B
9581,59,B
9582,60,C
9583,61,D
9584,62,A
9585,63,B
9586,64,C
9587,65,D
9588,66,A
9589,67,B
9590,68,C
9591,69,D
9592,70,A
9593,18,B
9597,22,B
9598,23,C
9600,25,A
9601,26,B
9603,28,D
9605,30,B
9606,31,C
9610,35,C
9611,36,D
9612,37,A
9613,38,B
9614,39,C
9615,40,D
9616,41,A
9617,42,B
9619,44,D
9621,46,B
9622,47,C
9623,48,D
9624,49,A
9625,50,B
9628,53,A
9629,54,B
9630,55,C
9632,57,A
9633,58,B
9634,59,C
9635,60,D
9636,61,A
9637,62,B
9638,63,C
9639,64,D
9641,66,B
9642,67,C
9643,68,D
9644,69,A
9645,70,B
9646,18,C
9647,19,D
9649,21,B
9651,23,D
9652,24,A
9654,26,C
9656,28,A
9657,29,B
9659,31,D
9660,32,A
9661,33,B
9665,37,B
9667,39,D
9668,40,A
9669,41,B
9670,42,C
9671,43,D
9673,45,B
9674,46,C
9676,48,A
9677,49,B
9678,50,C
9680,52,A
9681,53,B
9682,54,C
9683,55,D
9684,56,A
9685,57,B
9686,58,C
9687,59,D
9689,61,B
9690,62,C
9691,63,D
9692,64,A
9693,65,B
9694,66,C
9695,67,D
9697,69,B
9698,70,C
9700,19,A
9702,21,C
9703,22,D
9704,23,A
9706,25,C
9707,26,D
9708,27,A
9710,29,C
9711,30,D
9712,31,A
9713,32,B
9714,33,C
9715,34,D
9716,35,A
9717,36,B
9719,38,D
9720,39,A
9721,40,B
9722,41,C
9723,42,D
9727,46,D
9729,48,B
9730,49,C
9731,50,D
9732,51,A
9733,52,B
9735,54,D
9736,55,A
9738,57,C
9739,58,D
9740,59,A
9742,61,C
9743,62,D
9744,63,A
9745,64,B
9746,65,C
9747,66,D
9748,67,A
9749,68,B
9750,69,C
9751,70,D
9752,18,A
9753,19,B
9754,20,C
9755,21,D
9756,22,A
9758,24,C
9759,25,D
9760,26,A
9761,27,B
9762,28,C
9763,29,D
9764,30,A
9765,31,B
9766,32,C
9767,33,D
9768,34,A
9769,35,B
9771,37,D
9773,39,B
9774,40,C
9775,41,D
9776,42,A
9777,43,B
9780,46,A
9781,47,B
9782,48,C
9784,50,A
9785,51,B
9786,52,C
9787,53,D
9788,54,A
9789,55,B
9790,56,C
9791,57,D
9793,59,B
9794,60,C
9796,62,A
9797,63,B
9798,64,C
9800,66,A
9801,67,B
9802,68,C
9803,69,D
9804,70,A
9805,18,B
9807,20,D
9808,21,A
9810,23,C
9812,25,A
9813,26,B
9814,27,C
9815,28,D
9816,29,A
9817,30,B
9818,31,C
9819,32,D
9820,33,A
9821,34,B
9823,36,D
9824,37,A
9825,38,B
9826,39,C
9827,40,D
9828,41,A
9829,42,B
9830,43,C
9831,44,D
9833,46,B
9834,47,C
9835,48,D
9837,50,B
9838,51,C
9839,52,D
9841,54,B
9842,55,C
9843,56,D
9844,57,A
9845,58,B
9846,59,C
9847,60,D
9848,61,A
9849,62,B
9850,63,C
9851,64,D
9852,65,A
9855,68,D
9857,70,B
9858,18,C
9860,20,A
9861,21,B
9862,22,C
9863,23,D
9864,24,A
9865,25,B
9866,26,C
9867,27,D
9868,28,A
9869,29,B
9870,30,C
9872,32,A
9873,33,B
9874,34,C
9875,35,D
9876,36,A
9877,37,B
9880,40,A
9881,41,B
9882,42,C
9883,43,D
9886,46,C
9890,50,C
9895,55,D
9898,58,C
9900,60,A
9902,62,C
9903,63,D
9907,67,D
9908,68,A
9909,69,B
9910,70,C
9912,19,A
9913,20,B
9919,26,D
9921,28,B
9922,29,C
9923,30,D
9925,32,B
9928,35,A
9930,37,C
9936,43,A
9937,44,B
9938,45,C
9939,46,D
9943,50,D
9946,53,C
9947,54,D
9948,55,A
9949,56,B
9952,59,A
9953,60,B
9955,62,D
9956,63,A
9957,64,B
9959,66,D
9963,70,D
9965,19,B
9967,21,D
9968,22,A
9970,24,C
9971,25,D
9974,28,C
9975,29,D
9976,30,A
9978,32,C
9979,33,D
9980,34,A
9981,35,B
9982,36,C
9983,37,D
9985,39,B
9986,40,C
9989,43,B
9990,44,C
9991,45,D
9993,47,B
9994,48,C
9995,49,D
9997,51,B
9998,52,C
9999,53,D
10000,54,A
10001,55,B
10002,56,C
10003,57,D
10005,59,B
10007,61,D
10008,62,A
10009,63,B
10011,65,D
10013,67,B
10014,68,C
10017,18,B
10021,22,B
10022,23,C
10023,24,D
10024,25,A
10025,26,B
10027,28,D
10028,29,A
10029,30,B
10030,31,C
10031,32,D
10032,33,A
10034,35,C
10035,36,D
10036,37,A
10037,38,B
10039,40,D
10040,41,A
10044,45,A
10045,46,B
10046,47,C
10047,48,D
10049,50,B
10052,53,A
10053,54,B
10056,57,A
10057,58,B
10059,60,D
10060,61,A
10061,62,B
10062,63,C
10063,64,D
10064,65,A
10065,66,B
10066,67,C
10068,69,A
10069,70,B
10070,18,C
10071,19,D
10074,22,C
10075,23,D
10076,24,A
10077,25,B
10078,26,C
10079,27,D
10080,28,A
10081,29,B
10082,30,C
10083,31,D
10084,32,A
10085,33,B
10087,35,D
10090,38,C
10091,39,D
10094,42,C
10096,44,A
10097,45,B
10098,46,C
10100,48,A
10101,49,B
10104,52,A
10106,54,C
10107,55,D
10108,56,A
10109,57,B
10110,58,C
10111,59,D
10112,60,A
10113,61,B
10114,62,C
10116,64,A
10117,65,B
10120,68,A
10122,70,C
10123,18,D
10124,19,A
10126,21,C
10127,22,D
10129,24,B
10130,25,C
10131,26,D
10132,27,A
10133,28,B
10134,29,C
10135,30,D
10142,37,C
10143,38,D
10144,39,A
10145,40,B
10146,41,C
10147,42,D
10149,44,B
10150,45,C
10152,47,A
10153,48,B
10154,49,C
10155,50,D
10156,51,A
10158,53,C
10159,54,D
10160,55,A
10162,57,C
10163,58,D
10164,59,A
10165,60,B
10167,62,D
10168,63,A
10170,65,C
10171,66,D
10172,67,A
10175,70,D
10176,18,A
10177,19,B
10178,20,C
10179,21,D
10180,22,A
10182,24,C
10183,25,D
10184,26,A
10185,27,B
10186,28,C
10187,29,D
10188,30,A
10189,31,B
10190,32,C
10192,34,A
10194,36,C
10195,37,D
10196,38,A
10197,39,B
10198,40,C
10200,42,A
10201,43,B
10202,44,C
10204,46,A
10205,47,B
10206,48,C
10207,49,D
10208,50,A
10209,51,B
10210,52,C
10211,53,D
10212,54,A
10213,55,B
10214,56,C
10215,57,D
10216,58,A
10217,59,B
10219,61,D
10220,62,A
10221,63,B
10225,67,B
10226,68,C
10227,69,D
10230,19,C
10231,20,D
10232,21,A
10233,22,B
10234,23,C
10238,27,C
10239,28,D
10240,29,A
10241,30,B
10242,31,C
10243,32,D
10244,33,A
10245,34,B
10246,35,C
10248,37,A
10249,38,B
10250,39,C
10252,41,A
10255,44,D
10256,45,A
10257,46,B
10258,47,C
10259,48,D
10260,49,A
10261,50,B
10262,51,C
10264,53,A
10265,54,B
10266,55,C
10267,56,D
10268,57,A
10269,58,B
10271,60,D
10272,61,A
10273,62,B
10274,63,C
10275,64,D
10279,68,D
10281,70,B
10282,18,C
10283,19,D
10284,20,A
10286,22,C
10287,23,D
10290,26,C
10291,27,D
10293,29,B
10294,30,C
10295,31,D
10296,32,A
10297,33,B
10303,39,D
10306,42,C
10307,43,D
10308,44,A
10309,45,B
10310,46,C
10311,47,D
10312,48,A
10313,49,B
10314,50,C
10315,51,D
10316,52,A
10317,53,B
10318,54,C
10319,55,D
10320,56,A
10321,57,B
10322,58,C
10324,60,A
10325,61,B
10326,62,C
10327,63,D
10328,64,A
10330,66,C
10331,67,D
10332,68,A
10333,69,B
10334,70,C
10335,18,D
10336,19,A
10337,20,B
10338,21,C
10340,23,A
10342,25,C
10344,27,A
10345,28,B
10346,29,C
10347,30,D
10348,31,A
10349,32,B
10350,33,C
10351,34,D
10353,36,B
10354,37,C
10355,38,D
10356,39,A
10357,40,B
10358,41,C
10359,42,D
10360,43,A
10362,45,C
10363,46,D
10364,47,A
10365,48,B
10366,49,C
10367,50,D
10368,51,A
10369,52,B
10370,53,C
10371,54,D
10372,55,A
10373,56,B
10375,58,D
10376,59,A
10377,60,B
10378,61,C
10379,62,D
10380,63,A
10382,65,C
10385,68,B
10386,69,C
10387,70,D
10388,18,A
10389,19,B
10390,20,C
10391,21,D
10392,22,A
10393,23,B
10394,24,C
10395,25,D
10397,27,B
10398,28,C
10399,29,D
10400,30,A
10403,33,D
10404,34,A
10405,35,B
10406,36,C
10407,37,D
10409,39,B
10410,40,C
10411,41,D
10412,42,A
10413,43,B
10414,44,C
10415,45,D
10416,46,A
10417,47,B
10418,48,C
10419,49,D
10420,50,A
10421,51,B
10422,52,C
10423,53,D
10424,54,A
10425,55,B
10426,56,C
10427,57,D
10428,58,A
10429,59,B
10430,60,C
10431,61,D
10432,62,A
10433,63,B
10434,64,C
10435,65,D
10436,66,A
10438,68,C
10439,69,D
10440,70,A
10441,18,B
10442,19,C
10443,20,D
10444,21,A
10445,22,B
10446,23,C
10447,24,D
10448,25,A
10449,26,B
10450,27,C
10451,28,D
10452,29,A
10453,30,B
10455,32,D
10456,33,A
10457,34,B
10458,35,C
10459,36,D
10460,37,A
10464,41,A
10466,43,C
10467,44,D
10468,45,A
10469,46,B
10470,47,C
10471,48,D
10472,49,A
10473,50,B
10474,51,C
10475,52,D
10476,53,A
10477,54,B
10478,55,C
10480,57,A
10481,58,B
10482,59,C
10483,60,D
10484,61,A
10485,62,B
10486,63,C
10487,64,D
10488,65,A
10489,66,B
10491,68,D
10492,69,A
10493,70,B
10494,18,C
10495,19,D
10496,20,A
10497,21,B
10498,22,C
10499,23,D
10500,24,A
10503,27,D
10504,28,A
10505,29,B
10506,30,C
10510,34,C
10511,35,D
10512,36,A
10513,37,B
10514,38,C
10516,40,A
10517,41,B
10519,43,D
10520,44,A
10521,45,B
10522,46,C
10523,47,D
10524,48,A
10525,49,B
10526,50,C
10528,52,A
10530,54,C
10532,56,A
10533,57,B
10534,58,C
10535,59,D
10536,60,A
10537,61,B
10538,62,C
10541,65,B
10542,66,C
10543,67,D
10544,68,A
10545,69,B
10546,70,C
10547,18,D
10548,19,A
10549,20,B
10550,21,C
10551,22,D
10552,23,A
10553,24,B
10554,25,C
10555,26,D
10556,27,A
10557,28,B
10558,29,C
10559,30,D
10560,31,A
10561,32,B
10562,33,C
10563,34,D
10564,35,A
10565,36,B
10566,37,C
10567,38,D
10568,39,A
10570,41,C
10571,42,D
10573,44,B
10574,45,C
10575,46,D
10576,47,A
10577,48,B
10581,52,B
10582,53,C
10586,57,C
10588,59,A
10589,60,B
10590,61,C
10591,62,D
10593,64,B
10594,65,C
10595,66,D
10596,67,A
10597,68,B
10598,69,C
10599,70,D
10600,18,A
10604,22,A
10605,23,B
10606,24,C
10607,25,D
10608,26,A
10609,27,B
10610,28,C
10611,29,D
10612,30,A
10614,32,C
10615,33,D
10617,35,B
10618,36,C
10619,37,D
10620,38,A
10621,39,B
10622,40,C
10623,41,D
10624,42,A
10626,44,C
10627,45,D
10628,46,A
10629,47,B
10630,48,C
10631,49,D
10632,50,A
10633,51,B
10634,52,C
10635,53,D
10636,54,A
10637,55,B
10638,56,C
10639,57,D
10640,58,A
10642,60,C
10643,61,D
10644,62,A
10645,63,B
10646,64,C
10647,65,D
10648,66,A
10649,67,B
10650,68,C
10651,69,D
10652,70,A
10653,18,B
10654,19,C
10655,20,D
10656,21,A
10657,22,B
10658,23,C
10659,24,D
10660,25,A
10661,26,B
10662,27,C
10663,28,D
10664,29,A
10666,31,C
10667,32,D
10668,33,A
10669,34,B
10670,35,C
10671,36,D
10672,37,A
10673,38,B
10674,39,C
10675,40,D
10676,41,A
10677,42,B
10678,43,C
10679,44,D
10680,45,A
10681,46,B
10682,47,C
10683,48,D
10684,49,A
10686,51,C
10687,52,D
10688,53,A
10689,54,B
10690,55,C
10691,56,D
10692,57,A
10693,58,B
10694,59,C
10695,60,D
10696,61,A
10697,62,B
10698,63,C
10699,64,D
10700,65,A
10701,66,B
10702,67,C
10703,68,D
10704,69,A
10705,70,B
10706,18,C
10707,19,D
10709,21,B
10710,22,C
10711,23,D
10712,24,A
10713,25,B
10714,26,C
10716,28,A
10720,32,A
10721,33,B
10722,34,C
10723,35,D
10724,36,A
10725,37,B
10726,38,C
10727,39,D
10728,40,A
10729,41,B
10730,42,C
10731,43,D
10732,44,A
10733,45,B
10734,46,C
10735,47,D
10736,48,A
10737,49,B
10738,50,C
10739,51,D
10740,52,A
10741,53,B
10742,54,C
10743,55,D
10744,56,A
10745,57,B
10746,58,C
10747,59,D
10748,60,A
10749,61,B
10750,62,C
10751,63,D
10753,65,B
10754,66,C
10756,68,A
10760,19,A
10761,20,B
10762,21,C
10763,22,D
10764,23,A
10765,24,B
10766,25,C
10768,27,A
10769,28,B
10770,29,C
10771,30,D
10772,31,A
10774,33,C
10775,34,D
10776,35,A
10777,36,B
10778,37,C
10779,38,D
10780,39,A
10781,40,B
10784,43,A
10786,45,C
10790,49,C
10792,51,A
10793,52,B
10794,53,C
10795,54,D
10796,55,A
10797,56,B
10799,58,D
10800,59,A
10801,60,B
10802,61,C
10803,62,D
10804,63,A
10806,65,C
10807,66,D
10808,67,A
10811,70,D
10812,18,A
10814,20,C
10815,21,D
10818,24,C
10819,25,D
10820,26,A
10821,27,B
10822,28,C
10823,29,D
10824,30,A
10825,31,B
10826,32,C
10827,33,D
10828,34,A
10829,35,B
10830,36,C
10831,37,D
10832,38,A
10836,42,A
10838,44,C
10839,45,D
10840,46,A
10841,47,B
10842,48,C
10843,49,D
10844,50,A
10845,51,B
10846,52,C
10847,53,D
10848,54,A
10849,55,B
10850,56,C
10851,57,D
10852,58,A
10853,59,B
10854,60,C
10855,61,D
10856,62,A
10857,63,B
10858,64,C
10859,65,D
10860,66,A
10861,67,B
10862,68,C
10864,70,A
10867,20,D
10868,21,A
10869,22,B
10871,24,D
10872,25,A
10874,27,C
10876,29,A
10879,32,D
10881,34,B
10883,36,D
10886,39,C
10889,42,B
10891,44,D
10892,45,A
10894,47,C
10895,48,D
10897,50,B
10898,51,C
10899,52,D
10900,53,A
10901,54,B
10902,55,C
10903,56,D
10904,57,A
10905,58,B
10906,59,C
10907,60,D
10908,61,A
10909,62,B
10911,64,D
10912,65,A
10913,66,B
10914,67,C
10915,68,D
10916,69,A
10919,19,D
10920,20,A
10921,21,B
10923,23,D
10926,26,C
10928,28,A
10931,31,D
10932,32,A
10936,36,A
10937,37,B
10938,38,C
10939,39,D
10940,40,A
10942,42,C
10943,43,D
10944,44,A
10945,45,B
10946,46,C
10947,47,D
10949,49,B
10950,50,C
10951,51,D
10953,53,B
10956,56,A
10957,57,B
10960,60,A
10961,61,B
10963,63,D
10964,64,A
10965,65,B
10967,67,D
10968,68,A
10970,70,C
10971,18,D
10972,19,A
10974,21,C
10975,22,D
10976,23,A
10977,24,B
10978,25,C
10979,26,D
10980,27,A
10981,28,B
10982,29,C
10983,30,D
10988,35,A
10989,36,B
10991,38,D
10992,39,A
10993,40,B
10994,41,C
10996,43,A
10997,44,B
10998,45,C
10999,46,D
11000,47,A
11001,48,B
11002,49,C
11003,50,D
11005,52,B
11006,53,C
11007,54,D
11008,55,A
11009,56,B
11010,57,C
11012,59,A
11014,61,C
11016,63,A
11018,65,C
11021,68,B
11022,69,C
11023,70,D
11024,18,A
11026,20,C
11027,21,D
11030,24,C
11031,25,D
11034,28,C
11037,31,B
11038,32,C
11042,36,C
11045,39,B
11047,41,D
11048,42,A
11051,45,D
11052,46,A
11053,47,B
11054,48,C
11056,50,A
11057,51,B
11058,52,C
11060,54,A
11061,55,B
11062,56,C
11063,57,D
11064,58,A
11065,59,B
11066,60,C
11067,61,D
11068,62,A
11069,63,B
11070,64,C
11071,65,D
11072,66,A
11073,67,B
11074,68,C
11075,69,D
11076,70,A
11077,18,B
11078,19,C
11081,22,B
11083,24,D
11085,26,B
11086,27,C
11089,30,B
11091,32,D
11092,33,A
11093,34,B
11094,35,C
11095,36,D
11097,38,B
11098,39,C
11099,40,D
11100,41,A
11101,42,B
11102,43,C
11103,44,D
11104,45,A
11105,46,B
11107,48,D
11108,49,A
11111,52,D
11114,55,C
11116,57,A
11117,58,B
11119,60,D
11120,61,A
11121,62,B
11122,63,C
11123,64,D
11124,65,A
11126,67,C
11129,70,B
11130,18,C
11134,22,C
11135,23,D
11136,24,A
11137,25,B
11138,26,C
11139,27,D
11142,30,C
11143,31,D
11144,32,A
11146,34,C
11147,35,D
11149,37,B
11150,38,C
11151,39,D
11152,40,A
11154,42,C
11155,43,D
11156,44,A
11157,45,B
11158,46,C
11161,49,B
11162,50,C
11163,51,D
11164,52,A
11165,53,B
11166,54,C
11167,55,D
11169,57,B
11170,58,C
11171,59,D
11173,61,B
11174,62,C
11175,63,D
11177,65,B
11178,66,C
11179,67,D
11180,68,A
11181,69,B
11182,70,C
11183,18,D
11184,19,A
11185,20,B
11187,22,D
11188,23,A
11189,24,B
11190,25,C
11191,26,D
11192,27,A
11193,28,B
11194,29,C
11195,30,D
11196,31,A
11197,32,B
11198,33,C
11199,34,D
11200,35,A
11201,36,B
11202,37,C
11203,38,D
11204,39,A
11205,40,B
11206,41,C
11207,42,D
11208,43,A
11209,44,B
11210,45,C
11212,47,A
11213,48,B
11214,49,C
11215,50,D
11217,52,B
11218,53,C
11220,55,A
11222,57,C
11223,58,D
11224,59,A
11225,60,B
11226,61,C
11227,62,D
11228,63,A
11229,64,B
11230,65,C
11231,66,D
11232,67,A
11233,68,B
11234,69,C
11235,70,D
11236,18,A
11237,19,B
11238,20,C
11239,21,D
11240,22,A
11241,23,B
11242,24,C
11243,25,D
11245,27,B
11246,28,C
11247,29,D
11248,30,A
11249,31,B
11250,32,C
11252,34,A
11253,35,B
11254,36,C
11256,38,A
11257,39,B
11258,40,C
11259,41,D
11260,42,A
11261,43,B
11262,44,C
11263,45,D
11267,49,D
11269,51,B
11270,52,C
11271,53,D
11272,54,A
11273,55,B
11275,57,D
11277,59,B
11278,60,C
11280,62,A
11281,63,B
11283,65,D
11285,67,B
11287,69,D
11288,70,A
11289,18,B
11290,19,C
11291,20,D
11292,21,A
11294,23,C
11295,24,D
11296,25,A
11297,26,B
11298,27,C
11300,29,A
11302,31,C
11303,32,D
11305,34,B
11306,35,C
11307,36,D
11308,37,A
11310,39,C
11311,40,D
11312,41,A
11313,42,B
11315,44,D
11316,45,A
11317,46,B
11318,47,C
11319,48,D
11320,49,A
11322,51,C
11323,52,D
11324,53,A
11325,54,B
11327,56,D
11328,57,A
11329,58,B
11330,59,C
11331,60,D
11332,61,A
11333,62,B
11334,63,C
11335,64,D
11336,65,A
11340,69,A
11342,18,C
11344,20,A
11345,21,B
11346,22,C
11347,23,D
11348,24,A
11349,25,B
11351,27,D
11353,29,B
11354,30,C
11355,31,D
11356,32,A
11359,35,D
11361,37,B
11362,38,C
11363,39,D
11365,41,B
11366,42,C
11367,43,D
11368,44,A
11369,45,B
11370,46,C
11371,47,D
11372,48,A
11375,51,D
11376,52,A
11377,53,B
11378,54,C
11379,55,D
11380,56,A
11381,57,B
11382,58,C
11384,60,A
11385,61,B
11386,62,C
11388,64,A
11391,67,D
11394,70,C
11395,18,D
11396,19,A
11397,20,B
11398,21,C
11399,22,D
11402,25,C
11403,26,D
11404,27,A
11405,28,B
11406,29,C
11407,30,D
11408,31,A
11409,32,B
11410,33,C
11411,34,D
11412,35,A
11413,36,B
11414,37,C
11417,40,B
11418,41,C
11420,43,A
11422,45,C
11423,46,D
11425,48,B
11426,49,C
11427,50,D
11428,51,A
11429,52,B
11430,53,C
11432,55,A
11433,56,B
11437,60,B
11438,61,C
11439,62,D
11442,65,C
11444,67,A
11445,68,B
11446,69,C
11449,19,B
11450,20,C
11452,22,A
11453,23,B
11454,24,C
11455,25,D
11456,26,A
11457,27,B
11458,28,C
11459,29,D
11462,32,C
11463,33,D
11464,34,A
11465,35,B
11466,36,C
11468,38,A
11470,40,C
11473,43,B
11474,44,C
11475,45,D
11476,46,A
11477,47,B
11478,48,C
11479,49,D
11480,50,A
11481,51,B
11483,53,D
11484,54,A
11486,56,C
11487,57,D
11488,58,A
11489,59,B
11490,60,C
11491,61,D
11493,63,B
11494,64,C
11495,65,D
11496,66,A
11497,67,B
11500,70,A
11501,18,B
11502,19,C
11503,20,D
11504,21,A
11506,23,C
11507,24,D
11508,25,A
11510,27,C
11512,29,A
11514,31,C
11515,32,D
11516,33,A
11517,34,B
11518,35,C
11519,36,D
11520,37,A
11521,38,B
11522,39,C
11523,40,D
11526,43,C
11528,45,A
11529,46,B
11532,49,A
11535,52,D
11536,53,A
11537,54,B
11538,55,C
11540,57,A
11541,58,B
11542,59,C
11543,60,D
11544,61,A
11545,62,B
11546,63,C
11547,64,D
11548,65,A
11549,66,B
11550,67,C
11551,68,D
11552,69,A
11553,70,B
11554,18,C
11555,19,D
11556,20,A
11557,21,B
11558,22,C
11559,23,D
11560,24,A
11561,25,B
11562,26,C
11563,27,D
11564,28,A
11565,29,B
11566,30,C
11567,31,D
11568,32,A
11569,33,B
11571,35,D
11572,36,A
11573,37,B
11574,38,C
11575,39,D
11576,40,A
11577,41,B
11578,42,C
11579,43,D
11580,44,A
11581,45,B
11582,46,C
11583,47,D
11585,49,B
11586,50,C
11587,51,D
11588,52,A
11589,53,B
11590,54,C
11591,55,D
11592,56,A
11593,57,B
11594,58,C
11596,60,A
11597,61,B
11599,63,D
11600,64,A
11601,65,B
11602,66,C
11603,67,D
11604,68,A
11605,69,B
11606,70,C
11607,18,D
11609,20,B
11610,21,C
11611,22,D
11612,23,A
11614,25,C
11615,26,D
11616,27,A
11617,28,B
11618,29,C
11619,30,D
11620,31,A
11623,34,D
11624,35,A
11626,37,C
11627,38,D
11628,39,A
11630,41,C
11631,42,D
11633,44,B
11635,46,D
11636,47,A
11637,48,B
11639,50,D
11640,51,A
11641,52,B
11642,53,C
11643,54,D
11644,55,A
11645,56,B
11646,57,C
11647,58,D
11648,59,A
11649,60,B
11652,63,A
11653,64,B
11654,65,C
11656,67,A
11657,68,B
11658,69,C
11659,70,D
11661,19,B
11662,20,C
11664,22,A
11666,24,C
11668,26,A
11669,27,B
11670,28,C
11671,29,D
11672,30,A
11673,31,B
11675,33,D
11676,34,A
11677,35,B
11678,36,C
11681,39,B
11682,40,C
11683,41,D
11687,45,D
11688,46,A
11689,47,B
11690,48,C
11691,49,D
11692,50,A
11693,51,B
11695,53,D
11697,55,B
11698,56,C
11699,57,D
11700,58,A
11701,59,B
11703,61,D
11704,62,A
11705,63,B
11706,64,C
11707,65,D
11708,66,A
11709,67,B
11710,68,C
11711,69,D
11712,70,A
11715,20,D
11717,22,B
11718,23,C
11719,24,D
11721,26,B
11722,27,C
11723,28,D
11724,29,A
11726,31,C
11727,32,D
11728,33,A
11729,34,B
11730,35,C
11732,37,A
11733,38,B
11734,39,C
11737,42,B
11738,43,C
11739,44,D
11741,46,B
11744,49,A
11746,51,C
11747,52,D
11748,53,A
11749,54,B
11750,55,C
11751,56,D
11752,57,A
11753,58,B
11754,59,C
11755,60,D
11756,61,A
11759,64,D
11761,66,B
11762,67,C
11763,68,D
11764,69,A
11765,70,B
11766,18,C
11767,19,D
11768,20,A
11769,21,B
11770,22,C
11771,23,D
11772,24,A
11773,25,B
11774,26,C
11775,27,D
11776,28,A
11777,29,B
11778,30,C
11779,31,D
11780,32,A
11781,33,B
11783,35,D
11784,36,A
11785,37,B
11786,38,C
11787,39,D
11788,40,A
11789,41,B
11790,42,C
11791,43,D
11792,44,A
11795,47,D
11796,48,A
11797,49,B
11798,50,C
11799,51,D
11800,52,A
11801,53,B
11802,54,C
11807,59,D
11808,60,A
11809,61,B
11810,62,C
11811,63,D
11812,64,A
11813,65,B
11815,67,D
11818,70,C
11819,18,D
11820,19,A
11823,22,D
11824,23,A
11825,24,B
11827,26,D
11828,27,A
11829,28,B
11830,29,C
11831,30,D
11832,31,A
11833,32,B
11834,33,C
11835,34,D
11836,35,A
11837,36,B
11838,37,C
11839,38,D
11844,43,A
11845,44,B
11846,45,C
11847,46,D
11850,49,C
11852,51,A
11853,52,B
11854,53,C
11855,54,D
11856,55,A
11857,56,B
11859,58,D
11860,59,A
11861,60,B
11862,61,C
11863,62,D
11864,63,A
11865,64,B
11866,65,C
11867,66,D
11868,67,A
11870,69,C
11871,70,D
11872,18,A
11873,19,B
11874,20,C
11875,21,D
11876,22,A
11877,23,B
11878,24,C
11879,25,D
11880,26,A
11883,29,D
11884,30,A
11885,31,B
11886,32,C
11887,33,D
11889,35,B
11890,36,C
11891,37,D
11892,38,A
11894,40,C
11898,44,C
11901,47,B
11902,48,C
11904,50,A
11906,52,C
11908,54,A
11910,56,C
11911,57,D
11912,58,A
11913,59,B
11914,60,C
11915,61,D
11917,63,B
11918,64,C
11919,65,D
11920,66,A
11921,67,B
11922,68,C
11923,69,D
11924,70,A
11925,18,B
11926,19,C
11928,21,A
11930,23,C
11931,24,D
11933,26,B
11934,27,C
11935,28,D
11936,29,A
11938,31,C
11940,33,A
11941,34,B
11942,35,C
11943,36,D
11945,38,B
11946,39,C
11947,40,D
11949,42,B
11951,44,D
11955,48,D
11956,49,A
11957,50,B
11958,51,C
11960,53,A
11961,54,B
11962,55,C
11963,56,D
11964,57,A
11965,58,B
11966,59,C
11967,60,D
11968,61,A
11969,62,B
11972,65,A
11973,66,B
11975,68,D
11976,69,A
11977,70,B
11978,18,C
11979,19,D
11982,22,C
11983,23,D
11987,27,D
11990,30,C
11991,31,D
11992,32,A
11993,33,B
11995,35,D
11996,36,A
11998,38,C
11999,39,D
12001,41,B
12002,42,C
12003,43,D
12004,44,A
12006,46,C
12007,47,D
12008,48,A
12010,50,C
12011,51,D
12015,55,D
12016,56,A
12018,58,C
12019,59,D
12020,60,A
12022,62,C
12023,63,D
12024,64,A
12025,65,B
12026,66,C
12027,67,D
12028,68,A
12029,69,B
12030,70,C
12031,18,D
12032,19,A
12033,20,B
12034,21,C
12035,22,D
12036,23,A
12037,24,B
12044,31,A
12045,32,B
12046,33,C
12048,35,A
12049,36,B
12050,37,C
12051,38,D
12052,39,A
12055,42,D
12057,44,B
12058,45,C
12060,47,A
12061,48,B
12062,49,C
12063,50,D
12064,51,A
12065,52,B
12066,53,C
12067,54,D
12068,55,A
12069,56,B
12070,57,C
12071,58,D
12074,61,C
12077,64,B
12078,65,C
12079,66,D
12080,67,A
12081,68,B
12083,70,D
12084,18,A
12085,19,B
12086,20,C
12087,21,D
12089,23,B
12093,27,B
12096,30,A
12100,34,A
12101,35,B
12102,36,C
12103,37,D
12104,38,A
12106,40,C
12109,43,B
12110,44,C
12111,45,D
12112,46,A
12114,48,C
12115,49,D
12116,50,A
12117,51,B
12120,54,A
12121,55,B
12122,56,C
12123,57,D
12124,58,A
12126,60,C
12127,61,D
12128,62,A
12129,63,B
12130,64,C
12131,65,D
12133,67,B
12134,68,C
12135,69,D
12136,70,A
12137,18,B
12138,19,C
12139,20,D
12140,21,A
12142,23,C
12150,31,C
12151,32,D
12155,36,D
12157,38,B
12158,39,C
12160,41,A
12161,42,B
12162,43,C
12164,45,A
12165,46,B
12167,48,D
12168,49,A
12169,50,B
12170,51,C
12171,52,D
12172,53,A
12173,54,B
12174,55,C
12175,56,D
12176,57,A
12178,59,C
12179,60,D
12180,61,A
12181,62,B
12182,63,C
12183,64,D
12184,65,A
12186,67,C
12187,68,D
12188,69,A
12189,70,B
12190,18,C
12191,19,D
12192,20,A
12193,21,B
12195,23,D
12196,24,A
12197,25,B
12198,26,C
12199,27,D
12200,28,A
12201,29,B
12202,30,C
12203,31,D
12204,32,A
12205,33,B
12207,35,D
12208,36,A
12209,37,B
12210,38,C
12211,39,D
12212,40,A
12213,41,B
12215,43,D
12216,44,A
12217,45,B
12218,46,C
12219,47,D
12220,48,A
12221,49,B
12222,50,C
12223,51,D
12224,52,A
12225,53,B
12226,54,C
12227,55,D
12228,56,A
12229,57,B
12230,58,C
12231,59,D
12232,60,A
12233,61,B
12234,62,C
12235,63,D
12236,64,A
12237,65,B
12239,67,D
12240,68,A
12241,69,B
12242,70,C
12243,18,D
12244,19,A
12245,20,B
12246,21,C
12248,23,A
12249,24,B
12250,25,C
12251,26,D
12252,27,A
12253,28,B
12254,29,C
12255,30,D
12256,31,A
12257,32,B
12258,33,C
12259,34,D
12260,35,A
12263,38,D
12264,39,A
12265,40,B
12267,42,D
12269,44,B
12270,45,C
12271,46,D
12272,47,A
12273,48,B
12275,50,D
12276,51,A
12278,53,C
12280,55,A
12281,56,B
12282,57,C
12285,60,B
12286,61,C
12287,62,D
12289,64,B
12290,65,C
12292,67,A
12293,68,B
12294,69,C
12295,70,D
12296,18,A
12297,19,B
12298,20,C
12299,21,D
12300,22,A
12301,23,B
12302,24,C
12304,26,A
12305,27,B
12306,28,C
12307,29,D
12308,30,A
12310,32,C
12311,33,D
12312,34,A
12313,35,B
12315,37,D
12317,39,B
12318,40,C
12319,41,D
12320,42,A
12321,43,B
12322,44,C
12323,45,D
12324,46,A
12325,47,B
12326,48,C
12327,49,D
12328,50,A
12329,51,B
12330,52,C
12331,53,D
12332,54,A
12333,55,B
12337,59,B
12338,60,C
12339,61,D
12340,62,A
12342,64,C
12345,67,B
12346,68,C
12349,18,B
12350,19,C
12351,20,D
12352,21,A
12353,22,B
12355,24,D
12356,25,A
12357,26,B
12358,27,C
12359,28,D
12361,30,B
12362,31,C
12364,33,A
12365,34,B
12367,36,D
12368,37,A
12369,38,B
12371,40,D
12372,41,A
12373,42,B
12374,43,C
12376,45,A
12377,46,B
12378,47,C
12379,48,D
12381,50,B
12387,56,D
12388,57,A
12392,61,A
12395,64,D
12396,65,A
12399,68,D
12400,69,A
12401,70,B
12402,18,C
12403,19,D
12405,21,B
12408,24,A
12409,25,B
12410,26,C
12412,28,A
12413,29,B
12416,32,A
12419,35,D
12420,36,A
12421,37,B
12422,38,C
12424,40,A
12425,41,B
12427,43,D
12428,44,A
12433,49,B
12434,50,C
12435,51,D
12436,52,A
12437,53,B
12438,54,C
12440,56,A
12441,57,B
12442,58,C
12443,59,D
12444,60,A
12445,61,B
12446,62,C
12447,63,D
12448,64,A
12449,65,B
12450,66,C
12451,67,D
12452,68,A
12453,69,B
12454,70,C
12455,18,D
12458,21,C
12459,22,D
12460,23,A
12461,24,B
12462,25,C
12463,26,D
12465,28,B
12466,29,C
12468,31,A
12469,32,B
12470,33,C
12472,35,A
12473,36,B
12474,37,C
12475,38,D
12477,40,B
12479,42,D
12480,43,A
12481,44,B
12482,45,C
12483,46,D
12484,47,A
12485,48,B
12487,50,D
12489,52,B
12490,53,C
12491,54,D
12493,56,B
12494,57,C
12495,58,D
12496,59,A
12497,60,B
12498,61,C
12499,62,D
12500,63,A
12501,64,B
12502,65,C
12503,66,D
12504,67,A
12506,69,C
12507,70,D
12509,19,B
12510,20,C
12511,21,D
12512,22,A
12513,23,B
12514,24,C
12515,25,D
12517,27,B
12518,28,C
12522,32,C
12524,34,A
12525,35,B
12526,36,C
12527,37,D
12528,38,A
12529,39,B
12530,40,C
12532,42,A
12533,43,B
12534,44,C
12535,45,D
12536,46,A
12538,48,C
12539,49,D
12540,50,A
12541,51,B
12542,52,C
12543,53,D
12544,54,A
12545,55,B
12546,56,C
12547,57,D
12548,58,A
12549,59,B
12550,60,C
12551,61,D
12552,62,A
12553,63,B
12554,64,C
12556,66,A
12557,67,B
12558,68,C
12559,69,D
12560,70,A
12562,19,C
12563,20,D
12564,21,A
12565,22,B
12566,23,C
12567,24,D
12569,26,B
12571,28,D
12572,29,A
12573,30,B
12574,31,C
12575,32,D
12576,33,A
12577,34,B
12578,35,C
12579,36,D
12580,37,A
12581,38,B
12584,41,A
12585,42,B
12586,43,C
12588,45,A
12590,47,C
12591,48,D
12592,49,A
12593,50,B
12594,51,C
12596,53,A
12598,55,C
12599,56,D
12600,57,A
12601,58,B
12602,59,C
12603,60,D
12604,61,A
12605,62,B
12606,63,C
12607,64,D
12608,65,A
12609,66,B
12610,67,C
12611,68,D
12613,70,B
12614,18,C
12615,19,D
12616,20,A
12617,21,B
12618,22,C
12619,23,D
12620,24,A
12621,25,B
12622,26,C
12623,27,D
12624,28,A
12625,29,B
12626,30,C
12627,31,D
12628,32,A
12629,33,B
12630,34,C
12631,35,D
12632,36,A
12634,38,C
12635,39,D
12636,40,A
12637,41,B
12638,42,C
12639,43,D
12640,44,A
12641,45,B
12642,46,C
12643,47,D
12644,48,A
12645,49,B
12646,50,C
12647,51,D
12648,52,A
12649,53,B
12650,54,C
12651,55,D
12652,56,A
12653,57,B
12654,58,C
12655,59,D
12656,60,A
12657,61,B
12658,62,C
12659,63,D
12660,64,A
12661,65,B
12663,67,D
12665,69,B
12666,70,C
12667,18,D
12668,19,A
12669,20,B
12670,21,C
12673,24,B
12674,25,C
12675,26,D
12677,28,B
12679,30,D
12680,31,A
12682,33,C
12683,34,D
12684,35,A
12686,37,C
12687,38,D
12688,39,A
12690,41,C
12692,43,A
12693,44,B
12695,46,D
12697,48,B
12698,49,C
12701,52,B
12702,53,C
12704,55,A
12705,56,B
12709,60,B
12710,61,C
12711,62,D
12712,63,A
12714,65,C
12715,66,D
12716,67,A
12717,68,B
12719,70,D
12720,18,A
12721,19,B
12722,20,C
12723,21,D
12724,22,A
12725,23,B
12726,24,C
12727,25,D
12728,26,A
12729,27,B
12730,28,C
12731,29,D
12732,30,A
12733,31,B
12734,32,C
12736,34,A
12738,36,C
12739,37,D
12740,38,A
12741,39,B
12742,40,C
12743,41,D
12744,42,A
12745,43,B
12746,44,C
12747,45,D
12748,46,A
12749,47,B
12750,48,C
12751,49,D
12752,50,A
12753,51,B
12754,52,C
12755,53,D
12756,54,A
12757,55,B
12758,56,C
12759,57,D
12760,58,A
12761,59,B
12762,60,C
12763,61,D
12765,63,B
12766,64,C
12767,65,D
12768,66,A
12769,67,B
12770,68,C
12771,69,D
12772,70,A
12773,18,B
12774,19,C
12775,20,D
12776,21,A
12777,22,B
12778,23,C
12779,24,D
12780,25,A
12781,26,B
12782,27,C
12783,28,D
12784,29,A
12785,30,B
12786,31,C
12787,32,D
12788,33,A
12789,34,B
12790,35,C
12791,36,D
12792,37,A
12793,38,B
12794,39,C
12795,40,D
12796,41,A
12798,43,C
12799,44,D
12801,46,B
12802,47,C
12803,48,D
12804,49,A
12806,51,C
12807,52,D
12808,53,A
12809,54,B
12810,55,C
12811,56,D
12813,58,B
12814,59,C
12815,60,D
12816,61,A
12817,62,B
12818,63,C
12819,64,D
12820,65,A
12821,66,B
12822,67,C
12823,68,D
12824,69,A
12825,70,B
12826,18,C
12827,19,D
12828,20,A
12829,21,B
12830,22,C
12831,23,D
12832,24,A
12833,25,B
12834,26,C
12837,29,B
12838,30,C
12839,31,D
12841,33,B
12843,35,D
12844,36,A
12845,37,B
12846,38,C
12847,39,D
12848,40,A
12849,41,B
12852,44,A
12853,45,B
12854,46,C
12855,47,D
12856,48,A
12857,49,B
12858,50,C
12860,52,A
12861,53,B
12862,54,C
12864,56,A
12866,58,C
12867,59,D
12868,60,A
12869,61,B
12870,62,C
12873,65,B
12874,66,C
12875,67,D
12877,69,B
12878,70,C
12879,18,D
12881,20,B
12882,21,C
12883,22,D
12886,25,C
12888,27,A
12889,28,B
12890,29,C
12891,30,D
12892,31,A
12893,32,B
12894,33,C
12895,34,D
12896,35,A
12897,36,B
12898,37,C
12899,38,D
12900,39,A
12901,40,B
12902,41,C
12903,42,D
12904,43,A
12905,44,B
12906,45,C
12907,46,D
12908,47,A
12909,48,B
12910,49,C
12911,50,D
12912,51,A
12913,52,B
12914,53,C
12915,54,D
12916,55,A
12917,56,B
12918,57,C
12919,58,D
12921,60,B
12922,61,C
12923,62,D
12926,65,C
12927,66,D
12928,67,A
12929,68,B
12930,69,C
12931,70,D
12932,18,A
12933,19,B
12934,20,C
12936,22,A
12937,23,B
12938,24,C
12939,25,D
12940,26,A
12941,27,B
12942,28,C
12943,29,D
12944,30,A
12945,31,B
12947,33,D
12948,34,A
12949,35,B
12950,36,C
12951,37,D
12952,38,A
12953,39,B
12954,40,C
12955,41,D
12956,42,A
12957,43,B
12958,44,C
12960,46,A
12961,47,B
12962,48,C
12963,49,D
12964,50,A
12965,51,B
12966,52,C
12967,53,D
12968,54,A
12971,57,D
12972,58,A
12973,59,B
12974,60,C
12975,61,D
12976,62,A
12977,63,B
12979,65,D
12981,67,B
12982,68,C
12984,70,A
12987,20,D
12989,22,B
12990,23,C
12991,24,D
12992,25,A
12995,28,D
12996,29,A
12997,30,B
12998,31,C
12999,32,D
13000,33,A
13001,34,B
13002,35,C
13003,36,D
13004,37,A
13005,38,B
13006,39,C
13007,40,D
13008,41,A
13009,42,B
13010,43,C
13012,45,A
13013,46,B
13014,47,C
13015,48,D
13016,49,A
13018,51,C
13020,53,A
13021,54,B
13022,55,C
13024,57,A
13025,58,B
13026,59,C
13027,60,D
13028,61,A
13029,62,B
13030,63,C
13031,64,D
13032,65,A
13035,68,D
13036,69,A
13037,70,B
13038,18,C
13039,19,D
13040,20,A
13041,21,B
13042,22,C
13043,23,D
13044,24,A
13045,25,B
13046,26,C
13047,27,D
13049,29,B
13050,30,C
13051,31,D
13053,33,B
13054,34,C
13055,35,D
13056,36,A
13057,37,B
13058,38,C
13059,39,D
13060,40,A
13063,43,D
13064,44,A
13065,45,B
13066,46,C
13067,47,D
13068,48,A
13069,49,B
13070,50,C
13072,52,A
13074,54,C
13075,55,D
13076,56,A
13077,57,B
13078,58,C
13079,59,D
13082,62,C
13083,63,D
13084,64,A
13085,65,B
13086,66,C
13087,67,D
13088,68,A
13089,69,B
13090,70,C
13091,18,D
13092,19,A
13093,20,B
13094,21,C
13096,23,A
13097,24,B
13098,25,C
13099,26,D
13101,28,B
13103,30,D
13104,31,A
13108,35,A
13109,36,B
13110,37,C
13114,41,C
13115,42,D
13116,43,A
13117,44,B
13118,45,C
13119,46,D
13122,49,C
13123,50,D
13124,51,A
13125,52,B
13126,53,C
13128,55,A
13129,56,B
13130,57,C
13131,58,D
13133,60,B
13136,63,A
13139,66,D
13140,67,A
13141,68,B
13142,69,C
13143,70,D
13144,18,A
13146,20,C
13147,21,D
13148,22,A
13149,23,B
13150,24,C
13151,25,D
13153,27,B
13155,29,D
13156,30,A
13157,31,B
13159,33,D
13160,34,A
13161,35,B
13163,37,D
13166,40,C
13167,41,D
13169,43,B
13170,44,C
13171,45,D
13172,46,A
13174,48,C
13175,49,D
13176,50,A
13177,51,B
13178,52,C
13179,53,D
13180,54,A
13181,55,B
13183,57,D
13185,59,B
13187,61,D
13188,62,A
13189,63,B
13190,64,C
13192,66,A
13193,67,B
13194,68,C
13195,69,D
13196,70,A
13197,18,B
13198,19,C
13199,20,D
13202,23,C
13203,24,D
13204,25,A
13205,26,B
13206,27,C
13207,28,D
13208,29,A
13209,30,B
13210,31,C
13211,32,D
13212,33,A
13213,34,B
13214,35,C
13215,36,D
13216,37,A
13217,38,B
13218,39,C
13219,40,D
13220,41,A
13221,42,B
13222,43,C
13223,44,D
13224,45,A
13225,46,B
13226,47,C
13227,48,D
13228,49,A
13229,50,B
13230,51,C
13232,53,A
13233,54,B
13235,56,D
13236,57,A
13237,58,B
13239,60,D
13242,63,C
13243,64,D
13245,66,B
13246,67,C
13249,70,B
13250,18,C
13254,22,C
13255,23,D
13256,24,A
13257,25,B
13258,26,C
13259,27,D
13260,28,A
13261,29,B
13262,30,C
13263,31,D
13265,33,B
13266,34,C
13267,35,D
13268,36,A
13269,37,B
13270,38,C
13271,39,D
13273,41,B
13274,42,C
13276,44,A
13277,45,B
13278,46,C
13279,47,D
13280,48,A
13281,49,B
13283,51,D
13284,52,A
13285,53,B
13286,54,C
13288,56,A
13289,57,B
13291,59,D
13293,61,B
13294,62,C
13295,63,D
13297,65,B
13298,66,C
13299,67,D
13301,69,B
13302,70,C
13303,18,D
13304,19,A
13305,20,B
13306,21,C
13307,22,D
13309,24,B
13310,25,C
13311,26,D
13314,29,C
13316,31,A
13319,34,D
13320,35,A
13321,36,B
13322,37,C
13323,38,D
13324,39,A
13325,40,B
13326,41,C
13327,42,D
13329,44,B
13330,45,C
13331,46,D
13332,47,A
13335,50,D
13337,52,B
13338,53,C
13339,54,D
13341,56,B
13343,58,D
13344,59,A
13345,60,B
13346,61,C
13347,62,D
13348,63,A
13350,65,C
13351,66,D
13352,67,A
13353,68,B
13356,18,A
13358,20,C
13359,21,D
13361,23,B
13362,24,C
13363,25,D
13364,26,A
13367,29,D
13368,30,A
13369,31,B
13370,32,C
13371,33,D
13372,34,A
13373,35,B
13374,36,C
13379,41,D
13380,42,A
13382,44,C
13384,46,A
13386,48,C
13387,49,D
13388,50,A
13389,51,B
13390,52,C
13393,55,B
13394,56,C
13399,61,D
13400,62,A
13402,64,C
13403,65,D
13404,66,A
13406,68,C
13408,70,A
13409,18,B
13410,19,C
13411,20,D
13413,22,B
13415,24,D
13416,25,A
13419,28,D
13420,29,A
13427,36,D
13428,37,A
13431,40,D
13432,41,A
13433,42,B
13434,43,C
13435,44,D
13436,45,A
13437,46,B
13438,47,C
13441,50,B
13442,51,C
13443,52,D
13444,53,A
13445,54,B
13446,55,C
13447,56,D
13448,57,A
13449,58,B
13451,60,D
13452,61,A
13453,62,B
13454,63,C
13455,64,D
13456,65,A
13457,66,B
13458,67,C
13459,68,D
13460,69,A
13461,70,B
13463,19,D
13464,20,A
13465,21,B
13466,22,C
13467,23,D
13468,24,A
13469,25,B
13470,26,C
13472,28,A
13473,29,B
13474,30,C
13475,31,D
13476,32,A
13477,33,B
13478,34,C
13479,35,D
13480,36,A
13481,37,B
13482,38,C
13483,39,D
13484,40,A
13488,44,A
13490,46,C
13492,48,A
13494,50,C
13496,52,A
13498,54,C
13499,55,D
13500,56,A
13501,57,B
13503,59,D
13504,60,A
13505,61,B
13506,62,C
13507,63,D
13508,64,A
13509,65,B
13510,66,C
13511,67,D
13514,70,C
13515,18,D
13517,20,B
13518,21,C
13521,24,B
13522,25,C
13524,27,A
13525,28,B
13527,30,D
13528,31,A
13529,32,B
13531,34,D
13532,35,A
13533,36,B
13534,37,C
13536,39,A
13537,40,B
13538,41,C
13539,42,D
13540,43,A
13541,44,B
13542,45,C
13544,47,A
13545,48,B
13550,53,C
13551,54,D
13552,55,A
13553,56,B
13554,57,C
13555,58,D
13556,59,A
13558,61,C
13559,62,D
13560,63,A
13561,64,B
13562,65,C
13563,66,D
13564,67,A
13565,68,B
13566,69,C
13567,70,D
13568,18,A
13569,19,B
13571,21,D
13572,22,A
13573,23,B
13574,24,C
13575,25,D
13577,27,B
13578,28,C
13579,29,D
13580,30,A
13582,32,C
13584,34,A
13585,35,B
13586,36,C
13587,37,D
13588,38,A
13589,39,B
13590,40,C
13591,41,D
13592,42,A
13593,43,B
13595,45,D
13596,46,A
13597,47,B
13599,49,D
13602,52,C
13603,53,D
13604,54,A
13606,56,C
13608,58,A
13611,61,D
13612,62,A
13614,64,C
13616,66,A
13619,69,D
13620,70,A
13621,18,B
13625,22,B
13628,25,A
13629,26,B
13630,27,C
13631,28,D
13633,30,B
13634,31,C
13637,34,B
13638,35,C
13639,36,D
13640,37,A
13645,42,B
13646,43,C
13648,45,A
13649,46,B
13650,47,C
13651,48,D
13652,49,A
13653,50,B
13654,51,C
13657,54,B
13659,56,D
13660,57,A
13661,58,B
13662,59,C
13663,60,D
13664,61,A
13665,62,B
13666,63,C
13667,64,D
13669,66,B
13672,69,A
13673,70,B
13674,18,C
13675,19,D
13677,21,B
13679,23,D
13680,24,A
13681,25,B
13683,27,D
13684,28,A
13685,29,B
13686,30,C
13687,31,D
13688,32,A
13690,34,C
13691,35,D
13692,36,A
13693,37,B
13694,38,C
13695,39,D
13699,43,D
13700,44,A
13701,45,B
13703,47,D
13704,48,A
13705,49,B
13706,50,C
13707,51,D
13709,53,B
13710,54,C
13711,55,D
13712,56,A
13713,57,B
13714,58,C
13715,59,D
13716,60,A
13719,63,D
13720,64,A
13721,65,B
13722,66,C
13723,67,D
13724,68,A
13725,69,B
13726,70,C
13727,18,D
13729,20,B
13730,21,C
13732,23,A
13733,24,B
13734,25,C
13735,26,D
13736,27,A
13737,28,B
13738,29,C
13742,33,C
13743,34,D
13744,35,A
13745,36,B
13746,37,C
13747,38,D
13748,39,A
13749,40,B
13750,41,C
13752,43,A
13753,44,B
13755,46,D
13760,51,A
13761,52,B
13762,53,C
13764,55,A
13765,56,B
13766,57,C
13767,58,D
13768,59,A
13770,61,C
13772,63,A
13773,64,B
13774,65,C
13775,66,D
13776,67,A
13777,68,B
13778,69,C
13779,70,D
13784,22,A
13786,24,C
13787,25,D
13788,26,A
13789,27,B
13790,28,C
13791,29,D
13793,31,B
13794,32,C
13795,33,D
13798,36,C
13799,37,D
13800,38,A
13801,39,B
13803,41,D
13804,42,A
13805,43,B
13806,44,C
13809,47,B
13810,48,C
13811,49,D
13813,51,B
13814,52,C
13815,53,D
13816,54,A
13819,57,D
13820,58,A
13821,59,B
13822,60,C
13823,61,D
13824,62,A
13827,65,D
13828,66,A
13829,67,B
13830,68,C
13831,69,D
13832,70,A
13834,19,C
13835,20,D
13837,22,B
13841,26,B
13842,27,C
13846,31,C
13847,32,D
13848,33,A
13850,35,C
13852,37,A
13853,38,B
13854,39,C
13855,40,D
13856,41,A
13857,42,B
13858,43,C
13860,45,A
13861,46,B
13862,47,C
13864,49,A
13865,50,B
13866,51,C
13867,52,D
13868,53,A
13870,55,C
13874,59,C
13875,60,D
13876,61,A
13878,63,C
13879,64,D
13881,66,B
13882,67,C
13884,69,A
13886,18,C
13887,19,D
13889,21,B
13893,25,B
13894,26,C
13896,28,A
13897,29,B
13898,30,C
13899,31,D
13900,32,A
13901,33,B
13902,34,C
13903,35,D
13904,36,A
13906,38,C
13907,39,D
13908,40,A
13909,41,B
13910,42,C
13911,43,D
13913,45,B
13914,46,C
13915,47,D
13916,48,A
13917,49,B
13918,50,C
13920,52,A
13921,53,B
13922,54,C
13925,57,B
13926,58,C
13929,61,B
13931,63,D
13934,66,C
13937,69,B
13938,70,C
13939,18,D
13941,20,B
13942,21,C
13943,22,D
13945,24,B
13946,25,C
13947,26,D
13948,27,A
13949,28,B
13950,29,C
13951,30,D
13955,34,D
13957,36,B
13960,39,A
13962,41,C
13963,42,D
13965,44,B
13969,48,B
13972,51,A
13976,55,A
13977,56,B
13984,63,A
13986,65,C
13987,66,D
13988,67,A
13989,68,B
13990,69,C
13991,70,D
13992,18,A
13994,20,C
13996,22,A
13997,23,B
13999,25,D
14000,26,A
14001,27,B
14002,28,C
14003,29,D
14004,30,A
14005,31,B
14008,34,A
14009,35,B
14013,39,B
14014,40,C
14015,41,D
14016,42,A
14017,43,B
14018,44,C
14019,45,D
14020,46,A
14021,47,B
14022,48,C
14023,49,D
14024,50,A
14027,53,D
14028,54,A
14030,56,C
14031,57,D
14032,58,A
14033,59,B
14034,60,C
14035,61,D
14037,63,B
14038,64,C
14039,65,D
14040,66,A
14043,69,D
14044,70,A
14046,19,C
14050,23,C
14051,24,D
14052,25,A
14053,26,B
14055,28,D
14056,29,A
14058,31,C
14059,32,D
14062,35,C
14064,37,A
14065,38,B
14066,39,C
14067,40,D
14068,41,A
14069,42,B
14070,43,C
14071,44,D
14073,46,B
14074,47,C
14075,48,D
14076,49,A
14077,50,B
14078,51,C
14079,52,D
14081,54,B
14083,56,D
14085,58,B
14089,62,B
14090,63,C
14091,64,D
14093,66,B
14094,67,C
14095,68,D
14096,69,A
14098,18,C
14101,21,B
14102,22,C
14103,23,D
14104,24,A
14105,25,B
14106,26,C
14107,27,D
14108,28,A
14109,29,B
14110,30,C
14111,31,D
14112,32,A
14113,33,B
14114,34,C
14115,35,D
14116,36,A
14117,37,B
14118,38,C
14119,39,D
14122,42,C
14123,43,D
14124,44,A
14125,45,B
14126,46,C
14127,47,D
14128,48,A
14130,50,C
14131,51,D
14132,52,A
14136,56,A
14140,60,A
14145,65,B
14149,69,B
14153,20,B
14156,23,A
14157,24,B
14158,25,C
14159,26,D
14164,31,A
14169,36,B
14171,38,D
14173,40,B
14183,50,D
14188,55,A
14191,58,D
14192,59,A
14197,64,B
14200,67,A
14205,19,B
14209,23,B
14210,24,C
14211,25,D
14213,27,B
14216,30,A
14217,31,B
14218,32,C
14223,37,D
14230,44,C
14232,46,A
14236,50,A
14239,53,D
14244,58,A
14245,59,B
14246,60,C
14249,63,B
14250,64,C
14251,65,D
14252,66,A
14253,67,B
14254,68,C
14255,69,D
14256,70,A
14257,18,B
14259,20,D
14260,21,A
14261,22,B
14262,23,C
14263,24,D
14265,26,B
14267,28,D
14268,29,A
14269,30,B
14270,31,C
14271,32,D
14272,33,A
14273,34,B
14275,36,D
14276,37,A
14279,40,D
14280,41,A
14281,42,B
14282,43,C
14283,44,D
14288,49,A
14292,53,A
14293,54,B
14294,55,C
14296,57,A
14297,58,B
14298,59,C
14299,60,D
14301,62,B
14302,63,C
14303,64,D
14304,65,A
14307,68,D
14308,69,A
14309,70,B
14310,18,C
14313,21,B
14314,22,C
14315,23,D
14317,25,B
14318,26,C
14319,27,D
14320,28,A
14321,29,B
14322,30,C
14323,31,D
14325,33,B
14326,34,C
14327,35,D
14328,36,A
14329,37,B
14331,39,D
14332,40,A
14333,41,B
14334,42,C
14339,47,D
14340,48,A
14341,49,B
14343,51,D
14345,53,B
14349,57,B
14350,58,C
14351,59,D
14353,61,B
14356,64,A
14357,65,B
14358,66,C
14359,67,D
14360,68,A
14361,69,B
14362,70,C
14363,18,D
14364,19,A
14365,20,B
14366,21,C
14367,22,D
14368,23,A
14369,24,B
14370,25,C
14371,26,D
14372,27,A
14373,28,B
14374,29,C
14375,30,D
14376,31,A
14377,32,B
14378,33,C
14379,34,D
14380,35,A
14381,36,B
14382,37,C
14383,38,D
14384,39,A
14385,40,B
14386,41,C
14387,42,D
14389,44,B
14390,45,C
14392,47,A
14394,49,C
14396,51,A
14398,53,C
14399,54,D
14400,55,A
14401,56,B
14402,57,C
14403,58,D
14404,59,A
14406,61,C
14407,62,D
14408,63,A
14409,64,B
14410,65,C
14411,66,D
14412,67,A
14413,68,B
14414,69,C
14419,21,D
14420,22,A
14421,23,B
14423,25,D
14424,26,A
14426,28,C
14427,29,D
14428,30,A
14429,31,B
14430,32,C
14431,33,D
14432,34,A
14433,35,B
14434,36,C
14435,37,D
14436,38,A
14437,39,B
14438,40,C
14439,41,D
14440,42,A
14442,44,C
14443,45,D
14444,46,A
14446,48,C
14447,49,D
14448,50,A
14449,51,B
14450,52,C
14451,53,D
14453,55,B
14454,56,C
14455,57,D
14456,58,A
14457,59,B
14458,60,C
14459,61,D
14462,64,C
14463,65,D
14464,66,A
14465,67,B
14467,69,D
14468,70,A
14469,18,B
14470,19,C
14471,20,D
14472,21,A
14473,22,B
14474,23,C
14476,25,A
14477,26,B
14478,27,C
14479,28,D
14483,32,D
14484,33,A
14485,34,B
14486,35,C
14488,37,A
14489,38,B
14490,39,C
14493,42,B
14494,43,C
14496,45,A
14497,46,B
14498,47,C
14499,48,D
14500,49,A
14502,51,C
14503,52,D
14504,53,A
14505,54,B
14507,56,D
14508,57,A
14509,58,B
14510,59,C
14511,60,D
14512,61,A
14513,62,B
14514,63,C
14515,64,D
14516,65,A
14517,66,B
14518,67,C
14519,68,D
14520,69,A
14521,70,B
14522,18,C
14523,19,D
14524,20,A
14526,22,C
14527,23,D
14528,24,A
14529,25,B
14530,26,C
14531,27,D
14532,28,A
14533,29,B
14534,30,C
14535,31,D
14537,33,B
14538,34,C
14539,35,D
14540,36,A
14542,38,C
14543,39,D
14544,40,A
14546,42,C
14547,43,D
14548,44,A
14549,45,B
14550,46,C
14551,47,D
14552,48,A
14553,49,B
14554,50,C
14555,51,D
14556,52,A
14557,53,B
14558,54,C
14559,55,D
14560,56,A
14562,58,C
14564,60,A
14566,62,C
14567,63,D
14568,64,A
14569,65,B
14570,66,C
14571,67,D
14572,68,A
14573,69,B
14574,70,C
14575,18,D
14577,20,B
14578,21,C
14579,22,D
14580,23,A
14581,24,B
14582,25,C
14583,26,D
14584,27,A
14586,29,C
14587,30,D
14588,31,A
14589,32,B
14590,33,C
14591,34,D
14593,36,B
14594,37,C
14595,38,D
14596,39,A
14597,40,B
14598,41,C
14599,42,D
14600,43,A
14601,44,B
14602,45,C
14603,46,D
14604,47,A
14605,48,B
14606,49,C
14607,50,D
14608,51,A
14609,52,B
14610,53,C
14611,54,D
14612,55,A
14613,56,B
14615,58,D
14616,59,A
14617,60,B
14618,61,C
14619,62,D
14621,64,B
14622,65,C
14623,66,D
14624,67,A
14625,68,B
14626,69,C
14627,70,D
14628,18,A
14629,19,B
14630,20,C
14631,21,D
14632,22,A
14633,23,B
14634,24,C
14635,25,D
14636,26,A
14638,28,C
14639,29,D
14640,30,A
14641,31,B
14643,33,D
14645,35,B
14647,37,D
14648,38,A
14649,39,B
14650,40,C
14652,42,A
14655,45,D
14657,47,B
14658,48,C
14660,50,A
14661,51,B
14663,53,D
14664,54,A
14665,55,B
14666,56,C
14669,59,B
14670,60,C
14672,62,A
14673,63,B
14674,64,C
14675,65,D
14676,66,A
14677,67,B
14678,68,C
14679,69,D
14680,70,A
14681,18,B
14682,19,C
14683,20,D
14684,21,A
14685,22,B
14686,23,C
14687,24,D
14688,25,A
14689,26,B
14690,27,C
14691,28,D
14692,29,A
14699,36,D
14700,37,A
14703,40,D
14704,41,A
14706,43,C
14709,46,B
14711,48,D
14712,49,A
14717,54,B
14718,55,C
14719,56,D
14720,57,A
14721,58,B
14722,59,C
14723,60,D
14724,61,A
14725,62,B
14726,63,C
14727,64,D
14728,65,A
14729,66,B
14730,67,C
14731,68,D
14732,69,A
14734,18,C
14737,21,B
14738,22,C
14739,23,D
14741,25,B
14742,26,C
14745,29,B
14747,31,D
14748,32,A
14749,33,B
14750,34,C
14751,35,D
14752,36,A
14753,37,B
14754,38,C
14755,39,D
14756,40,A
14757,41,B
14758,42,C
14759,43,D
14761,45,B
14762,46,C
14763,47,D
14764,48,A
14766,50,C
14767,51,D
14769,53,B
14771,55,D
14772,56,A
14774,58,C
14775,59,D
14776,60,A
14778,62,C
14779,63,D
14781,65,B
14782,66,C
14783,67,D
14784,68,A
14785,69,B
14786,70,C
14787,18,D
14788,19,A
14789,20,B
14790,21,C
14791,22,D
14792,23,A
14793,24,B
14794,25,C
14795,26,D
14796,27,A
14797,28,B
14798,29,C
14803,34,D
14804,35,A
14805,36,B
14807,38,D
14808,39,A
14809,40,B
14810,41,C
14812,43,A
14813,44,B
14814,45,C
14816,47,A
14817,48,B
14818,49,C
14819,50,D
14820,51,A
14821,52,B
14822,53,C
14823,54,D
14824,55,A
14825,56,B
14826,57,C
14827,58,D
14828,59,A
14829,60,B
14830,61,C
14836,67,A
14837,68,B
14839,70,D
14841,19,B
14842,20,C
14843,21,D
14844,22,A
14845,23,B
14846,24,C
14847,25,D
14848,26,A
14849,27,B
14850,28,C
14851,29,D
14852,30,A
14853,31,B
14859,37,D
14860,38,A
14862,40,C
14863,41,D
14864,42,A
14865,43,B
14866,44,C
14867,45,D
14868,46,A
14869,47,B
14870,48,C
14874,52,C
14877,55,B
14878,56,C
14879,57,D
14880,58,A
14881,59,B
14883,61,D
14884,62,A
14885,63,B
14886,64,C
14887,65,D
14888,66,A
14889,67,B
14890,68,C
14891,69,D
14892,70,A
14893,18,B
14894,19,C
14895,20,D
14897,22,B
14898,23,C
14899,24,D
14900,25,A
14901,26,B
14902,27,C
14903,28,D
14904,29,A
14906,31,C
14909,34,B
14911,36,D
14912,37,A
14915,40,D
14918,43,C
14919,44,D
14921,46,B
14922,47,C
14923,48,D
14926,51,C
14927,52,D
14928,53,A
14929,54,B
14931,56,D
14932,57,A
14934,59,C
14935,60,D
14936,61,A
14937,62,B
14938,63,C
14939,64,D
14940,65,A
14941,66,B
14942,67,C
14943,68,D
14944,69,A
14946,18,C
14948,20,A
14949,21,B
14950,22,C
14952,24,A
14954,26,C
14955,27,D
14956,28,A
14958,30,C
14959,31,D
14960,32,A
14961,33,B
14962,34,C
14963,35,D
14964,36,A
14966,38,C
14967,39,D
14968,40,A
14973,45,B
14974,46,C
14975,47,D
14976,48,A
14980,52,A
14982,54,C
14983,55,D
14984,56,A
14985,57,B
14986,58,C
14989,61,B
14990,62,C
14991,63,D
14992,64,A
14993,65,B
14994,66,C
14995,67,D
14996,68,A
14999,18,D
15003,22,D
15004,23,A
15005,24,B
15007,26,D
15009,28,B
15011,30,D
15012,31,A
15014,33,C
15015,34,D
15016,35,A
15020,39,A
15021,40,B
15022,41,C
15024,43,A
15025,44,B
15026,45,C
15027,46,D
15028,47,A
15030,49,C
15031,50,D
15033,52,B
15036,55,A
15038,57,C
15039,58,D
15040,59,A
15045,64,B
15046,65,C
15047,66,D
15048,67,A
15051,70,D
15052,18,A
15053,19,B
15054,20,C
15055,21,D
15056,22,A
15057,23,B
15058,24,C
15063,29,D
15064,30,A
15066,32,C
15067,33,D
15068,34,A
15069,35,B
15070,36,C
15071,37,D
15072,38,A
15073,39,B
15074,40,C
15075,41,D
15076,42,A
15080,46,A
15081,47,B
15083,49,D
15085,51,B
15086,52,C
15087,53,D
15090,56,C
15092,58,A
15094,60,C
15095,61,D
15096,62,A
15097,63,B
15100,66,A
15101,67,B
15102,68,C
15103,69,D
15104,70,A
15105,18,B
15107,20,D
15109,22,B
15110,23,C
15112,25,A
15113,26,B
15114,27,C
15115,28,D
15116,29,A
15117,30,B
15120,33,A
15121,34,B
15122,35,C
15123,36,D
15124,37,A
15126,39,C
15127,40,D
15128,41,A
15129,42,B
15130,43,C
15131,44,D
15132,45,A
15133,46,B
15135,48,D
15136,49,A
15137,50,B
15138,51,C
15139,52,D
15140,53,A
15142,55,C
15144,57,A
15146,59,C
15148,61,A
15149,62,B
15150,63,C
15155,68,D
15157,70,B
15158,18,C
15159,19,D
15160,20,A
15161,21,B
15162,22,C
15163,23,D
15164,24,A
15166,26,C
15167,27,D
15168,28,A
15170,30,C
15171,31,D
15172,32,A
15173,33,B
15174,34,C
15175,35,D
15176,36,A
15179,39,D
15181,41,B
15184,44,A
15185,45,B
15187,47,D
15188,48,A
15190,50,C
15191,51,D
15192,52,A
15193,53,B
15194,54,C
15195,55,D
15196,56,A
15197,57,B
15199,59,D
15200,60,A
15201,61,B
15202,62,C
15203,63,D
15204,64,A
15205,65,B
15206,66,C
15210,70,C
15211,18,D
15212,19,A
15213,20,B
15219,26,D
15220,27,A
15221,28,B
15222,29,C
15223,30,D
15225,32,B
15226,33,C
15230,37,C
15231,38,D
15232,39,A
15233,40,B
15234,41,C
15235,42,D
15236,43,A
15237,44,B
15238,45,C
15239,46,D
15240,47,A
15241,48,B
15242,49,C
15243,50,D
15244,51,A
15245,52,B
15247,54,D
15248,55,A
15249,56,B
15250,57,C
15251,58,D
15252,59,A
15253,60,B
15254,61,C
15255,62,D
15256,63,A
15257,64,B
15258,65,C
15259,66,D
15260,67,A
15261,68,B
15262,69,C
15263,70,D
15264,18,A
15265,19,B
15266,20,C
15267,21,D
15268,22,A
15270,24,C
15271,25,D
15272,26,A
15273,27,B
15274,28,C
15275,29,D
15276,30,A
15277,31,B
15282,36,C
15287,41,D
15289,43,B
15290,44,C
15293,47,B
15295,49,D
15302,56,C
15306,60,C
15311,65,D
15312,66,A
15313,67,B
15316,70,A
15317,18,B
15318,19,C
15320,21,A
15325,26,B
15326,27,C
15327,28,D
15330,31,C
15331,32,D
15332,33,A
15333,34,B
15334,35,C
15335,36,D
15336,37,A
15337,38,B
15338,39,C
15340,41,A
15341,42,B
15342,43,C
15343,44,D
15344,45,A
15346,47,C
15347,48,D
15349,50,B
15350,51,C
15351,52,D
15352,53,A
15353,54,B
15354,55,C
15355,56,D
15357,58,B
15360,61,A
15363,64,D
15364,65,A
15365,66,B
15366,67,C
15367,68,D
15368,69,A
15369,70,B
15370,18,C
15371,19,D
15372,20,A
15373,21,B
15374,22,C
15375,23,D
15376,24,A
15377,25,B
15378,26,C
15379,27,D
15380,28,A
15381,29,B
15382,30,C
15385,33,B
15386,34,C
15390,38,C
15392,40,A
15393,41,B
15395,43,D
15396,44,A
15397,45,B
15399,47,D
15400,48,A
15402,50,C
15403,51,D
15405,53,B
15406,54,C
15407,55,D
15408,56,A
15409,57,B
15410,58,C
15411,59,D
15412,60,A
15413,61,B
15414,62,C
15415,63,D
15416,64,A
15417,65,B
15418,66,C
15419,67,D
15420,68,A
15422,70,C
15423,18,D
15430,25,C
15432,27,A
15433,28,B
15434,29,C
15435,30,D
15437,32,B
15438,33,C
15440,35,A
15441,36,B
15443,38,D
15445,40,B
15446,41,C
15450,45,C
15451,46,D
15453,48,B
15454,49,C
15455,50,D
15457,52,B
15458,53,C
15460,55,A
15461,56,B
15462,57,C
15463,58,D
15464,59,A
15466,61,C
15467,62,D
15468,63,A
15469,64,B
15470,65,C
15472,67,A
15473,68,B
15474,69,C
15475,70,D
15476,18,A
15477,19,B
15478,20,C
15480,22,A
15482,24,C
15483,25,D
15484,26,A
15485,27,B
15487,29,D
15490,32,C
15491,33,D
15492,34,A
15493,35,B
15495,37,D
15496,38,A
15499,41,D
15501,43,B
15502,44,C
15503,45,D
15504,46,A
15505,47,B
15506,48,C
15507,49,D
15508,50,A
15509,51,B
15510,52,C
15512,54,A
15513,55,B
15515,57,D
15516,58,A
15517,59,B
15519,61,D
15521,63,B
15522,64,C
15523,65,D
15526,68,C
15527,69,D
15528,70,A
15529,18,B
15530,19,C
15531,20,D
15532,21,A
15533,22,B
15534,23,C
15535,24,D
15536,25,A
15537,26,B
15538,27,C
15540,29,A
15541,30,B
15542,31,C
15544,33,A
15546,35,C
15547,36,D
15549,38,B
15550,39,C
15554,43,C
15555,44,D
15556,45,A
15557,46,B
15558,47,C
15559,48,D
15560,49,A
15562,51,C
15564,53,A
15565,54,B
15567,56,D
15568,57,A
15569,58,B
15570,59,C
15571,60,D
15573,62,B
15574,63,C
15575,64,D
15576,65,A
15577,66,B
15579,68,D
15580,69,A
15581,70,B
15582,18,C
15583,19,D
15584,20,A
15585,21,B
15586,22,C
15587,23,D
15588,24,A
15589,25,B
15590,26,C
15591,27,D
15592,28,A
15593,29,B
15595,31,D
15596,32,A
15599,35,D
15601,37,B
15602,38,C
15603,39,D
15604,40,A
15605,41,B
15607,43,D
15608,44,A
15610,46,C
15611,47,D
15614,50,C
15616,52,A
15617,53,B
15618,54,C
15619,55,D
15620,56,A
15621,57,B
15623,59,D
15624,60,A
15625,61,B
15626,62,C
15627,63,D
15628,64,A
15629,65,B
15630,66,C
15631,67,D
15632,68,A
15633,69,B
15634,70,C
15635,18,D
15637,20,B
15638,21,C
15639,22,D
15640,23,A
15641,24,B
15642,25,C
15643,26,D
15644,27,A
15645,28,B
15646,29,C
15647,30,D
15648,31,A
15650,33,C
15652,35,A
15653,36,B
15655,38,D
15656,39,A
15657,40,B
15658,41,C
15660,43,A
15661,44,B
15662,45,C
15663,46,D
15664,47,A
15665,48,B
15666,49,C
15667,50,D
15668,51,A
15669,52,B
15670,53,C
15671,54,D
15673,56,B
15674,57,C
15675,58,D
15676,59,A
15677,60,B
15678,61,C
15679,62,D
15680,63,A
15681,64,B
15682,65,C
15683,66,D
15684,67,A
15685,68,B
15686,69,C
15687,70,D
15689,19,B
15690,20,C
15692,22,A
15693,23,B
15694,24,C
15695,25,D
15696,26,A
15697,27,B
15698,28,C
15699,29,D
15701,31,B
15702,32,C
15704,34,A
15705,35,B
15706,36,C
15708,38,A
15709,39,B
15710,40,C
15711,41,D
15712,42,A
15714,44,C
15715,45,D
15716,46,A
15717,47,B
15720,50,A
15721,51,B
15722,52,C
15723,53,D
15724,54,A
15725,55,B
15726,56,C
15727,57,D
15731,61,D
15733,63,B
15734,64,C
15735,65,D
15737,67,B
15738,68,C
15739,69,D
15741,18,B
15742,19,C
15746,23,C
15747,24,D
15749,26,B
15750,27,C
15751,28,D
15752,29,A
15755,32,D
15757,34,B
15758,35,C
15759,36,D
15761,38,B
15762,39,C
15763,40,D
15764,41,A
15765,42,B
15766,43,C
15767,44,D
15769,46,B
15770,47,C
15771,48,D
15772,49,A
15774,51,C
15775,52,D
15776,53,A
15777,54,B
15779,56,D
15780,57,A
15781,58,B
15782,59,C
15783,60,D
15784,61,A
15786,63,C
15787,64,D
15788,65,A
15789,66,B
15790,67,C
15791,68,D
15792,69,A
15793,70,B
15794,18,C
15795,19,D
15796,20,A
15797,21,B
15798,22,C
15799,23,D
15800,24,A
15801,25,B
15802,26,C
15803,27,D
15804,28,A
15805,29,B
15806,30,C
15807,31,D
15808,32,A
15809,33,B
15810,34,C
15811,35,D
15812,36,A
15814,38,C
15816,40,A
15817,41,B
15818,42,C
15819,43,D
15820,44,A
15821,45,B
15822,46,C
15824,48,A
15825,49,B
15827,51,D
15829,53,B
15830,54,C
15831,55,D
15832,56,A
15833,57,B
15836,60,A
15837,61,B
15838,62,C
15839,63,D
15840,64,A
15841,65,B
15843,67,D
15844,68,A
15845,69,B
15846,70,C
15847,18,D
15848,19,A
15849,20,B
15850,21,C
15851,22,D
15852,23,A
15853,24,B
15855,26,D
15858,29,C
15859,30,D
15861,32,B
15862,33,C
15863,34,D
15864,35,A
15865,36,B
15866,37,C
15869,40,B
15870,41,C
15874,45,C
15876,47,A
15877,48,B
15878,49,C
15879,50,D
15880,51,A
15881,52,B
15883,54,D
15884,55,A
15885,56,B
15886,57,C
15887,58,D
15888,59,A
15889,60,B
15890,61,C
15894,65,C
15896,67,A
15897,68,B
15898,69,C
15900,18,A
15902,20,C
15903,21,D
15906,24,C
15908,26,A
15909,27,B
15910,28,C
15912,30,A
15913,31,B
15914,32,C
15916,34,A
15918,36,C
15919,37,D
15920,38,A
15921,39,B
15922,40,C
15923,41,D
15924,42,A
15925,43,B
15927,45,D
15929,47,B
15931,49,D
15936,54,A
15937,55,B
15938,56,C
15939,57,D
15940,58,A
15941,59,B
15942,60,C
15943,61,D
15944,62,A
15945,63,B
15946,64,C
15947,65,D
15948,66,A
15949,67,B
15950,68,C
15951,69,D
15952,70,A
15953,18,B
15954,19,C
15957,22,B
15958,23,C
15959,24,D
15960,25,A
15961,26,B
15962,27,C
15965,30,B
15966,31,C
15967,32,D
15968,33,A
15969,34,B
15971,36,D
15972,37,A
15974,39,C
15977,42,B
15978,43,C
15979,44,D
15982,47,C
15984,49,A
15985,50,B
15988,53,A
15990,55,C
15991,56,D
15993,58,B
15994,59,C
15995,60,D
15996,61,A
15998,63,C
16000,65,A
16001,66,B
16004,69,A
16005,70,B
16008,20,A
16010,22,C
16011,23,D
16012,24,A
16013,25,B
16014,26,C
16015,27,D
16016,28,A
16017,29,B
16018,30,C
16019,31,D
16021,33,B
16022,34,C
16024,36,A
16025,37,B
16026,38,C
16027,39,D
16028,40,A
16029,41,B
16030,42,C
16031,43,D
16033,45,B
16034,46,C
16035,47,D
16036,48,A
16037,49,B
16041,53,B
16042,54,C
16043,55,D
16045,57,B
16046,58,C
16047,59,D
16049,61,B
16050,62,C
16053,65,B
16054,66,C
16057,69,B
16060,19,A
16063,22,D
16065,24,B
16067,26,D
16069,28,B
16070,29,C
16071,30,D
16073,32,B
16074,33,C
16075,34,D
16077,36,B
16080,39,A
16086,45,C
16088,47,A
16091,50,D
16093,52,B
16094,53,C
16095,54,D
16096,55,A
16100,59,A
16101,60,B
16102,61,C
16103,62,D
16105,64,B
16107,66,D
16108,67,A
16109,68,B
16110,69,C
16113,19,B
16114,20,C
16115,21,D
16116,22,A
16117,23,B
16118,24,C
16119,25,D
16120,26,A
16121,27,B
16122,28,C
16123,29,D
16124,30,A
16125,31,B
16127,33,D
16129,35,B
16131,37,D
16133,39,B
16135,41,D
16136,42,A
16137,43,B
16138,44,C
16139,45,D
16140,46,A
16141,47,B
16142,48,C
16144,50,A
16147,53,D
16148,54,A
16149,55,B
16150,56,C
16157,63,B
16161,67,B
16164,70,A
16169,22,B
16170,23,C
16173,26,B
16174,27,C
16175,28,D
16179,32,D
16180,33,A
16183,36,D
16184,37,A
16185,38,B
16186,39,C
16188,41,A
16189,42,B
16190,43,C
16193,46,B
16194,47,C
16195,48,D
16197,50,B
16198,51,C
16199,52,D
16200,53,A
16201,54,B
16202,55,C
16204,57,A
16206,59,C
16207,60,D
16208,61,A
16209,62,B
16210,63,C
16211,64,D
16212,65,A
16213,66,B
16214,67,C
16215,68,D
16216,69,A
16217,70,B
16218,18,C
16219,19,D
16220,20,A
16221,21,B
16222,22,C
16223,23,D
16224,24,A
16225,25,B
16228,28,A
16231,31,D
16232,32,A
16233,33,B
16234,34,C
16236,36,A
16237,37,B
16238,38,C
16239,39,D
16240,40,A
16242,42,C
16243,43,D
16244,44,A
16245,45,B
16247,47,D
16248,48,A
16249,49,B
16250,50,C
16251,51,D
16252,52,A
16253,53,B
16254,54,C
16255,55,D
16256,56,A
16257,57,B
16258,58,C
16259,59,D
16260,60,A
16261,61,B
16262,62,C
16263,63,D
16264,64,A
16266,66,C
16268,68,A
16269,69,B
16270,70,C
16272,19,A
16273,20,B
16274,21,C
16276,23,A
16277,24,B
16278,25,C
16279,26,D
16280,27,A
16281,28,B
16282,29,C
16283,30,D
16284,31,A
16286,33,C
16287,34,D
16288,35,A
16289,36,B
16290,37,C
16291,38,D
16292,39,A
16295,42,D
16298,45,C
16299,46,D
16307,54,D
16309,56,B
16310,57,C
16311,58,D
16312,59,A
16313,60,B
16314,61,C
16315,62,D
16316,63,A
16317,64,B
16318,65,C
16319,66,D
16320,67,A
16321,68,B
16324,18,A
16325,19,B
16326,20,C
16327,21,D
16328,22,A
16329,23,B
16330,24,C
16331,25,D
16332,26,A
16333,27,B
16334,28,C
16336,30,A
16337,31,B
16338,32,C
16340,34,A
16341,35,B
16342,36,C
16343,37,D
16344,38,A
16345,39,B
16346,40,C
16347,41,D
16348,42,A
16351,45,D
16352,46,A
16353,47,B
16355,49,D
16356,50,A
16359,53,D
16360,54,A
16361,55,B
16362,56,C
16363,57,D
16364,58,A
16365,59,B
16366,60,C
16368,62,A
16370,64,C
16371,65,D
16372,66,A
16373,67,B
16374,68,C
16375,69,D
16376,70,A
16377,18,B
16378,19,C
16379,20,D
16381,22,B
16382,23,C
16383,24,D
16385,26,B
16386,27,C
16387,28,D
16388,29,A
16389,30,B
16390,31,C
16391,32,D
16393,34,B
16395,36,D
16396,37,A
16397,38,B
16398,39,C
16399,40,D
16400,41,A
16401,42,B
16403,44,D
16404,45,A
16405,46,B
16407,48,D
16408,49,A
16409,50,B
16411,52,D
16413,54,B
16414,55,C
16415,56,D
16416,57,A
16417,58,B
16419,60,D
16420,61,A
16421,62,B
16422,63,C
16423,64,D
16426,67,C
16428,69,A
16432,20,A
16433,21,B
16434,22,C
16435,23,D
16441,29,B
16442,30,C
16443,31,D
16446,34,C
16453,41,B
16454,42,C
16455,43,D
16456,44,A
16457,45,B
16458,46,C
16459,47,D
16460,48,A
16463,51,D
16466,54,C
16467,55,D
16468,56,A
16470,58,C
16473,61,B
16474,62,C
16476,64,A
16477,65,B
16478,66,C
16479,67,D
16483,18,D
16484,19,A
16485,20,B
16486,21,C
16487,22,D
16489,24,B
16490,25,C
16492,27,A
16493,28,B
16494,29,C
16495,30,D
16496,31,A
16499,34,D
16500,35,A
16502,37,C
16503,38,D
16504,39,A
16505,40,B
16506,41,C
16507,42,D
16508,43,A
16509,44,B
16510,45,C
16512,47,A
16516,51,A
16517,52,B
16518,53,C
16520,55,A
16521,56,B
16522,57,C
16523,58,D
16524,59,A
16525,60,B
16526,61,C
16528,63,A
16529,64,B
16532,67,A
16534,69,C
16535,70,D
16536,18,A
16537,19,B
16539,21,D
16541,23,B
16543,25,D
16544,26,A
16545,27,B
16547,29,D
16549,31,B
16550,32,C
16555,37,D
16557,39,B
16561,43,B
16563,45,D
16564,46,A
16566,48,C
16567,49,D
16569,51,B
16570,52,C
16571,53,D
16575,57,D
16576,58,A
16577,59,B
16580,62,A
16582,64,C
16583,65,D
16585,67,B
16586,68,C
16588,70,A
16589,18,B
16590,19,C
16591,20,D
16592,21,A
16593,22,B
16594,23,C
16595,24,D
16596,25,A
16597,26,B
16598,27,C
16600,29,A
16601,30,B
16602,31,C
16603,32,D
16604,33,A
16605,34,B
16606,35,C
16609,38,B
16610,39,C
16612,41,A
16614,43,C
16618,47,C
16619,48,D
16626,55,C
16629,58,B
16630,59,C
16631,60,D
16632,61,A
16633,62,B
16634,63,C
16642,18,C
16643,19,D
16644,20,A
16646,22,C
16647,23,D
16648,24,A
16650,26,C
16651,27,D
16652,28,A
16653,29,B
16654,30,C
16655,31,D
16656,32,A
16657,33,B
16659,35,D
16660,36,A
16661,37,B
16665,41,B
16666,42,C
16668,44,A
16669,45,B
16671,47,D
16672,48,A
16673,49,B
16675,51,D
16676,52,A
16677,53,B
16678,54,C
16679,55,D
16680,56,A
16682,58,C
16683,59,D
16684,60,A
16685,61,B
16687,63,D
16688,64,A
16692,68,A
16696,19,A
16697,20,B
16699,22,D
16700,23,A
16701,24,B
16702,25,C
16703,26,D
16705,28,B
16706,29,C
16707,30,D
16709,32,B
16711,34,D
16712,35,A
16714,37,C
16715,38,D
16716,39,A
16717,40,B
16718,41,C
16719,42,D
16720,43,A
16721,44,B
16723,46,D
16724,47,A
16725,48,B
16726,49,C
16727,50,D
16728,51,A
16729,52,B
16730,53,C
16732,55,A
16733,56,B
16734,57,C
16736,59,A
16737,60,B
16738,61,C
16739,62,D
16740,63,A
16741,64,B
16742,65,C
16743,66,D
16744,67,A
16745,68,B
16747,70,D
16748,18,A
16749,19,B
16752,22,A
16753,23,B
16754,24,C
16755,25,D
16756,26,A
16757,27,B
16758,28,C
16759,29,D
16761,31,B
16762,32,C
16763,33,D
16764,34,A
16765,35,B
16766,36,C
16767,37,D
16768,38,A
16770,40,C
16772,42,A
16773,43,B
16778,48,C
16779,49,D
16780,50,A
16781,51,B
16782,52,C
16783,53,D
16785,55,B
16786,56,C
16787,57,D
16788,58,A
16790,60,C
16791,61,D
16794,64,C
16795,65,D
16797,67,B
16803,20,D
16804,21,A
16805,22,B
16806,23,C
16807,24,D
16808,25,A
16809,26,B
16810,27,C
16811,28,D
16812,29,A
16813,30,B
16816,33,A
16818,35,C
16819,36,D
16820,37,A
16821,38,B
16822,39,C
16824,41,A
16825,42,B
16826,43,C
16829,46,B
16830,47,C
16832,49,A
16833,50,B
16834,51,C
16835,52,D
16836,53,A
16837,54,B
16838,55,C
16841,58,B
16842,59,C
16843,60,D
16845,62,B
16846,63,C
16847,64,D
16848,65,A
16850,67,C
16851,68,D
16852,69,A
16853,70,B
16854,18,C
16855,19,D
16856,20,A
16857,21,B
16858,22,C
16859,23,D
16860,24,A
16861,25,B
16862,26,C
16863,27,D
16864,28,A
16865,29,B
16867,31,D
16868,32,A
16869,33,B
16870,34,C
16871,35,D
16872,36,A
16873,37,B
16875,39,D
16876,40,A
16877,41,B
16878,42,C
16879,43,D
16880,44,A
16882,46,C
16883,47,D
16886,50,C
16887,51,D
16888,52,A
16889,53,B
16890,54,C
16891,55,D
16892,56,A
16893,57,B
16894,58,C
16895,59,D
16896,60,A
16897,61,B
16898,62,C
16899,63,D
16900,64,A
16901,65,B
16903,67,D
16904,68,A
16905,69,B
16908,19,A
16909,20,B
16910,21,C
16911,22,D
16912,23,A
16913,24,B
16915,26,D
16916,27,A
16917,28,B
16919,30,D
16921,32,B
16922,33,C
16924,35,A
16925,36,B
16927,38,D
16929,40,B
16931,42,D
16932,43,A
16933,44,B
16934,45,C
16935,46,D
16936,47,A
16937,48,B
16938,49,C
16939,50,D
16941,52,B
16942,53,C
16944,55,A
16945,56,B
16946,57,C
16947,58,D
16948,59,A
16949,60,B
16950,61,C
16951,62,D
16952,63,A
16953,64,B
16954,65,C
16955,66,D
16956,67,A
16957,68,B
16958,69,C
16959,70,D
16960,18,A
16962,20,C
16963,21,D
16964,22,A
16965,23,B
16966,24,C
16967,25,D
16968,26,A
16969,27,B
16971,29,D
16973,31,B
16977,35,B
16980,38,A
16981,39,B
16984,42,A
16985,43,B
16989,47,B
16991,49,D
16996,54,A
16997,55,B
16998,56,C
16999,57,D
17000,58,A
17003,61,D
17006,64,C
17007,65,D
17008,66,A
17009,67,B
17012,70,A
17013,18,B
17014,19,C
17015,20,D
17016,21,A
17017,22,B
17018,23,C
17019,24,D
17020,25,A
17021,26,B
17022,27,C
17023,28,D
17024,29,A
17025,30,B
17026,31,C
17030,35,C
17031,36,D
17032,37,A
17034,39,C
17035,40,D
17037,42,B
17038,43,C
17039,44,D
17040,45,A
17041,46,B
17042,47,C
17043,48,D
17044,49,A
17045,50,B
17046,51,C
17049,54,B
17050,55,C
17051,56,D
17054,59,C
17056,61,A
17059,64,D
17060,65,A
17062,67,C
17063,68,D
17064,69,A
17065,70,B
17071,23,D
17073,25,B
17074,26,C
17075,27,D
17076,28,A
17077,29,B
17079,31,D
17080,32,A
17081,33,B
17083,35,D
17085,37,B
17086,38,C
17087,39,D
17092,44,A
17093,45,B
17094,46,C
17095,47,D
17096,48,A
17099,51,D
17100,52,A
17103,55,D
17104,56,A
17105,57,B
17106,58,C
17108,60,A
17110,62,C
17111,63,D
17112,64,A
17114,66,C
17116,68,A
17118,70,C
17119,18,D
17120,19,A
17121,20,B
17124,23,A
17125,24,B
17126,25,C
17128,27,A
17129,28,B
17130,29,C
17132,31,A
17135,34,D
17138,37,C
17139,38,D
17140,39,A
17141,40,B
17142,41,C
17147,46,D
17152,51,A
17154,53,C
17155,54,D
17156,55,A
17157,56,B
17158,57,C
17159,58,D
17160,59,A
17161,60,B
17162,61,C
17163,62,D
17164,63,A
17166,65,C
17168,67,A
17169,68,B
17170,69,C
17171,70,D
17172,18,A
17181,27,B
17182,28,C
17189,35,B
17190,36,C
17191,37,D
17192,38,A
17193,39,B
17194,40,C
17197,43,B
17199,45,D
17200,46,A
17202,48,C
17203,49,D
17205,51,B
17207,53,D
17208,54,A
17210,56,C
17211,57,D
17212,58,A
17213,59,B
17214,60,C
17215,61,D
17216,62,A
17217,63,B
17218,64,C
17219,65,D
17221,67,B
17222,68,C
17223,69,D
17224,70,A
17226,19,C
17227,20,D
17228,21,A
17229,22,B
17230,23,C
17231,24,D
17234,27,C
17235,28,D
17236,29,A
17237,30,B
17238,31,C
17239,32,D
17240,33,A
17242,35,C
17244,37,A
17245,38,B
17246,39,C
17247,40,D
17249,42,B
17250,43,C
17251,44,D
17255,48,D
17256,49,A
17257,50,B
17258,51,C
17259,52,D
17260,53,A
17261,54,B
17262,55,C
17263,56,D
17264,57,A
17265,58,B
17268,61,A
17269,62,B
17271,64,D
17272,65,A
17275,68,D
17276,69,A
17277,70,B
17278,18,C
17279,19,D
17280,20,A
17282,22,C
17283,23,D
17284,24,A
17285,25,B
17286,26,C
17287,27,D
17288,28,A
17291,31,D
17292,32,A
17294,34,C
17295,35,D
17296,36,A
17297,37,B
17300,40,A
17302,42,C
17303,43,D
17305,45,B
17306,46,C
17310,50,C
17311,51,D
17312,52,A
17313,53,B
17314,54,C
17316,56,A
17318,58,C
17319,59,D
17321,61,B
17324,64,A
17327,67,D
17329,69,B
17331,18,D
17334,21,C
17336,23,A
17337,24,B
17338,25,C
17339,26,D
17340,27,A
17342,29,C
17344,31,A
17346,33,C
17350,37,C
17352,39,A
17354,41,C
17357,44,B
17358,45,C
17360,47,A
17361,48,B
17362,49,C
17364,51,A
17366,53,C
17367,54,D
17368,55,A
17369,56,B
17370,57,C
17373,60,B
17375,62,D
17377,64,B
17380,67,A
17383,70,D
17384,18,A
17389,23,B
17395,29,D
17397,31,B
17400,34,A
17401,35,B
17402,36,C
17403,37,D
17404,38,A
17405,39,B
17406,40,C
17408,42,A
17410,44,C
17411,45,D
17412,46,A
17413,47,B
17414,48,C
17417,51,B
17419,53,D
17420,54,A
17421,55,B
17422,56,C
17425,59,B
17428,62,A
17429,63,B
17431,65,D
17433,67,B
17434,68,C
17436,70,A
17437,18,B
17439,20,D
17442,23,C
17446,27,C
17447,28,D
17449,30,B
17451,32,D
17454,35,C
17455,36,D
17456,37,A
17457,38,B
17458,39,C
17462,43,C
17464,45,A
17465,46,B
17466,47,C
17468,49,A
17472,53,A
17473,54,B
17475,56,D
17481,62,B
17482,63,C
17483,64,D
17484,65,A
17485,66,B
17486,67,C
17488,69,A
17489,70,B
17490,18,C
17491,19,D
17493,21,B
17494,22,C
17495,23,D
17498,26,C
17499,27,D
17500,28,A
17502,30,C
17503,31,D
17504,32,A
17505,33,B
17507,35,D
17508,36,A
17509,37,B
17510,38,C
17513,41,B
17515,43,D
17517,45,B
17519,47,D
17520,48,A
17521,49,B
17524,52,A
17525,53,B
17527,55,D
17530,58,C
17531,59,D
17532,60,A
17533,61,B
17534,62,C
17535,63,D
17537,65,B
17538,66,C
17539,67,D
17540,68,A
17541,69,B
17543,18,D
17544,19,A
17545,20,B
17546,21,C
17548,23,A
17549,24,B
17550,25,C
17551,26,D
17552,27,A
17554,29,C
17556,31,A
17559,34,D
17560,35,A
17561,36,B
17562,37,C
17565,40,B
17567,42,D
17571,46,D
17575,50,D
17576,51,A
17577,52,B
17580,55,A
17581,56,B
17582,57,C
17584,59,A
17586,61,C
17587,62,D
17588,63,A
17591,66,D
17592,67,A
17593,68,B
17594,69,C
17598,20,C
17600,22,A
17602,24,C
17603,25,D
17605,27,B
17606,28,C
17607,29,D
17608,30,A
17609,31,B
17611,33,D
17613,35,B
17614,36,C
17615,37,D
17616,38,A
17617,39,B
17619,41,D
17623,45,D
17625,47,B
17630,52,C
17631,53,D
17632,54,A
17633,55,B
17635,57,D
17636,58,A
17637,59,B
17638,60,C
17639,61,D
17640,62,A
17643,65,D
17644,66,A
17645,67,B
17646,68,C
17647,69,D
17648,70,A
17649,18,B
17650,19,C
17651,20,D
17654,23,C
17655,24,D
17656,25,A
17658,27,C
17659,28,D
17661,30,B
17662,31,C
17663,32,D
17664,33,A
17665,34,B
17666,35,C
17667,36,D
17669,38,B
17670,39,C
17672,41,A
17673,42,B
17674,43,C
17675,44,D
17681,50,B
17683,52,D
17684,53,A
17685,54,B
17687,56,D
17688,57,A
17689,58,B
17690,59,C
17691,60,D
17693,62,B
17694,63,C
17695,64,D
17696,65,A
17697,66,B
17698,67,C
17699,68,D
17700,69,A
17701,70,B
17702,18,C
17703,19,D
17704,20,A
17705,21,B
17706,22,C
17707,23,D
17713,29,B
17714,30,C
17715,31,D
17716,32,A
17717,33,B
17718,34,C
17719,35,D
17720,36,A
17721,37,B
17723,39,D
17725,41,B
17727,43,D
17728,44,A
17731,47,D
17733,49,B
17734,50,C
17735,51,D
17740,56,A
17741,57,B
17742,58,C
17743,59,D
17745,61,B
17746,62,C
17747,63,D
17748,64,A
17749,65,B
17755,18,D
17756,19,A
17757,20,B
17758,21,C
17759,22,D
17761,24,B
17762,25,C
17766,29,C
17769,32,B
17770,33,C
17772,35,A
17773,36,B
17774,37,C
17776,39,A
17777,40,B
17778,41,C
17779,42,D
17781,44,B
17782,45,C
17783,46,D
17784,47,A
17785,48,B
17786,49,C
17787,50,D
17788,51,A
17789,52,B
17790,53,C
17791,54,D
17792,55,A
17794,57,C
17796,59,A
17797,60,B
17798,61,C
17799,62,D
17800,63,A
17801,64,B
17802,65,C
17803,66,D
17805,68,B
17808,18,A
17816,26,A
17817,27,B
17819,29,D
17820,30,A
17821,31,B
17822,32,C
17823,33,D
17825,35,B
17826,36,C
17827,37,D
17828,38,A
17829,39,B
17830,40,C
17832,42,A
17834,44,C
17835,45,D
17836,46,A
17837,47,B
17838,48,C
17841,51,B
17842,52,C
17844,54,A
17845,55,B
17846,56,C
17847,57,D
17848,58,A
17849,59,B
17850,60,C
17851,61,D
17852,62,A
17853,63,B
17855,65,D
17856,66,A
17858,68,C
17859,69,D
17862,19,C
17863,20,D
17866,23,C
17869,26,B
17870,27,C
17871,28,D
17874,31,C
17875,32,D
17876,33,A
17877,34,B
17878,35,C
17879,36,D
17880,37,A
17881,38,B
17882,39,C
17883,40,D
17884,41,A
17885,42,B
17886,43,C
17887,44,D
17888,45,A
17889,46,B
17890,47,C
17891,48,D
17894,51,C
17898,55,C
17900,57,A
17901,58,B
17902,59,C
17903,60,D
17905,62,B
17906,63,C
17907,64,D
17908,65,A
17909,66,B
17910,67,C
17911,68,D
17912,69,A
17913,70,B
17914,18,C
17915,19,D
17916,20,A
17917,21,B
17918,22,C
17919,23,D
17920,24,A
17921,25,B
17922,26,C
17923,27,D
17925,29,B
17927,31,D
17928,32,A
17929,33,B
17930,34,C
17931,35,D
17933,37,B
17935,39,D
17936,40,A
17937,41,B
17938,42,C
17939,43,D
17940,44,A
17942,46,C
17943,47,D
17944,48,A
17945,49,B
17946,50,C
17948,52,A
17950,54,C
17952,56,A
17953,57,B
17954,58,C
17955,59,D
17956,60,A
17957,61,B
17958,62,C
17959,63,D
17960,64,A
17961,65,B
17962,66,C
17966,70,C
17969,20,B
17972,23,A
17973,24,B
17974,25,C
17975,26,D
17976,27,A
17979,30,D
17980,31,A
17981,32,B
17982,33,C
17983,34,D
17984,35,A
17985,36,B
17986,37,C
17987,38,D
17988,39,A
17989,40,B
17990,41,C
17991,42,D
17992,43,A
17993,44,B
17995,46,D
17996,47,A
17997,48,B
17998,49,C
17999,50,D
18000,51,A
18002,53,C
18003,54,D
18005,56,B
18006,57,C
18007,58,D
18008,59,A
18009,60,B
18010,61,C
18011,62,D
18012,63,A
18013,64,B
18014,65,C
18015,66,D
18016,67,A
18020,18,A
18023,21,D
18024,22,A
18025,23,B
18027,25,D
18028,26,A
18029,27,B
18031,29,D
18032,30,A
18034,32,C
18035,33,D
18036,34,A
18037,35,B
18040,38,A
18041,39,B
18043,41,D
18045,43,B
18046,44,C
18047,45,D
18050,48,C
18052,50,A
18053,51,B
18054,52,C
18055,53,D
18056,54,A
18057,55,B
18058,56,C
18059,57,D
18060,58,A
18061,59,B
18063,61,D
18064,62,A
18065,63,B
18066,64,C
18068,66,A
18069,67,B
18070,68,C
18071,69,D
18072,70,A
18073,18,B
18074,19,C
18075,20,D
18076,21,A
18077,22,B
18078,23,C
18079,24,D
18081,26,B
18082,27,C
18083,28,D
18084,29,A
18085,30,B
18086,31,C
18087,32,D
18088,33,A
18089,34,B
18090,35,C
18091,36,D
18092,37,A
18093,38,B
18094,39,C
18095,40,D
18097,42,B
18098,43,C
18104,49,A
18105,50,B
18106,51,C
18107,52,D
18109,54,B
18110,55,C
18111,56,D
18114,59,C
18116,61,A
18117,62,B
18118,63,C
18119,64,D
18120,65,A
18121,66,B
18122,67,C
18124,69,A
18125,70,B
18126,18,C
18127,19,D
18128,20,A
18129,21,B
18130,22,C
18131,23,D
18132,24,A
18133,25,B
18135,27,D
18138,30,C
18139,31,D
18140,32,A
18142,34,C
18144,36,A
18146,38,C
18147,39,D
18149,41,B
18152,44,A
18153,45,B
18156,48,A
18158,50,C
18159,51,D
18163,55,D
18164,56,A
18165,57,B
18166,58,C
18169,61,B
18171,63,D
18172,64,A
18173,65,B
18174,66,C
18175,67,D
18178,70,C
18179,18,D
18180,19,A
18182,21,C
18183,22,D
18184,23,A
18185,24,B
18186,25,C
18187,26,D
18191,30,D
18192,31,A
18196,35,A
18198,37,C
18201,40,B
18202,41,C
18203,42,D
18204,43,A
18205,44,B
18206,45,C
18207,46,D
18211,50,D
18212,51,A
18213,52,B
18215,54,D
18216,55,A
18218,57,C
18219,58,D
18220,59,A
18222,61,C
18223,62,D
18224,63,A
18225,64,B
18226,65,C
18228,67,A
18229,68,B
18230,69,C
18233,19,B
18234,20,C
18236,22,A
18239,25,D
18241,27,B
18243,29,D
18245,31,B
18246,32,C
18247,33,D
18249,35,B
18250,36,C
18251,37,D
18252,38,A
18254,40,C
18255,41,D
18256,42,A
18257,43,B
18258,44,C
18259,45,D
18260,46,A
18261,47,B
18262,48,C
18264,50,A
18265,51,B
18268,54,A
18269,55,B
18271,57,D
18272,58,A
18274,60,C
18276,62,A
18277,63,B
18278,64,C
18279,65,D
18280,66,A
18281,67,B
18283,69,D
18285,18,B
18286,19,C
18287,20,D
18289,22,B
18290,23,C
18291,24,D
18293,26,B
18294,27,C
18297,30,B
18298,31,C
18301,34,B
18302,35,C
18303,36,D
18305,38,B
18306,39,C
18307,40,D
18308,41,A
18309,42,B
18310,43,C
18311,44,D
18312,45,A
18313,46,B
18316,49,A
18317,50,B
18318,51,C
18319,52,D
18321,54,B
18323,56,D
18327,60,D
18328,61,A
18329,62,B
18330,63,C
18332,65,A
18334,67,C
18335,68,D
18337,70,B
18338,18,C
18339,19,D
18340,20,A
18341,21,B
18343,23,D
18344,24,A
18345,25,B
18346,26,C
18347,27,D
18349,29,B
18350,30,C
18351,31,D
18352,32,A
18353,33,B
18354,34,C
18355,35,D
18356,36,A
18357,37,B
18358,38,C
18359,39,D
18360,40,A
18361,41,B
18362,42,C
18363,43,D
18364,44,A
18366,46,C
18367,47,D
18369,49,B
18370,50,C
18371,51,D
18372,52,A
18373,53,B
18374,54,C
18377,57,B
18378,58,C
18379,59,D
18380,60,A
18381,61,B
18382,62,C
18383,63,D
18384,64,A
18385,65,B
18387,67,D
18388,68,A
18390,70,C
18391,18,D
18394,21,C
18396,23,A
18397,24,B
18399,26,D
18400,27,A
18402,29,C
18406,33,C
18408,35,A
18410,37,C
18411,38,D
18413,40,B
18414,41,C
18415,42,D
18417,44,B
18420,47,A
18421,48,B
18422,49,C
18423,50,D
18424,51,A
18425,52,B
18426,53,C
18427,54,D
18428,55,A
18430,57,C
18431,58,D
18435,62,D
18436,63,A
18437,64,B
18438,65,C
18439,66,D
18440,67,A
18445,19,B
18449,23,B
18450,24,C
18451,25,D
18453,27,B
18454,28,C
18455,29,D
18459,33,D
18460,34,A
18462,36,C
18464,38,A
18466,40,C
18467,41,D
18468,42,A
18471,45,D
18472,46,A
18473,47,B
18475,49,D
18478,52,C
18480,54,A
18481,55,B
18484,58,A
18485,59,B
18487,61,D
18488,62,A
18489,63,B
18491,65,D
18493,67,B
18494,68,C
18495,69,D
18496,70,A
18497,18,B
18498,19,C
18499,20,D
18500,21,A
18501,22,B
18502,23,C
18503,24,D
18504,25,A
18505,26,B
18506,27,C
18507,28,D
18508,29,A
18509,30,B
18510,31,C
18511,32,D
18512,33,A
18513,34,B
18515,36,D
18518,39,C
18519,40,D
18520,41,A
18522,43,C
18525,46,B
18526,47,C
18527,48,D
18528,49,A
18529,50,B
18530,51,C
18531,52,D
18532,53,A
18534,55,C
18537,58,B
18539,60,D
18540,61,A
18541,62,B
18542,63,C
18543,64,D
18544,65,A
18545,66,B
18546,67,C
18547,68,D
18548,69,A
18549,70,B
18550,18,C
18552,20,A
18553,21,B
18554,22,C
18555,23,D
18556,24,A
18557,25,B
18558,26,C
18559,27,D
18562,30,C
18563,31,D
18564,32,A
18565,33,B
18566,34,C
18570,38,C
18573,41,B
18576,44,A
18578,46,C
18579,47,D
18580,48,A
18581,49,B
18582,50,C
18583,51,D
18584,52,A
18585,53,B
18586,54,C
18587,55,D
18589,57,B
18590,58,C
18591,59,D
18592,60,A
18593,61,B
18595,63,D
18596,64,A
18597,65,B
18598,66,C
18599,67,D
18601,69,B
18603,18,D
18604,19,A
18605,20,B
18607,22,D
18609,24,B
18610,25,C
18612,27,A
18613,28,B
18614,29,C
18615,30,D
18616,31,A
18617,32,B
18619,34,D
18621,36,B
18623,38,D
18624,39,A
18626,41,C
18627,42,D
18628,43,A
18629,44,B
18631,46,D
18635,50,D
18637,52,B
18638,53,C
18639,54,D
18642,57,C
18646,61,C
18647,62,D
18648,63,A
18650,65,C
18651,66,D
18652,67,A
18653,68,B
18654,69,C
18655,70,D
18656,18,A
18657,19,B
18658,20,C
18659,21,D
18661,23,B
18662,24,C
18663,25,D
18664,26,A
18666,28,C
18667,29,D
18668,30,A
18669,31,B
18670,32,C
18672,34,A
18675,37,D
18676,38,A
18677,39,B
18679,41,D
18680,42,A
18681,43,B
18682,44,C
18683,45,D
18684,46,A
18685,47,B
18686,48,C
18687,49,D
18689,51,B
18690,52,C
18691,53,D
18692,54,A
18693,55,B
18694,56,C
18696,58,A
18697,59,B
18698,60,C
18699,61,D
18700,62,A
18701,63,B
18702,64,C
18703,65,D
18704,66,A
18705,67,B
18707,69,D
18708,70,A
18709,18,B
18711,20,D
18712,21,A
18713,22,B
18714,23,C
18715,24,D
18716,25,A
18718,27,C
18719,28,D
18720,29,A
18722,31,C
18723,32,D
18724,33,A
18726,35,C
18731,40,D
18732,41,A
18733,42,B
18734,43,C
18735,44,D
18736,45,A
18738,47,C
18739,48,D
18743,52,D
18744,53,A
18745,54,B
18746,55,C
18748,57,A
18749,58,B
18750,59,C
18751,60,D
18752,61,A
18753,62,B
18754,63,C
18755,64,D
18756,65,A
18759,68,D
18760,69,A
18763,19,D
18764,20,A
18765,21,B
18766,22,C
18767,23,D
18768,24,A
18769,25,B
18771,27,D
18772,28,A
18773,29,B
18774,30,C
18775,31,D
18776,32,A
18778,34,C
18779,35,D
18780,36,A
18783,39,D
18784,40,A
18786,42,C
18788,44,A
18789,45,B
18790,46,C
18791,47,D
18792,48,A
18793,49,B
18794,50,C
18795,51,D
18796,52,A
18797,53,B
18798,54,C
18799,55,D
18800,56,A
18801,57,B
18802,58,C
18803,59,D
18805,61,B
18806,62,C
18808,64,A
18809,65,B
18812,68,A
18813,69,B
18815,18,D
18818,21,C
18819,22,D
18820,23,A
18821,24,B
18823,26,D
18825,28,B
18826,29,C
18827,30,D
18829,32,B
18830,33,C
18831,34,D
18833,36,B
18834,37,C
18835,38,D
18836,39,A
18839,42,D
18840,43,A
18842,45,C
18843,46,D
18844,47,A
18845,48,B
18847,50,D
18848,51,A
18849,52,B
18851,54,D
18852,55,A
18853,56,B
18854,57,C
18857,60,B
18859,62,D
18860,63,A
18862,65,C
18863,66,D
18864,67,A
18865,68,B
18866,69,C
18867,70,D
18868,18,A
18869,19,B
18870,20,C
18872,22,A
18873,23,B
18875,25,D
18878,28,C
18879,29,D
18880,30,A
18881,31,B
18885,35,B
18886,36,C
18887,37,D
18888,38,A
18889,39,B
18890,40,C
18891,41,D
18892,42,A
18893,43,B
18894,44,C
18895,45,D
18896,46,A
18897,47,B
18898,48,C
18899,49,D
18900,50,A
18901,51,B
18902,52,C
18905,55,B
18906,56,C
18907,57,D
18908,58,A
18909,59,B
18911,61,D
18912,62,A
18913,63,B
18915,65,D
18918,68,C
18919,69,D
18920,70,A
18921,18,B
18922,19,C
18924,21,A
18926,23,C
18927,24,D
18928,25,A
18930,27,C
18931,28,D
18932,29,A
18933,30,B
18934,31,C
18935,32,D
18937,34,B
18938,35,C
18939,36,D
18940,37,A
18942,39,C
18943,40,D
18945,42,B
18946,43,C
18948,45,A
18949,46,B
18950,47,C
18951,48,D
18955,52,D
18956,53,A
18957,54,B
18959,56,D
18960,57,A
18961,58,B
18963,60,D
18964,61,A
18965,62,B
18966,63,C
18967,64,D
18968,65,A
18969,66,B
18970,67,C
18971,68,D
18973,70,B
18975,19,D
18976,20,A
18978,22,C
18979,23,D
18982,26,C
18983,27,D
18984,28,A
18985,29,B
18986,30,C
18987,31,D
18988,32,A
18989,33,B
18990,34,C
18991,35,D
18992,36,A
18993,37,B
18994,38,C
18995,39,D
18996,40,A
18997,41,B
18999,43,D
19000,44,A
19002,46,C
19003,47,D
19005,49,B
19006,50,C
19007,51,D
19009,53,B
19010,54,C
19011,55,D
19012,56,A
19013,57,B
19014,58,C
19015,59,D
19016,60,A
19017,61,B
19018,62,C
19021,65,B
19022,66,C
19023,67,D
19024,68,A
19027,18,D
19028,19,A
19029,20,B
19030,21,C
19031,22,D
19033,24,B
19034,25,C
19037,28,B
19038,29,C
19041,32,B
19042,33,C
19043,34,D
19045,36,B
19047,38,D
19048,39,A
19049,40,B
19050,41,C
19052,43,A
19053,44,B
19054,45,C
19055,46,D
19057,48,B
19060,51,A
19061,52,B
19062,53,C
19063,54,D
19064,55,A
19065,56,B
19066,57,C
19067,58,D
19068,59,A
19069,60,B
19070,61,C
19073,64,B
19075,66,D
19076,67,A
19078,69,C
19079,70,D
19082,20,C
19083,21,D
19084,22,A
19086,24,C
19090,28,C
19091,29,D
19093,31,B
19094,32,C
19095,33,D
19096,34,A
19098,36,C
19099,37,D
19100,38,A
19101,39,B
19102,40,C
19103,41,D
19104,42,A
19106,44,C
19107,45,D
19108,46,A
19111,49,D
19112,50,A
19113,51,B
19117,55,B
19120,58,A
19122,60,C
19123,61,D
19124,62,A
19125,63,B
19126,64,C
19127,65,D
19128,66,A
19129,67,B
19130,68,C
19132,70,A
19134,19,C
19135,20,D
19136,21,A
19137,22,B
19138,23,C
19139,24,D
19142,27,C
19144,29,A
19145,30,B
19146,31,C
19147,32,D
19148,33,A
19149,34,B
19150,35,C
19151,36,D
19152,37,A
19153,38,B
19154,39,C
19155,40,D
19156,41,A
19157,42,B
19158,43,C
19159,44,D
19160,45,A
19162,47,C
19163,48,D
19164,49,A
19165,50,B
19166,51,C
19167,52,D
19169,54,B
19170,55,C
19171,56,D
19172,57,A
19173,58,B
19174,59,C
19176,61,A
19177,62,B
19178,63,C
19180,65,A
19181,66,B
19182,67,C
19183,68,D
19187,19,D
19189,21,B
19191,23,D
19192,24,A
19194,26,C
19195,27,D
19196,28,A
19197,29,B
19198,30,C
19200,32,A
19201,33,B
19202,34,C
19203,35,D
19204,36,A
19206,38,C
19207,39,D
19208,40,A
19209,41,B
19210,42,C
19213,45,B
19215,47,D
19216,48,A
19218,50,C
19219,51,D
19220,52,A
19221,53,B
19222,54,C
19223,55,D
19224,56,A
19225,57,B
19227,59,D
19228,60,A
19230,62,C
19231,63,D
19232,64,A
19233,65,B
19234,66,C
19235,67,D
19236,68,A
19237,69,B
19238,70,C
19239,18,D
19240,19,A
19241,20,B
19242,21,C
19245,24,B
19247,26,D
19248,27,A
19249,28,B
19250,29,C
19251,30,D
19255,34,D
19258,37,C
19261,40,B
19262,41,C
19264,43,A
19265,44,B
19268,47,A
19269,48,B
19272,51,A
19273,52,B
19278,57,C
19279,58,D
19280,59,A
19281,60,B
19282,61,C
19283,62,D
19284,63,A
19285,64,B
19286,65,C
19287,66,D
19288,67,A
19289,68,B
19290,69,C
19291,70,D
19292,18,A
19293,19,B
19294,20,C
19295,21,D
19297,23,B
19299,25,D
19300,26,A
19302,28,C
19304,30,A
19305,31,B
19306,32,C
19308,34,A
19309,35,B
19310,36,C
19312,38,A
19313,39,B
19314,40,C
19315,41,D
19316,42,A
19317,43,B
19318,44,C
19319,45,D
19320,46,A
19322,48,C
19323,49,D
19324,50,A
19325,51,B
19326,52,C
19327,53,D
19328,54,A
19329,55,B
19330,56,C
19331,57,D
19332,58,A
19333,59,B
19334,60,C
19335,61,D
19336,62,A
19337,63,B
19338,64,C
19339,65,D
19340,66,A
19341,67,B
19342,68,C
19343,69,D
19345,18,B
19346,19,C
19347,20,D
19349,22,B
19350,23,C
19351,24,D
19352,25,A
19354,27,C
19355,28,D
19357,30,B
19358,31,C
19359,32,D
19360,33,A
19361,34,B
19362,35,C
19363,36,D
19364,37,A
19366,39,C
19367,40,D
19368,41,A
19369,42,B
19370,43,C
19371,44,D
19372,45,A
19373,46,B
19374,47,C
19377,50,B
19378,51,C
19379,52,D
19380,53,A
19381,54,B
19383,56,D
19384,57,A
19385,58,B
19386,59,C
19387,60,D
19388,61,A
19389,62,B
19390,63,C
19391,64,D
19392,65,A
19395,68,D
19396,69,A
19398,18,C
19399,19,D
19400,20,A
19401,21,B
19402,22,C
19404,24,A
19405,25,B
19406,26,C
19407,27,D
19412,32,A
19413,33,B
19414,34,C
19415,35,D
19417,37,B
19418,38,C
19419,39,D
19421,41,B
19422,42,C
19426,46,C
19427,47,D
19429,49,B
19430,50,C
19431,51,D
19432,52,A
19434,54,C
19436,56,A
19437,57,B
19439,59,D
19440,60,A
19441,61,B
19442,62,C
19443,63,D
19445,65,B
19448,68,A
19449,69,B
19450,70,C
19451,18,D
19454,21,C
19455,22,D
19456,23,A
19457,24,B
19461,28,B
19462,29,C
19463,30,D
19464,31,A
19465,32,B
19466,33,C
19467,34,D
19468,35,A
19469,36,B
19470,37,C
19471,38,D
19473,40,B
19474,41,C
19475,42,D
19476,43,A
19477,44,B
19478,45,C
19479,46,D
19480,47,A
19481,48,B
19482,49,C
19483,50,D
19485,52,B
19486,53,C
19487,54,D
19488,55,A
19491,58,D
19492,59,A
19493,60,B
19496,63,A
19497,64,B
19498,65,C
19499,66,D
19500,67,A
19501,68,B
19502,69,C
19503,70,D
19504,18,A
19505,19,B
19506,20,C
19507,21,D
19508,22,A
19509,23,B
19510,24,C
19513,27,B
19514,28,C
19516,30,A
19518,32,C
19519,33,D
19520,34,A
19523,37,D
19524,38,A
19525,39,B
19527,41,D
19528,42,A
19529,43,B
19530,44,C
19531,45,D
19533,47,B
19534,48,C
19535,49,D
19538,52,C
19541,55,B
19542,56,C
19543,57,D
19544,58,A
19546,60,C
19549,63,B
19550,64,C
19551,65,D
19554,68,C
19555,69,D
19556,70,A
19557,18,B
19559,20,D
19560,21,A
19561,22,B
19562,23,C
19564,25,A
19565,26,B
19566,27,C
19567,28,D
19568,29,A
19569,30,B
19570,31,C
19571,32,D
19575,36,D
19576,37,A
19577,38,B
19578,39,C
19579,40,D
19580,41,A
19582,43,C
19583,44,D
19584,45,A
19587,48,D
19588,49,A
19589,50,B
19590,51,C
19594,55,C
19596,57,A
19597,58,B
19599,60,D
19600,61,A
19601,62,B
19603,64,D
19605,66,B
19606,67,C
19607,68,D
19608,69,A
19609,70,B
19611,19,D
19612,20,A
19615,23,D
19617,25,B
19618,26,C
19620,28,A
19623,31,D
19624,32,A
19626,34,C
19627,35,D
19628,36,A
19629,37,B
19632,40,A
19633,41,B
19637,45,B
19640,48,A
19641,49,B
19643,51,D
19646,54,C
19648,56,A
19650,58,C
19651,59,D
19653,61,B
19654,62,C
19655,63,D
19656,64,A
19657,65,B
19660,68,A
19661,69,B
19662,70,C
19664,19,A
19665,20,B
19666,21,C
19667,22,D
19668,23,A
19669,24,B
19670,25,C
19671,26,D
19672,27,A
19673,28,B
19674,29,C
19676,31,A
19678,33,C
19680,35,A
19681,36,B
19682,37,C
19683,38,D
19685,40,B
19686,41,C
19687,42,D
19688,43,A
19689,44,B
19691,46,D
19692,47,A
19693,48,B
19694,49,C
19695,50,D
19696,51,A
19697,52,B
19698,53,C
19699,54,D
19700,55,A
19701,56,B
19702,57,C
19703,58,D
19704,59,A
19706,61,C
19707,62,D
19708,63,A
19709,64,B
19710,65,C
19711,66,D
19713,68,B
19714,69,C
19715,70,D
19716,18,A
19718,20,C
19719,21,D
19720,22,A
19721,23,B
19722,24,C
19723,25,D
19724,26,A
19725,27,B
19726,28,C
19727,29,D
19729,31,B
19730,32,C
19731,33,D
19732,34,A
19733,35,B
19734,36,C
19735,37,D
19736,38,A
19737,39,B
19738,40,C
19739,41,D
19740,42,A
19741,43,B
19742,44,C
19743,45,D
19744,46,A
19745,47,B
19746,48,C
19747,49,D
19748,50,A
19751,53,D
19752,54,A
19754,56,C
19756,58,A
19759,61,D
19760,62,A
19761,63,B
19764,66,A
19765,67,B
19766,68,C
19767,69,D
19769,18,B
19770,19,C
19772,21,A
19773,22,B
19774,23,C
19775,24,D
19776,25,A
19777,26,B
19778,27,C
19779,28,D
19780,29,A
19781,30,B
19783,32,D
19784,33,A
19785,34,B
19786,35,C
19787,36,D
19788,37,A
19790,39,C
19791,40,D
19792,41,A
19793,42,B
19794,43,C
19796,45,A
19798,47,C
19800,49,A
19803,52,D
19805,54,B
19806,55,C
19808,57,A
19809,58,B
19810,59,C
19811,60,D
19814,63,C
19815,64,D
19816,65,A
19817,66,B
19818,67,C
19819,68,D
19820,69,A
19821,70,B
19822,18,C
19823,19,D
19824,20,A
19825,21,B
19826,22,C
19827,23,D
19828,24,A
19830,26,C
19831,27,D
19832,28,A
19833,29,B
19836,32,A
19838,34,C
19839,35,D
19841,37,B
19842,38,C
19843,39,D
19844,40,A
19845,41,B
19846,42,C
19847,43,D
19848,44,A
19849,45,B
19850,46,C
19851,47,D
19852,48,A
19854,50,C
19857,53,B
19858,54,C
19859,55,D
19861,57,B
19863,59,D
19864,60,A
19865,61,B
19866,62,C
19868,64,A
19870,66,C
19871,67,D
19872,68,A
19873,69,B
19874,70,C
19875,18,D
19876,19,A
19877,20,B
19878,21,C
19880,23,A
19881,24,B
19882,25,C
19883,26,D
19884,27,A
19885,28,B
19886,29,C
19887,30,D
19889,32,B
19893,36,B
19894,37,C
19895,38,D
19896,39,A
19897,40,B
19898,41,C
19899,42,D
19900,43,A
19901,44,B
19902,45,C
19903,46,D
19904,47,A
19907,50,D
19908,51,A
19911,54,D
19912,55,A
19913,56,B
19915,58,D
19916,59,A
19917,60,B
19918,61,C
19921,64,B
19922,65,C
19923,66,D
19924,67,A
19925,68,B
19926,69,C
19927,70,D
19928,18,A
19929,19,B
19930,20,C
19931,21,D
19932,22,A
19933,23,B
19934,24,C
19935,25,D
19937,27,B
19938,28,C
19940,30,A
19941,31,B
19942,32,C
19944,34,A
19946,36,C
19948,38,A
19949,39,B
19950,40,C
19951,41,D
19952,42,A
19953,43,B
19954,44,C
19956,46,A
19958,48,C
19959,49,D
19960,50,A
19961,51,B
19964,54,A
19966,56,C
19968,58,A
19969,59,B
19974,64,C
19975,65,D
19976,66,A
19977,67,B
19978,68,C
19980,70,A
19983,20,D
19986,23,C
19988,25,A
19992,29,A
19993,30,B
19994,31,C
19995,32,D
19996,33,A
19997,34,B
19998,35,C
19999,36,D
20000,37,A
20001,38,B
20002,39,C
20003,40,D
20004,41,A
20006,43,C
20008,45,A
20009,46,B
20010,47,C
20011,48,D
20012,49,A
20013,50,B
20014,51,C
20015,52,D
20016,53,A
20017,54,B
20019,56,D
20020,57,A
20022,59,C
20023,60,D
20024,61,A
20025,62,B
20026,63,C
20027,64,D
20028,65,A
20029,66,B
20030,67,C
20031,68,D
20032,69,A
20033,70,B
20034,18,C
20035,19,D
20036,20,A
20039,23,D
20042,26,C
20044,28,A
20045,29,B
20046,30,C
20047,31,D
20048,32,A
20050,34,C
20052,36,A
20054,38,C
20056,40,A
20057,41,B
20058,42,C
20059,43,D
20061,45,B
20062,46,C
20064,48,A
20065,49,B
20066,50,C
20067,51,D
20068,52,A
20072,56,A
20073,57,B
20074,58,C
20075,59,D
20076,60,A
20077,61,B
20078,62,C
20079,63,D
20080,64,A
20081,65,B
20082,66,C
20083,67,D
20084,68,A
20085,69,B
20086,70,C
20087,18,D
20088,19,A
20089,20,B
20090,21,C
20091,22,D
20095,26,D
20096,27,A
20097,28,B
20098,29,C
20099,30,D
20100,31,A
20102,33,C
20103,34,D
20106,37,C
20107,38,D
20108,39,A
20109,40,B
20110,41,C
20111,42,D
20112,43,A
20113,44,B
20114,45,C
20115,46,D
20116,47,A
20118,49,C
20119,50,D
20123,54,D
20124,55,A
20126,57,C
20127,58,D
20130,61,C
20131,62,D
20133,64,B
20135,66,D
20136,67,A
20137,68,B
20138,69,C
20139,70,D
20140,18,A
20141,19,B
20142,20,C
20143,21,D
20144,22,A
20145,23,B
20146,24,C
20147,25,D
20148,26,A
20149,27,B
20150,28,C
20151,29,D
20153,31,B
20154,32,C
20155,33,D
20156,34,A
20157,35,B
20158,36,C
20159,37,D
20161,39,B
20163,41,D
20165,43,B
20166,44,C
20167,45,D
20168,46,A
20169,47,B
20171,49,D
20172,50,A
20174,52,C
20178,56,C
20179,57,D
20181,59,B
20182,60,C
20183,61,D
20186,64,C
20187,65,D
20190,68,C
20192,70,A
20193,18,B
20194,19,C
20195,20,D
20196,21,A
20197,22,B
20199,24,D
20201,26,B
20202,27,C
20203,28,D
20204,29,A
20205,30,B
20206,31,C
20207,32,D
20208,33,A
20209,34,B
20211,36,D
20212,37,A
20213,38,B
20214,39,C
20215,40,D
20216,41,A
20217,42,B
20219,44,D
20220,45,A
20223,48,D
20224,49,A
20226,51,C
20228,53,A
20229,54,B
20231,56,D
20233,58,B
20234,59,C
20235,60,D
20236,61,A
20238,63,C
20239,64,D
20241,66,B
20242,67,C
20245,70,B
20247,19,D
20248,20,A
20249,21,B
20250,22,C
20251,23,D
20253,25,B
20255,27,D
20256,28,A
20257,29,B
20258,30,C
20259,31,D
20265,37,B
20266,38,C
20268,40,A
20271,43,D
20275,47,D
20277,49,B
20278,50,C
20279,51,D
20283,55,D
20285,57,B
20286,58,C
20287,59,D
20288,60,A
20289,61,B
20290,62,C
20291,63,D
20292,64,A
20293,65,B
20294,66,C
20295,67,D
20296,68,A
20297,69,B
20298,70,C
20300,19,A
20302,21,C
20303,22,D
20304,23,A
20305,24,B
20306,25,C
20308,27,A
20309,28,B
20310,29,C
20314,33,C
20315,34,D
20317,36,B
20318,37,C
20319,38,D
20321,40,B
20322,41,C
20323,42,D
20324,43,A
20325,44,B
20326,45,C
20327,46,D
20328,47,A
20329,48,B
20330,49,C
20331,50,D
20332,51,A
20334,53,C
20335,54,D
20336,55,A
20337,56,B
20338,57,C
20340,59,A
20341,60,B
20342,61,C
20343,62,D
20344,63,A
20345,64,B
20346,65,C
20347,66,D
20348,67,A
20349,68,B
20351,70,D
20352,18,A
20353,19,B
20354,20,C
20356,22,A
20357,23,B
20358,24,C
20359,25,D
20362,28,C
20364,30,A
20365,31,B
20366,32,C
20367,33,D
20368,34,A
20369,35,B
20370,36,C
20371,37,D
20372,38,A
20373,39,B
20374,40,C
20375,41,D
20376,42,A
20378,44,C
20379,45,D
20380,46,A
20381,47,B
20384,50,A
20386,52,C
20388,54,A
20389,55,B
20394,60,C
20396,62,A
20397,63,B
20398,64,C
20399,65,D
20400,66,A
20402,68,C
20403,69,D
20407,20,D
20408,21,A
20409,22,B
20410,23,C
20411,24,D
20412,25,A
20414,27,C
20416,29,A
20417,30,B
20418,31,C
20420,33,A
20421,34,B
20423,36,D
20425,38,B
20427,40,D
20428,41,A
20430,43,C
20431,44,D
20432,45,A
20433,46,B
20434,47,C
20435,48,D
20437,50,B
20438,51,C
20441,54,B
20442,55,C
20443,56,D
20444,57,A
20445,58,B
20446,59,C
20448,61,A
20449,62,B
20450,63,C
20452,65,A
20453,66,B
20455,68,D
20456,69,A
20458,18,C
20459,19,D
20460,20,A
20461,21,B
20463,23,D
20464,24,A
20465,25,B
20466,26,C
20467,27,D
20468,28,A
20469,29,B
20470,30,C
20471,31,D
20472,32,A
20473,33,B
20474,34,C
20475,35,D
20477,37,B
20478,38,C
20479,39,D
20480,40,A
20482,42,C
20483,43,D
20486,46,C
20487,47,D
20488,48,A
20491,51,D
20496,56,A
20497,57,B
20498,58,C
20500,60,A
20501,61,B
20502,62,C
20505,65,B
20506,66,C
20507,67,D
20508,68,A
20509,69,B
20510,70,C
20511,18,D
20512,19,A
20513,20,B
20514,21,C
20515,22,D
20516,23,A
20517,24,B
20518,25,C
20519,26,D
20522,29,C
20523,30,D
20524,31,A
20526,33,C
20527,34,D
20528,35,A
20529,36,B
20530,37,C
20531,38,D
20532,39,A
20533,40,B
20536,43,A
20538,45,C
20539,46,D
20540,47,A
20544,51,A
20546,53,C
20547,54,D
20548,55,A
20549,56,B
20550,57,C
20551,58,D
20552,59,A
20553,60,B
20554,61,C
20555,62,D
20556,63,A
20557,64,B
20558,65,C
20559,66,D
20560,67,A
20561,68,B
20562,69,C
20563,70,D
20564,18,A
20565,19,B
20566,20,C
20567,21,D
20568,22,A
20569,23,B
20570,24,C
20572,26,A
20573,27,B
20574,28,C
20577,31,B
20578,32,C
20579,33,D
20580,34,A
20581,35,B
20582,36,C
20583,37,D
20584,38,A
20585,39,B
20586,40,C
20588,42,A
20589,43,B
20590,44,C
20591,45,D
20592,46,A
20594,48,C
20596,50,A
20597,51,B
20598,52,C
20601,55,B
20602,56,C
20603,57,D
20604,58,A
20605,59,B
20606,60,C
20607,61,D
20609,63,B
20610,64,C
20612,66,A
20615,69,D
20616,70,A
20621,22,B
20622,23,C
20625,26,B
20626,27,C
20627,28,D
20629,30,B
20630,31,C
20634,35,C
20635,36,D
20636,37,A
20638,39,C
20639,40,D
20642,43,C
20644,45,A
20646,47,C
20647,48,D
20648,49,A
20649,50,B
20650,51,C
20651,52,D
20652,53,A
20654,55,C
20655,56,D
20660,61,A
20663,64,D
20665,66,B
20666,67,C
20668,69,A
20669,70,B
20670,18,C
20672,20,A
20673,21,B
20674,22,C
20675,23,D
20676,24,A
20677,25,B
20679,27,D
20680,28,A
20681,29,B
20683,31,D
20684,32,A
20687,35,D
20688,36,A
20689,37,B
20691,39,D
20694,42,C
20695,43,D
20696,44,A
20697,45,B
20698,46,C
20700,48,A
20701,49,B
20703,51,D
20704,52,A
20705,53,B
20706,54,C
20708,56,A
20709,57,B
20710,58,C
20711,59,D
20712,60,A
20713,61,B
20714,62,C
20715,63,D
20716,64,A
20717,65,B
20718,66,C
20720,68,A
20721,69,B
20722,70,C
20723,18,D
20726,21,C
20727,22,D
20728,23,A
20729,24,B
20730,25,C
20732,27,A
20734,29,C
20735,30,D
20736,31,A
20738,33,C
20739,34,D
20740,35,A
20741,36,B
20742,37,C
20743,38,D
20744,39,A
20746,41,C
20750,45,C
20751,46,D
20753,48,B
20754,49,C
20755,50,D
20756,51,A
20757,52,B
20758,53,C
20759,54,D
20760,55,A
20761,56,B
20762,57,C
20763,58,D
20764,59,A
20765,60,B
20766,61,C
20767,62,D
20768,63,A
20769,64,B
20771,66,D
20772,67,A
20775,70,D
20776,18,A
20777,19,B
20780,22,A
20781,23,B
20784,26,A
20785,27,B
20786,28,C
20787,29,D
20788,30,A
20789,31,B
20790,32,C
20791,33,D
20793,35,B
20794,36,C
20795,37,D
20797,39,B
20798,40,C
20800,42,A
20801,43,B
20802,44,C
20803,45,D
20804,46,A
20805,47,B
20806,48,C
20807,49,D
20809,51,B
20810,52,C
20811,53,D
20815,57,D
20816,58,A
20817,59,B
20819,61,D
20820,62,A
20821,63,B
20822,64,C
20824,66,A
20825,67,B
20826,68,C
20827,69,D
20828,70,A
20829,18,B
20830,19,C
20831,20,D
20832,21,A
20833,22,B
20834,23,C
20835,24,D
20836,25,A
20838,27,C
20839,28,D
20840,29,A
20841,30,B
20842,31,C
20843,32,D
20844,33,A
20845,34,B
20846,35,C
20847,36,D
20849,38,B
20850,39,C
20851,40,D
20852,41,A
20853,42,B
20855,44,D
20857,46,B
20858,47,C
20859,48,D
20860,49,A
20862,51,C
20864,53,A
20867,56,D
20868,57,A
20869,58,B
20870,59,C
20871,60,D
20872,61,A
20873,62,B
20874,63,C
20875,64,D
20876,65,A
20877,66,B
20880,69,A
20881,70,B
20883,19,D
20884,20,A
20886,22,C
20887,23,D
20888,24,A
20889,25,B
20890,26,C
20891,27,D
20892,28,A
20893,29,B
20894,30,C
20895,31,D
20896,32,A
20898,34,C
20900,36,A
20901,37,B
20902,38,C
20903,39,D
20905,41,B
20906,42,C
20907,43,D
20912,48,A
20913,49,B
20917,53,B
20918,54,C
20923,59,D
20925,61,B
20927,63,D
20929,65,B
20930,66,C
20931,67,D
20933,69,B
20934,70,C
20940,23,A
20943,26,D
20945,28,B
20946,29,C
20947,30,D
20949,32,B
20950,33,C
20951,34,D
20952,35,A
20953,36,B
20954,37,C
20955,38,D
20958,41,C
20959,42,D
20960,43,A
20961,44,B
20962,45,C
20963,46,D
20964,47,A
20965,48,B
20966,49,C
20967,50,D
20968,51,A
20969,52,B
20970,53,C
20971,54,D
20972,55,A
20973,56,B
20974,57,C
20975,58,D
20976,59,A
20977,60,B
20978,61,C
20979,62,D
20980,63,A
20981,64,B
20982,65,C
20983,66,D
20984,67,A
20985,68,B
20986,69,C
20987,70,D
20990,20,C
20991,21,D
20994,24,C
20995,25,D
20997,27,B
21000,30,A
21001,31,B
21002,32,C
21003,33,D
21004,34,A
21005,35,B
21006,36,C
21010,40,C
21011,41,D
21012,42,A
21013,43,B
21014,44,C
21015,45,D
21017,47,B
21018,48,C
21021,51,B
21024,54,A
21025,55,B
21027,57,D
21030,60,C
21031,61,D
21035,65,D
21038,68,C
21039,69,D
21041,18,B
21043,20,D
21044,21,A
21047,24,D
21051,28,D
21053,30,B
21054,31,C
21057,34,B
21059,36,D
21060,37,A
21061,38,B
21062,39,C
21064,41,A
21065,42,B
21066,43,C
21067,44,D
21068,45,A
21070,47,C
21071,48,D
21072,49,A
21073,50,B
21074,51,C
21075,52,D
21076,53,A
21077,54,B
21078,55,C
21079,56,D
21081,58,B
21083,60,D
21084,61,A
21085,62,B
21086,63,C
21088,65,A
21089,66,B
21090,67,C
21091,68,D
21092,69,A
21093,70,B
21095,19,D
21096,20,A
21097,21,B
21099,23,D
21100,24,A
21101,25,B
21102,26,C
21103,27,D
21104,28,A
21105,29,B
21106,30,C
21107,31,D
21108,32,A
21109,33,B
21110,34,C
21111,35,D
21112,36,A
21113,37,B
21114,38,C
21115,39,D
21120,44,A
21121,45,B
21126,50,C
21127,51,D
21128,52,A
21129,53,B
21130,54,C
21131,55,D
21132,56,A
21133,57,B
21134,58,C
21135,59,D
21136,60,A
21137,61,B
21139,63,D
21141,65,B
21142,66,C
21143,67,D
21144,68,A
21145,69,B
21146,70,C
21147,18,D
21148,19,A
21149,20,B
21150,21,C
21152,23,A
21154,25,C
21155,26,D
21159,30,D
21160,31,A
21162,33,C
21163,34,D
21164,35,A
21165,36,B
21167,38,D
21171,42,D
21172,43,A
21175,46,D
21177,48,B
21178,49,C
21179,50,D
21180,51,A
21181,52,B
21182,53,C
21185,56,B
21186,57,C
21187,58,D
21188,59,A
21189,60,B
21190,61,C
21191,62,D
21192,63,A
21193,64,B
21195,66,D
21197,68,B
21199,70,D
21203,21,D
21204,22,A
21205,23,B
21206,24,C
21209,27,B
21211,29,D
21212,30,A
21215,33,D
21216,34,A
21217,35,B
21219,37,D
21220,38,A
21225,43,B
21226,44,C
21227,45,D
21231,49,D
21233,51,B
21234,52,C
21235,53,D
21237,55,B
21238,56,C
21242,60,C
21243,61,D
21244,62,A
21245,63,B
21246,64,C
21247,65,D
21248,66,A
21250,68,C
21251,69,D
21253,18,B
21255,20,D
21256,21,A
21257,22,B
21259,24,D
21261,26,B
21262,27,C
21263,28,D
21264,29,A
21265,30,B
21266,31,C
21267,32,D
21268,33,A
21269,34,B
21270,35,C
21272,37,A
21275,40,D
21276,41,A
21277,42,B
21278,43,C
21279,44,D
21280,45,A
21281,46,B
21284,49,A
21286,51,C
21287,52,D
21288,53,A
21292,57,A
21295,60,D
21296,61,A
21297,62,B
21299,64,D
21300,65,A
21301,66,B
21303,68,D
21304,69,A
21305,70,B
21307,19,D
21308,20,A
21310,22,C
21311,23,D
21312,24,A
21314,26,C
21315,27,D
21316,28,A
21317,29,B
21318,30,C
21319,31,D
21320,32,A
21321,33,B
21323,35,D
21324,36,A
21325,37,B
21326,38,C
21327,39,D
21328,40,A
21329,41,B
21331,43,D
21333,45,B
21334,46,C
21335,47,D
21336,48,A
21337,49,B
21338,50,C
21339,51,D
21341,53,B
21342,54,C
21345,57,B
21347,59,D
21348,60,A
21356,68,A
21360,19,A
21362,21,C
21363,22,D
21364,23,A
21365,24,B
21366,25,C
21367,26,D
21370,29,C
21372,31,A
21373,32,B
21374,33,C
21375,34,D
21376,35,A
21377,36,B
21378,37,C
21379,38,D
21380,39,A
21381,40,B
21382,41,C
21383,42,D
21384,43,A
21385,44,B
21386,45,C
21388,47,A
21390,49,C
21391,50,D
21392,51,A
21395,54,D
21397,56,B
21398,57,C
21399,58,D
21400,59,A
21401,60,B
21402,61,C
21403,62,D
21404,63,A
21405,64,B
21406,65,C
21407,66,D
21408,67,A
21410,69,C
21412,18,A
21413,19,B
21414,20,C
21415,21,D
21417,23,B
21419,25,D
21420,26,A
21421,27,B
21423,29,D
21425,31,B
21427,33,D
21430,36,C
21432,38,A
21433,39,B
21435,41,D
21436,42,A
21437,43,B
21438,44,C
21439,45,D
21440,46,A
21441,47,B
21443,49,D
21445,51,B
21446,52,C
21448,54,A
21449,55,B
21452,58,A
21453,59,B
21454,60,C
21456,62,A
21457,63,B
21460,66,A
21462,68,C
21463,69,D
21464,70,A
21466,19,C
21468,21,A
21469,22,B
21471,24,D
21472,25,A
21474,27,C
21476,29,A
21478,31,C
21484,37,A
21487,40,D
21489,42,B
21490,43,C
21491,44,D
21492,45,A
21493,46,B
21495,48,D
21497,50,B
21499,52,D
21502,55,C
21504,57,A
21505,58,B
21506,59,C
21508,61,A
21510,63,C
21511,64,D
21512,65,A
21513,66,B
21514,67,C
21518,18,C
21519,19,D
21520,20,A
21521,21,B
21522,22,C
21523,23,D
21524,24,A
21525,25,B
21526,26,C
21527,27,D
21528,28,A
21532,32,A
21533,33,B
21534,34,C
21535,35,D
21536,36,A
21537,37,B
21538,38,C
21539,39,D
21540,40,A
21541,41,B
21542,42,C
21543,43,D
21544,44,A
21545,45,B
21546,46,C
21547,47,D
21548,48,A
21552,52,A
21555,55,D
21558,58,C
21559,59,D
21560,60,A
21562,62,C
21563,63,D
21564,64,A
21565,65,B
21566,66,C
21567,67,D
21568,68,A
21569,69,B
21570,70,C
21571,18,D
21572,19,A
21575,22,D
21577,24,B
21578,25,C
21580,27,A
21581,28,B
21582,29,C
21583,30,D
21584,31,A
21585,32,B
21586,33,C
21588,35,A
21589,36,B
21591,38,D
21593,40,B
21594,41,C
21595,42,D
21596,43,A
21597,44,B
21598,45,C
21602,49,C
21603,50,D
21604,51,A
21605,52,B
21606,53,C
21607,54,D
21608,55,A
21609,56,B
21611,58,D
21612,59,A
21615,62,D
21616,63,A
21621,68,B
21622,69,C
21623,70,D
21628,22,A
21629,23,B
21634,28,C
21635,29,D
21636,30,A
21638,32,C
21640,34,A
21646,40,C
21647,41,D
21650,44,C
21651,45,D
21652,46,A
21654,48,C
21657,51,B
21658,52,C
21659,53,D
21661,55,B
21662,56,C
21664,58,A
21666,60,C
21667,61,D
21668,62,A
21669,63,B
21671,65,D
21672,66,A
21673,67,B
21674,68,C
21675,69,D
21676,70,A
21677,18,B
21678,19,C
21679,20,D
21680,21,A
21681,22,B
21682,23,C
21685,26,B
21686,27,C
21687,28,D
21688,29,A
21690,31,C
21691,32,D
21692,33,A
21693,34,B
21694,35,C
21695,36,D
21697,38,B
21699,40,D
21700,41,A
21701,42,B
21703,44,D
21704,45,A
21707,48,D
21709,50,B
21710,51,C
21712,53,A
21713,54,B
21714,55,C
21715,56,D
21716,57,A
21717,58,B
21718,59,C
21721,62,B
21722,63,C
21727,68,D
21729,70,B
21730,18,C
21734,22,C
21735,23,D
21737,25,B
21738,26,C
21739,27,D
21740,28,A
21741,29,B
21743,31,D
21745,33,B
21746,34,C
21747,35,D
21748,36,A
21749,37,B
21750,38,C
21751,39,D
21752,40,A
21753,41,B
21754,42,C
21756,44,A
21757,45,B
21759,47,D
21760,48,A
21761,49,B
21762,50,C
21764,52,A
21765,53,B
21768,56,A
21769,57,B
21770,58,C
21771,59,D
21772,60,A
21775,63,D
21776,64,A
21777,65,B
21778,66,C
21780,68,A
21783,18,D
21787,22,D
21791,26,D
21792,27,A
21793,28,B
21794,29,C
21797,32,B
21798,33,C
21799,34,D
21800,35,A
21801,36,B
21803,38,D
21805,40,B
21809,44,B
21810,45,C
21812,47,A
21813,48,B
21815,50,D
21816,51,A
21817,52,B
21818,53,C
21819,54,D
21821,56,B
21823,58,D
21824,59,A
21825,60,B
21826,61,C
21828,63,A
21829,64,B
21830,65,C
21831,66,D
21833,68,B
21834,69,C
21838,20,C
21839,21,D
21841,23,B
21842,24,C
21843,25,D
21844,26,A
21845,27,B
21846,28,C
21847,29,D
21848,30,A
21850,32,C
21852,34,A
21854,36,C
21855,37,D
21856,38,A
21857,39,B
21860,42,A
21861,43,B
21862,44,C
21864,46,A
21866,48,C
21867,49,D
21868,50,A
21869,51,B
21870,52,C
21873,55,B
21874,56,C
21875,57,D
21877,59,B
21878,60,C
21879,61,D
21880,62,A
21881,63,B
21882,64,C
21884,66,A
21886,68,C
21887,69,D
21891,20,D
21892,21,A
21895,24,D
21896,25,A
21898,27,C
21899,28,D
21900,29,A
21901,30,B
21903,32,D
21904,33,A
21905,34,B
21907,36,D
21908,37,A
21911,40,D
21916,45,A
21918,47,C
21919,48,D
21921,50,B
21922,51,C
21923,52,D
21924,53,A
21926,55,C
21927,56,D
21928,57,A
21929,58,B
21930,59,C
21931,60,D
21932,61,A
21934,63,C
21935,64,D
21936,65,A
21937,66,B
21938,67,C
21940,69,A
21941,70,B
21942,18,C
21943,19,D
21944,20,A
21945,21,B
21946,22,C
21947,23,D
21949,25,B
21952,28,A
21953,29,B
21955,31,D
21956,32,A
21957,33,B
21958,34,C
21959,35,D
21960,36,A
21961,37,B
21962,38,C
21964,40,A
21965,41,B
21966,42,C
21967,43,D
21968,44,A
21969,45,B
21972,48,A
21973,49,B
21974,50,C
21975,51,D
21976,52,A
21977,53,B
21978,54,C
21980,56,A
21981,57,B
21982,58,C
21983,59,D
21987,63,D
21989,65,B
21990,66,C
21991,67,D
21992,68,A
21993,69,B
21994,70,C
21995,18,D
21996,19,A
21997,20,B
21998,21,C
21999,22,D
22001,24,B
22002,25,C
22003,26,D
22005,28,B
22006,29,C
22007,30,D
22009,32,B
22010,33,C
22011,34,D
22012,35,A
22013,36,B
22014,37,C
22015,38,D
22016,39,A
22017,40,B
22018,41,C
22019,42,D
22022,45,C
22023,46,D
22024,47,A
22027,50,D
22028,51,A
22029,52,B
22030,53,C
22032,55,A
22035,58,D
22036,59,A
22038,61,C
22040,63,A
22042,65,C
22044,67,A
22055,25,D
22057,27,B
22058,28,C
22059,29,D
22060,30,A
22062,32,C
22063,33,D
22066,36,C
22069,39,B
22072,42,A
22073,43,B
22074,44,C
22075,45,D
22076,46,A
22077,47,B
22078,48,C
22083,53,D
22085,55,B
22087,57,D
22088,58,A
22092,62,A
22094,64,C
22100,70,A
22103,20,D
22105,22,B
22106,23,C
22114,31,C
22115,32,D
22116,33,A
22119,36,D
22121,38,B
22122,39,C
22123,40,D
22124,41,A
22125,42,B
22126,43,C
22127,44,D
22128,45,A
22129,46,B
22130,47,C
22131,48,D
22132,49,A
22133,50,B
22134,51,C
22135,52,D
22136,53,A
22138,55,C
22140,57,A
22141,58,B
22142,59,C
22143,60,D
22144,61,A
22146,63,C
22147,64,D
22149,66,B
22150,67,C
22151,68,D
22152,69,A
22154,18,C
22157,21,B
22158,22,C
22159,23,D
22160,24,A
22161,25,B
22162,26,C
22164,28,A
22166,30,C
22167,31,D
22169,33,B
22170,34,C
22171,35,D
22173,37,B
22177,41,B
22178,42,C
22179,43,D
22180,44,A
22182,46,C
22183,47,D
22184,48,A
22185,49,B
22187,51,D
22189,53,B
22190,54,C
22191,55,D
22192,56,A
22195,59,D
22196,60,A
22197,61,B
22198,62,C
22199,63,D
22202,66,C
22205,69,B
22206,70,C
22208,19,A
22211,22,D
22212,23,A
22215,26,D
22216,27,A
22217,28,B
22219,30,D
22220,31,A
22222,33,C
22223,34,D
22224,35,A
22225,36,B
22226,37,C
22227,38,D
22229,40,B
22230,41,C
22231,42,D
22232,43,A
22233,44,B
22236,47,A
22239,50,D
22240,51,A
22244,55,A
22245,56,B
22246,57,C
22247,58,D
22250,61,C
22251,62,D
22252,63,A
22253,64,B
22254,65,C
22255,66,D
22257,68,B
22259,70,D
22260,18,A
22261,19,B
22264,22,A
22267,25,D
22270,28,C
22274,32,C
22275,33,D
22276,34,A
22277,35,B
22278,36,C
22280,38,A
22281,39,B
22283,41,D
22284,42,A
22285,43,B
22286,44,C
22289,47,B
22291,49,D
22292,50,A
22295,53,D
22296,54,A
22297,55,B
22298,56,C
22299,57,D
22300,58,A
22301,59,B
22302,60,C
22303,61,D
22304,62,A
22305,63,B
22306,64,C
22307,65,D
22308,66,A
22309,67,B
22310,68,C
22311,69,D
22312,70,A
22313,18,B
22314,19,C
22315,20,D
22317,22,B
22319,24,D
22320,25,A
22321,26,B
22323,28,D
22325,30,B
22326,31,C
22327,32,D
22330,35,C
22331,36,D
22332,37,A
22334,39,C
22335,40,D
22338,43,C
22340,45,A
22344,49,A
22345,50,B
22347,52,D
22348,53,A
22349,54,B
22350,55,C
22351,56,D
22352,57,A
22353,58,B
22354,59,C
22355,60,D
22356,61,A
22357,62,B
22358,63,C
22359,64,D
22360,65,A
22361,66,B
22362,67,C
22363,68,D
22364,69,A
22365,70,B
22366,18,C
22367,19,D
22368,20,A
22369,21,B
22370,22,C
22371,23,D
22372,24,A
22373,25,B
22374,26,C
22375,27,D
22376,28,A
22377,29,B
22378,30,C
22379,31,D
22380,32,A
22381,33,B
22382,34,C
22384,36,A
22385,37,B
22387,39,D
22388,40,A
22391,43,D
22395,47,D
22397,49,B
22398,50,C
22403,55,D
22405,57,B
22406,58,C
22407,59,D
22408,60,A
22409,61,B
22410,62,C
22411,63,D
22412,64,A
22413,65,B
22414,66,C
22417,69,B
22418,70,C
22419,18,D
22420,19,A
22421,20,B
22422,21,C
22423,22,D
22424,23,A
22425,24,B
22426,25,C
22428,27,A
22429,28,B
22430,29,C
22432,31,A
22434,33,C
22436,35,A
22437,36,B
22439,38,D
22441,40,B
22443,42,D
22446,45,C
22447,46,D
22448,47,A
22449,48,B
22450,49,C
22451,50,D
22452,51,A
22454,53,C
22456,55,A
22457,56,B
22458,57,C
22459,58,D
22460,59,A
22461,60,B
22462,61,C
22464,63,A
22465,64,B
22466,65,C
22469,68,B
22471,70,D
22472,18,A
22473,19,B
22475,21,D
22478,24,C
22479,25,D
22480,26,A
22482,28,C
22484,30,A
22487,33,D
22491,37,D
22494,40,C
22495,41,D
22496,42,A
22497,43,B
22498,44,C
22499,45,D
22500,46,A
22501,47,B
22502,48,C
22506,52,C
22507,53,D
22508,54,A
22509,55,B
22510,56,C
22511,57,D
22512,58,A
22513,59,B
22515,61,D
22516,62,A
22517,63,B
22518,64,C
22519,65,D
22521,67,B
22522,68,C
22525,18,B
22526,19,C
22527,20,D
22530,23,C
22535,28,D
22536,29,A
22537,30,B
22538,31,C
22539,32,D
22540,33,A
22541,34,B
22543,36,D
22544,37,A
22545,38,B
22546,39,C
22547,40,D
22548,41,A
22549,42,B
22550,43,C
22552,45,A
22553,46,B
22554,47,C
22555,48,D
22556,49,A
22558,51,C
22560,53,A
22561,54,B
22564,57,A
22566,59,C
22567,60,D
22568,61,A
22569,62,B
22570,63,C
22571,64,D
22572,65,A
22573,66,B
22577,70,B
22578,18,C
22579,19,D
22580,20,A
22585,25,B
22586,26,C
22587,27,D
22588,28,A
22589,29,B
22591,31,D
22592,32,A
22595,35,D
22596,36,A
22597,37,B
22603,43,D
22605,45,B
22606,46,C
22607,47,D
22608,48,A
22609,49,B
22610,50,C
22611,51,D
22612,52,A
22613,53,B
22614,54,C
22615,55,D
22619,59,D
22620,60,A
22621,61,B
22622,62,C
22623,63,D
22624,64,A
22625,65,B
22627,67,D
22628,68,A
22629,69,B
22630,70,C
22631,18,D
22632,19,A
22633,20,B
22634,21,C
22636,23,A
22638,25,C
22639,26,D
22640,27,A
22642,29,C
22645,32,B
22647,34,D
22648,35,A
22650,37,C
22651,38,D
22652,39,A
22654,41,C
22656,43,A
22657,44,B
22658,45,C
22660,47,A
22662,49,C
22663,50,D
22665,52,B
22666,53,C
22667,54,D
22668,55,A
22669,56,B
22671,58,D
22673,60,B
22674,61,C
22676,63,A
22677,64,B
22679,66,D
22687,21,D
22688,22,A
22689,23,B
22690,24,C
22692,26,A
22693,27,B
22694,28,C
22695,29,D
22696,30,A
22699,33,D
22700,34,A
22701,35,B
22703,37,D
22704,38,A
22706,40,C
22707,41,D
22708,42,A
22709,43,B
22710,44,C
22711,45,D
22712,46,A
22713,47,B
22715,49,D
22716,50,A
22717,51,B
22718,52,C
22720,54,A
22722,56,C
22723,57,D
22725,59,B
22726,60,C
22728,62,A
22730,64,C
22732,66,A
22740,21,A
22742,23,C
22743,24,D
22744,25,A
22745,26,B
22748,29,A
22750,31,C
22751,32,D
22753,34,B
22754,35,C
22755,36,D
22757,38,B
22758,39,C
22759,40,D
22761,42,B
22762,43,C
22765,46,B
22766,47,C
22769,50,B
22770,51,C
22771,52,D
22772,53,A
22773,54,B
22774,55,C
22775,56,D
22776,57,A
22777,58,B
22779,60,D
22780,61,A
22781,62,B
22787,68,D
22789,70,B
22792,20,A
22793,21,B
22794,22,C
22795,23,D
22796,24,A
22799,27,D
22800,28,A
22801,29,B
22803,31,D
22804,32,A
22805,33,B
22806,34,C
22807,35,D
22809,37,B
22810,38,C
22811,39,D
22812,40,A
22813,41,B
22814,42,C
22815,43,D
22816,44,A
22818,46,C
22819,47,D
22820,48,A
22821,49,B
22823,51,D
22825,53,B
22829,57,B
22831,59,D
22832,60,A
22833,61,B
22834,62,C
22835,63,D
22836,64,A
22837,65,B
22838,66,C
22839,67,D
22840,68,A
22841,69,B
22842,70,C
22843,18,D
22845,20,B
22848,23,A
22849,24,B
22851,26,D
22853,28,B
22854,29,C
22855,30,D
22856,31,A
22858,33,C
22859,34,D
22860,35,A
22861,36,B
22862,37,C
22863,38,D
22864,39,A
22865,40,B
22866,41,C
22867,42,D
22868,43,A
22869,44,B
22870,45,C
22871,46,D
22872,47,A
22874,49,C
22875,50,D
22876,51,A
22877,52,B
22878,53,C
22879,54,D
22882,57,C
22883,58,D
22885,60,B
22886,61,C
22888,63,A
22889,64,B
22890,65,C
22891,66,D
22893,68,B
22894,69,C
22895,70,D
22896,18,A
22897,19,B
22898,20,C
22899,21,D
22900,22,A
22901,23,B
22904,26,A
22905,27,B
22906,28,C
22907,29,D
22909,31,B
22910,32,C
22911,33,D
22912,34,A
22913,35,B
22914,36,C
22915,37,D
22916,38,A
22917,39,B
22919,41,D
22920,42,A
22921,43,B
22922,44,C
22923,45,D
22924,46,A
22925,47,B
22926,48,C
22927,49,D
22928,50,A
22929,51,B
22931,53,D
22933,55,B
22935,57,D
22938,60,C
22941,63,B
22942,64,C
22943,65,D
22944,66,A
22946,68,C
22947,69,D
22949,18,B
22950,19,C
22951,20,D
22952,21,A
22953,22,B
22954,23,C
22955,24,D
22956,25,A
22958,27,C
22959,28,D
22961,30,B
22962,31,C
22963,32,D
22964,33,A
22967,36,D
22968,37,A
22969,38,B
22970,39,C
22975,44,D
22977,46,B
22978,47,C
22979,48,D
22981,50,B
22982,51,C
22984,53,A
22986,55,C
22987,56,D
22988,57,A
22989,58,B
22990,59,C
22992,61,A
22993,62,B
22995,64,D
22996,65,A
22997,66,B
22999,68,D
23000,69,A
23001,70,B
23002,18,C
23003,19,D
23004,20,A
23005,21,B
23006,22,C
23007,23,D
23008,24,A
23009,25,B
23010,26,C
23012,28,A
23014,30,C
23016,32,A
23017,33,B
23018,34,C
23019,35,D
23020,36,A
23022,38,C
23023,39,D
23025,41,B
23026,42,C
23027,43,D
23028,44,A
23029,45,B
23030,46,C
23031,47,D
23032,48,A
23033,49,B
23034,50,C
23035,51,D
23036,52,A
23037,53,B
23038,54,C
23039,55,D
23040,56,A
23042,58,C
23043,59,D
23045,61,B
23046,62,C
23047,63,D
23049,65,B
23051,67,D
23057,20,B
23059,22,D
23060,23,A
23062,25,C
23063,26,D
23065,28,B
23066,29,C
23067,30,D
23068,31,A
23070,33,C
23071,34,D
23072,35,A
23074,37,C
23075,38,D
23076,39,A
23078,41,C
23079,42,D
23080,43,A
23081,44,B
23082,45,C
23084,47,A
23085,48,B
23086,49,C
23087,50,D
23091,54,D
23094,57,C
23098,61,C
23099,62,D
23101,64,B
23104,67,A
23105,68,B
23106,69,C
23107,70,D
23109,19,B
23110,20,C
23111,21,D
23112,22,A
23113,23,B
23114,24,C
23115,25,D
23117,27,B
23119,29,D
23122,32,C
23124,34,A
23128,38,A
23129,39,B
23130,40,C
23131,41,D
23132,42,A
23133,43,B
23134,44,C
23135,45,D
23136,46,A
23139,49,D
23141,51,B
23142,52,C
23143,53,D
23144,54,A
23145,55,B
23150,60,C
23151,61,D
23152,62,A
23153,63,B
23154,64,C
23157,67,B
23158,68,C
23160,70,A
23161,18,B
23162,19,C
23163,20,D
23164,21,A
23165,22,B
23166,23,C
23167,24,D
23169,26,B
23170,27,C
23171,28,D
23172,29,A
23173,30,B
23174,31,C
23176,33,A
23177,34,B
23179,36,D
23183,40,D
23184,41,A
23185,42,B
23186,43,C
23187,44,D
23189,46,B
23190,47,C
23192,49,A
23194,51,C
23195,52,D
23196,53,A
23197,54,B
23198,55,C
23200,57,A
23202,59,C
23204,61,A
23205,62,B
23207,64,D
23211,68,D
23212,69,A
23213,70,B
23214,18,C
23221,25,B
23222,26,C
23224,28,A
23225,29,B
23226,30,C
23227,31,D
23229,33,B
23230,34,C
23231,35,D
23232,36,A
23234,38,C
23235,39,D
23238,42,C
23239,43,D
23240,44,A
23242,46,C
23244,48,A
23245,49,B
23247,51,D
23249,53,B
23250,54,C
23252,56,A
23253,57,B
23254,58,C
23256,60,A
23257,61,B
23259,63,D
23261,65,B
23265,69,B
23266,70,C
23270,21,C
23271,22,D
23274,25,C
23277,28,B
23278,29,C
23279,30,D
23287,38,D
23289,40,B
23292,43,A
23294,45,C
23295,46,D
23296,47,A
23298,49,C
23299,50,D
23300,51,A
23301,52,B
23302,53,C
23303,54,D
23304,55,A
23305,56,B
23306,57,C
23307,58,D
23308,59,A
23309,60,B
23310,61,C
23311,62,D
23312,63,A
23313,64,B
23314,65,C
23315,66,D
23316,67,A
23317,68,B
23319,70,D
23320,18,A
23321,19,B
23322,20,C
23323,21,D
23325,23,B
23326,24,C
23327,25,D
23328,26,A
23329,27,B
23333,31,B
23334,32,C
23335,33,D
23336,34,A
23338,36,C
23341,39,B
23342,40,C
23343,41,D
23344,42,A
23346,44,C
23348,46,A
23349,47,B
23351,49,D
23352,50,A
23354,52,C
23355,53,D
23357,55,B
23358,56,C
23360,58,A
23363,61,D
23364,62,A
23367,65,D
23372,70,A
23373,18,B
23375,20,D
23376,21,A
23380,25,A
23381,26,B
23382,27,C
23385,30,B
23387,32,D
23388,33,A
23389,34,B
23392,37,A
23393,38,B
23394,39,C
23396,41,A
23397,42,B
23398,43,C
23400,45,A
23403,48,D
23404,49,A
23405,50,B
23407,52,D
23409,54,B
23410,55,C
23411,56,D
23412,57,A
23413,58,B
23415,60,D
23416,61,A
23417,62,B
23418,63,C
23419,64,D
23421,66,B
23422,67,C
23423,68,D
23424,69,A
23425,70,B
23426,18,C
23427,19,D
23428,20,A
23429,21,B
23431,23,D
23432,24,A
23433,25,B
23437,29,B
23438,30,C
23439,31,D
23442,34,C
23443,35,D
23444,36,A
23445,37,B
23449,41,B
23450,42,C
23451,43,D
23452,44,A
23455,47,D
23456,48,A
23459,51,D
23460,52,A
23461,53,B
23462,54,C
23463,55,D
23464,56,A
23465,57,B
23467,59,D
23468,60,A
23473,65,B
23474,66,C
23475,67,D
23476,68,A
23477,69,B
23480,19,A
23481,20,B
23482,21,C
23483,22,D
23484,23,A
23485,24,B
23486,25,C
23487,26,D
23488,27,A
23489,28,B
23490,29,C
23492,31,A
23494,33,C
23495,34,D
23497,36,B
23499,38,D
23500,39,A
23501,40,B
23505,44,B
23507,46,D
23508,47,A
23509,48,B
23510,49,C
23512,51,A
23515,54,D
23517,56,B
23518,57,C
23519,58,D
23520,59,A
23521,60,B
23522,61,C
23523,62,D
23524,63,A
23525,64,B
23527,66,D
23528,67,A
23530,69,C
23533,19,B
23535,21,D
23536,22,A
23537,23,B
23539,25,D
23540,26,A
23542,28,C
23544,30,A
23545,31,B
23546,32,C
23550,36,C
23551,37,D
23553,39,B
23554,40,C
23555,41,D
23557,43,B
23558,44,C
23559,45,D
23560,46,A
23562,48,C
23563,49,D
23565,51,B
23566,52,C
23567,53,D
23568,54,A
23569,55,B
23572,58,A
23573,59,B
23574,60,C
23575,61,D
23576,62,A
23580,66,A
23581,67,B
23582,68,C
23583,69,D
23585,18,B
23586,19,C
23587,20,D
23588,21,A
23589,22,B
23590,23,C
23591,24,D
23592,25,A
23593,26,B
23595,28,D
23596,29,A
23597,30,B
23599,32,D
23600,33,A
23601,34,B
23602,35,C
23603,36,D
23605,38,B
23606,39,C
23607,40,D
23608,41,A
23610,43,C
23611,44,D
23612,45,A
23613,46,B
23614,47,C
23616,49,A
23619,52,D
23620,53,A
23624,57,A
23626,59,C
23627,60,D
23628,61,A
23629,62,B
23630,63,C
23631,64,D
23633,66,B
23635,68,D
23636,69,A
23637,70,B
23638,18,C
23639,19,D
23640,20,A
23641,21,B
23643,23,D
23644,24,A
23647,27,D
23649,29,B
23650,30,C
23652,32,A
23654,34,C
23655,35,D
23657,37,B
23658,38,C
23659,39,D
23660,40,A
23661,41,B
23662,42,C
23663,43,D
23664,44,A
23666,46,C
23668,48,A
23671,51,D
23672,52,A
23673,53,B
23674,54,C
23675,55,D
23676,56,A
23677,57,B
23678,58,C
23679,59,D
23681,61,B
23683,63,D
23684,64,A
23685,65,B
23686,66,C
23688,68,A
23689,69,B
23692,19,A
23695,22,D
23699,26,D
23700,27,A
23701,28,B
23702,29,C
23707,34,D
23708,35,A
23709,36,B
23711,38,D
23712,39,A
23713,40,B
23715,42,D
23717,44,B
23718,45,C
23719,46,D
23720,47,A
23721,48,B
23722,49,C
23724,51,A
23725,52,B
23726,53,C
23727,54,D
23729,56,B
23730,57,C
23732,59,A
23733,60,B
23734,61,C
23735,62,D
23737,64,B
23738,65,C
23740,67,A
23741,68,B
23745,19,B
23746,20,C
23747,21,D
23752,26,A
23753,27,B
23754,28,C
23755,29,D
23757,31,B
23758,32,C
23761,35,B
23762,36,C
23763,37,D
23764,38,A
23767,41,D
23769,43,B
23771,45,D
23775,49,D
23779,53,D
23780,54,A
23783,57,D
23784,58,A
23785,59,B
23787,61,D
23788,62,A
23789,63,B
23790,64,C
23791,65,D
23792,66,A
23793,67,B
23794,68,C
23795,69,D
23796,70,A
23797,18,B
23799,20,D
23800,21,A
23801,22,B
23802,23,C
23804,25,A
23805,26,B
23806,27,C
23807,28,D
23808,29,A
23809,30,B
23810,31,C
23811,32,D
23812,33,A
23813,34,B
23814,35,C
23815,36,D
23816,37,A
23818,39,C
23819,40,D
23820,41,A
23821,42,B
23823,44,D
23824,45,A
23825,46,B
23826,47,C
23827,48,D
23828,49,A
23833,54,B
23834,55,C
23835,56,D
23836,57,A
23837,58,B
23840,61,A
23841,62,B
23842,63,C
23845,66,B
23846,67,C
23847,68,D
23848,69,A
23849,70,B
23852,20,A
23853,21,B
23855,23,D
23860,28,A
23861,29,B
23863,31,D
23864,32,A
23865,33,B
23867,35,D
23868,36,A
23870,38,C
23873,41,B
23874,42,C
23875,43,D
23876,44,A
23877,45,B
23879,47,D
23881,49,B
23882,50,C
23883,51,D
23886,54,C
23887,55,D
23888,56,A
23890,58,C
23891,59,D
23894,62,C
23898,66,C
23901,69,B
23905,20,B
23906,21,C
23907,22,D
23909,24,B
23912,27,A
23914,29,C
23916,31,A
23919,34,D
23920,35,A
23921,36,B
23922,37,C
23923,38,D
23924,39,A
23925,40,B
23926,41,C
23927,42,D
23930,45,C
23931,46,D
23933,48,B
23934,49,C
23936,51,A
23937,52,B
23943,58,D
23946,61,C
23948,63,A
23949,64,B
23951,66,D
23953,68,B
23956,18,A
23957,19,B
23958,20,C
23959,21,D
23960,22,A
23961,23,B
23965,27,B
23966,28,C
23968,30,A
23971,33,D
23972,34,A
23973,35,B
23974,36,C
23975,37,D
23976,38,A
23977,39,B
23978,40,C
23979,41,D
23980,42,A
23981,43,B
23982,44,C
23983,45,D
23984,46,A
23985,47,B
23986,48,C
23987,49,D
23988,50,A
23989,51,B
23990,52,C
23991,53,D
23992,54,A
23993,55,B
23996,58,A
23997,59,B
23998,60,C
23999,61,D
24001,63,B
24002,64,C
24003,65,D
24006,68,C
24011,20,D
24012,21,A
24013,22,B
24014,23,C
24016,25,A
24017,26,B
24018,27,C
24019,28,D
24020,29,A
24022,31,C
24023,32,D
24024,33,A
24025,34,B
24026,35,C
24027,36,D
24029,38,B
24030,39,C
24031,40,D
24034,43,C
24036,45,A
24037,46,B
24038,47,C
24039,48,D
24040,49,A
24041,50,B
24043,52,D
24044,53,A
24047,56,D
24048,57,A
24049,58,B
24050,59,C
24052,61,A
24053,62,B
24055,64,D
24059,68,D
24060,69,A
24061,70,B
24062,18,C
24063,19,D
24064,20,A
24066,22,C
24067,23,D
24068,24,A
24069,25,B
24071,27,D
24072,28,A
24073,29,B
24076,32,A
24077,33,B
24078,34,C
24079,35,D
24080,36,A
24081,37,B
24082,38,C
24083,39,D
24084,40,A
24085,41,B
24087,43,D
24088,44,A
24089,45,B
24090,46,C
24091,47,D
24092,48,A
24093,49,B
24094,50,C
24095,51,D
24096,52,A
24097,53,B
24099,55,D
24100,56,A
24102,58,C
24103,59,D
24105,61,B
24106,62,C
24107,63,D
24108,64,A
24109,65,B
24112,68,A
24114,70,C
24116,19,A
24119,22,D
24120,23,A
24123,26,D
24125,28,B
24126,29,C
24127,30,D
24128,31,A
24129,32,B
24131,34,D
24132,35,A
24134,37,C
24136,39,A
24137,40,B
24138,41,C
24139,42,D
24140,43,A
24141,44,B
24142,45,C
24143,46,D
24145,48,B
24146,49,C
24148,51,A
24149,52,B
24150,53,C
24151,54,D
24152,55,A
24153,56,B
24154,57,C
24155,58,D
24156,59,A
24157,60,B
24158,61,C
24159,62,D
24160,63,A
24161,64,B
24162,65,C
24164,67,A
24166,69,C
24167,70,D
24168,18,A
24169,19,B
24170,20,C
24172,22,A
24173,23,B
24174,24,C
24175,25,D
24176,26,A
24177,27,B
24179,29,D
24180,30,A
24181,31,B
24182,32,C
24183,33,D
24184,34,A
24185,35,B
24186,36,C
24187,37,D
24188,38,A
24189,39,B
24190,40,C
24191,41,D
24192,42,A
24193,43,B
24195,45,D
24196,46,A
24197,47,B
24198,48,C
24199,49,D
24200,50,A
24201,51,B
24202,52,C
24203,53,D
24204,54,A
24205,55,B
24206,56,C
24207,57,D
24208,58,A
24209,59,B
24210,60,C
24211,61,D
24212,62,A
24214,64,C
24215,65,D
24216,66,A
24217,67,B
24218,68,C
24219,69,D
24220,70,A
24222,19,C
24223,20,D
24224,21,A
24225,22,B
24227,24,D
24229,26,B
24230,27,C
24231,28,D
24232,29,A
24233,30,B
24234,31,C
24235,32,D
24237,34,B
24239,36,D
24241,38,B
24242,39,C
24243,40,D
24244,41,A
24245,42,B
24246,43,C
24248,45,A
24249,46,B
24250,47,C
24251,48,D
24252,49,A
24253,50,B
24254,51,C
24256,53,A
24257,54,B
24258,55,C
24259,56,D
24264,61,A
24265,62,B
24266,63,C
24272,69,A
24273,70,B
24274,18,C
24276,20,A
24277,21,B
24278,22,C
24279,23,D
24280,24,A
24281,25,B
24282,26,C
24283,27,D
24284,28,A
24285,29,B
24286,30,C
24288,32,A
24289,33,B
24293,37,B
24294,38,C
24296,40,A
24298,42,C
24299,43,D
24300,44,A
24301,45,B
24303,47,D
24304,48,A
24305,49,B
24307,51,D
24308,52,A
24309,53,B
24311,55,D
24315,59,D
24316,60,A
24317,61,B
24318,62,C
24321,65,B
24323,67,D
24324,68,A
24325,69,B
24326,70,C
24329,20,B
24330,21,C
24331,22,D
24332,23,A
24333,24,B
24334,25,C
24336,27,A
24337,28,B
24338,29,C
24340,31,A
24341,32,B
24343,34,D
24344,35,A
24345,36,B
24346,37,C
24348,39,A
24349,40,B
24350,41,C
24351,42,D
24352,43,A
24354,45,C
24355,46,D
24356,47,A
24357,48,B
24358,49,C
24361,52,B
24362,53,C
24363,54,D
24364,55,A
24365,56,B
24367,58,D
24371,62,D
24372,63,A
24373,64,B
24374,65,C
24377,68,B
24378,69,C
24379,70,D
24383,21,D
24384,22,A
24385,23,B
24386,24,C
24387,25,D
24388,26,A
24390,28,C
24393,31,B
24394,32,C
24395,33,D
24396,34,A
24398,36,C
24400,38,A
24401,39,B
24402,40,C
24403,41,D
24404,42,A
24405,43,B
24407,45,D
24409,47,B
24412,50,A
24413,51,B
24416,54,A
24419,57,D
24420,58,A
24421,59,B
24422,60,C
24423,61,D
24424,62,A
24425,63,B
24426,64,C
24427,65,D
24428,66,A
24430,68,C
24432,70,A
24433,18,B
24434,19,C
24435,20,D
24437,22,B
24440,25,A
24441,26,B
24443,28,D
24444,29,A
24448,33,A
24449,34,B
24451,36,D
24454,39,C
24455,40,D
24456,41,A
24462,47,C
24465,50,B
24466,51,C
24467,52,D
24470,55,C
24471,56,D
24472,57,A
24473,58,B
24474,59,C
24477,62,B
24478,63,C
24479,64,D
24482,67,C
24483,68,D
24486,18,C
24492,24,A
24493,25,B
24499,31,D
24502,34,C
24505,37,B
24506,38,C
24507,39,D
24508,40,A
24513,45,B
24515,47,D
24520,52,A
24523,55,D
24524,56,A
24529,61,B
24530,62,C
24531,63,D
24532,64,A
24534,66,C
24535,67,D
24536,68,A
24537,69,B
24538,70,C
24540,19,A
24541,20,B
24542,21,C
24543,22,D
24544,23,A
24545,24,B
24546,25,C
24548,27,A
24549,28,B
24551,30,D
24552,31,A
24554,33,C
24555,34,D
24562,41,C
24563,42,D
24564,43,A
24566,45,C
24568,47,A
24569,48,B
24571,50,D
24573,52,B
24574,53,C
24575,54,D
24576,55,A
24577,56,B
24578,57,C
24579,58,D
24580,59,A
24582,61,C
24583,62,D
24584,63,A
24585,64,B
24586,65,C
24587,66,D
24588,67,A
24590,69,C
24591,70,D
24592,18,A
24593,19,B
24594,20,C
24595,21,D
24597,23,B
24598,24,C
24600,26,A
24602,28,C
24603,29,D
24605,31,B
24606,32,C
24607,33,D
24608,34,A
24609,35,B
24610,36,C
24611,37,D
24612,38,A
24613,39,B
24615,41,D
24617,43,B
24618,44,C
24622,48,C
24623,49,D
24624,50,A
24625,51,B
24627,53,D
24633,59,B
24635,61,D
24636,62,A
24637,63,B
24638,64,C
24639,65,D
24640,66,A
24644,70,A
24646,19,C
24647,20,D
24648,21,A
24649,22,B
24650,23,C
24651,24,D
24653,26,B
24655,28,D
24657,30,B
24659,32,D
24661,34,B
24662,35,C
24663,36,D
24664,37,A
24665,38,B
24666,39,C
24667,40,D
24668,41,A
24669,42,B
24670,43,C
24671,44,D
24672,45,A
24674,47,C
24675,48,D
24676,49,A
24677,50,B
24678,51,C
24679,52,D
24681,54,B
24682,55,C
24683,56,D
24684,57,A
24685,58,B
24686,59,C
24687,60,D
24688,61,A
24690,63,C
24691,64,D
24694,67,C
24695,68,D
24697,70,B
24698,18,C
24699,19,D
24700,20,A
24701,21,B
24704,24,A
24707,27,D
24714,34,C
24715,35,D
24716,36,A
24717,37,B
24719,39,D
24720,40,A
24721,41,B
24723,43,D
24724,44,A
24726,46,C
24732,52,A
24734,54,C
24735,55,D
24736,56,A
24737,57,B
24739,59,D
24741,61,B
24742,62,C
24744,64,A
24747,67,D
24748,68,A
24750,70,C
24751,18,D
24753,20,B
24754,21,C
24755,22,D
24756,23,A
24757,24,B
24758,25,C
24759,26,D
24761,28,B
24762,29,C
24763,30,D
24764,31,A
24768,35,A
24769,36,B
24770,37,C
24772,39,A
24774,41,C
24776,43,A
24779,46,D
24780,47,A
24782,49,C
24783,50,D
24784,51,A
24785,52,B
24786,53,C
24787,54,D
24788,55,A
24789,56,B
24790,57,C
24791,58,D
24792,59,A
24794,61,C
24795,62,D
24796,63,A
24797,64,B
24798,65,C
24800,67,A
24804,18,A
24805,19,B
24806,20,C
24807,21,D
24808,22,A
24809,23,B
24811,25,D
24812,26,A
24813,27,B
24814,28,C
24817,31,B
24819,33,D
24821,35,B
24822,36,C
24823,37,D
24824,38,A
24827,41,D
24829,43,B
24830,44,C
24831,45,D
24832,46,A
24833,47,B
24835,49,D
24836,50,A
24837,51,B
24839,53,D
24840,54,A
24841,55,B
24842,56,C
24843,57,D
24844,58,A
24846,60,C
24847,61,D
24848,62,A
24849,63,B
24852,66,A
24854,68,C
24855,69,D
24856,70,A
24857,18,B
24858,19,C
24859,20,D
24860,21,A
24863,24,D
24864,25,A
24868,29,A
24872,33,A
24875,36,D
24876,37,A
24877,38,B
24881,42,B
24883,44,D
24884,45,A
24885,46,B
24887,48,D
24889,50,B
24891,52,D
24892,53,A
24893,54,B
24894,55,C
24895,56,D
24896,57,A
24897,58,B
24898,59,C
24899,60,D
24901,62,B
24902,63,C
24905,66,B
24906,67,C
24907,68,D
24908,69,A
24909,70,B
24911,19,D
24913,21,B
24914,22,C
24915,23,D
24917,25,B
24918,26,C
24923,31,D
24925,33,B
24928,36,A
24931,39,D
24932,40,A
24933,41,B
24934,42,C
24936,44,A
24937,45,B
24939,47,D
24943,51,D
24945,53,B
24948,56,A
24950,58,C
24951,59,D
24954,62,C
24955,63,D
24957,65,B
24960,68,A
24961,69,B
24962,70,C
24964,19,A
24966,21,C
24969,24,B
24970,25,C
24971,26,D
24972,27,A
24973,28,B
24974,29,C
24975,30,D
24976,31,A
24977,32,B
24978,33,C
24979,34,D
24980,35,A
24983,38,D
24984,39,A
24986,41,C
24987,42,D
24990,45,C
24992,47,A
24993,48,B
24996,51,A
24997,52,B
24998,53,C
24999,54,D
25002,57,C
25004,59,A
25005,60,B
25006,61,C
25007,62,D
25009,64,B
25010,65,C
25011,66,D
25013,68,B
25014,69,C
25015,70,D
25016,18,A
25017,19,B
25018,20,C
25019,21,D
25020,22,A
25021,23,B
25022,24,C
25023,25,D
25025,27,B
25029,31,B
25030,32,C
25031,33,D
25033,35,B
25037,39,B
25039,41,D
25040,42,A
25041,43,B
25043,45,D
25045,47,B
25047,49,D
25048,50,A
25049,51,B
25050,52,C
25051,53,D
25052,54,A
25054,56,C
25056,58,A
25057,59,B
25058,60,C
25060,62,A
25061,63,B
25063,65,D
25064,66,A
25065,67,B
25066,68,C
25067,69,D
25068,70,A
25069,18,B
25070,19,C
25072,21,A
25082,31,C
25085,34,B
25086,35,C
25087,36,D
25089,38,B
25090,39,C
25091,40,D
25092,41,A
25093,42,B
25095,44,D
25096,45,A
25097,46,B
25099,48,D
25103,52,D
25106,55,C
25107,56,D
25108,57,A
25110,59,C
25111,60,D
25114,63,C
25127,23,D
25131,27,D
25136,32,A
25137,33,B
25139,35,D
25140,36,A
25141,37,B
25142,38,C
25143,39,D
25144,40,A
25145,41,B
25146,42,C
25148,44,A
25149,45,B
25150,46,C
25151,47,D
25152,48,A
25155,51,D
25156,52,A
25157,53,B
25158,54,C
25159,55,D
25160,56,A
25161,57,B
25162,58,C
25163,59,D
25165,61,B
25166,62,C
25171,67,D
25172,68,A
25173,69,B
25174,70,C
25175,18,D
25176,19,A
25177,20,B
25179,22,D
25181,24,B
25183,26,D
25184,27,A
25185,28,B
25186,29,C
25188,31,A
25189,32,B
25194,37,C
25195,38,D
25197,40,B
25198,41,C
25199,42,D
25200,43,A
25201,44,B
25202,45,C
25203,46,D
25204,47,A
25206,49,C
25208,51,A
25209,52,B
25210,53,C
25211,54,D
25212,55,A
25216,59,A
25219,62,D
25220,63,A
25221,64,B
25224,67,A
25226,69,C
25229,19,B
25231,21,D
25232,22,A
25234,24,C
25235,25,D
25238,28,C
25240,30,A
25242,32,C
25244,34,A
25245,35,B
25251,41,D
25252,42,A
25253,43,B
25254,44,C
25255,45,D
25256,46,A
25258,48,C
25259,49,D
25261,51,B
25262,52,C
25264,54,A
25266,56,C
25267,57,D
25268,58,A
25270,60,C
25272,62,A
25273,63,B
25275,65,D
25279,69,D
25280,70,A
25281,18,B
25282,19,C
25283,20,D
25285,22,B
25286,23,C
25287,24,D
25288,25,A
25289,26,B
25291,28,D
25292,29,A
25293,30,B
25294,31,C
25295,32,D
25296,33,A
25297,34,B
25298,35,C
25299,36,D
25300,37,A
25301,38,B
25303,40,D
25306,43,C
25308,45,A
25314,51,C
25315,52,D
25316,53,A
25317,54,B
25320,57,A
25321,58,B
25322,59,C
25323,60,D
25324,61,A
25325,62,B
25326,63,C
25327,64,D
25328,65,A
25329,66,B
25330,67,C
25331,68,D
25332,69,A
25333,70,B
25334,18,C
25337,21,B
25340,24,A
25341,25,B
25343,27,D
25347,31,D
25349,33,B
25350,34,C
25351,35,D
25352,36,A
25353,37,B
25354,38,C
25355,39,D
25356,40,A
25357,41,B
25358,42,C
25359,43,D
25360,44,A
25363,47,D
25364,48,A
25367,51,D
25368,52,A
25369,53,B
25370,54,C
25371,55,D
25373,57,B
25377,61,B
25379,63,D
25381,65,B
25382,66,C
25384,68,A
25386,70,C
25387,18,D
25388,19,A
25389,20,B
25390,21,C
25391,22,D
25392,23,A
25393,24,B
25395,26,D
25396,27,A
25397,28,B
25398,29,C
25399,30,D
25400,31,A
25401,32,B
25402,33,C
25403,34,D
25405,36,B
25406,37,C
25410,41,C
25411,42,D
25412,43,A
25414,45,C
25415,46,D
25416,47,A
25417,48,B
25418,49,C
25420,51,A
25421,52,B
25422,53,C
25424,55,A
25425,56,B
25426,57,C
25427,58,D
25428,59,A
25429,60,B
25432,63,A
25433,64,B
25434,65,C
25436,67,A
25439,70,D
25440,18,A
25442,20,C
25443,21,D
25445,23,B
25451,29,D
25452,30,A
25453,31,B
25454,32,C
25455,33,D
25456,34,A
25457,35,B
25459,37,D
25460,38,A
25461,39,B
25462,40,C
25463,41,D
25465,43,B
25466,44,C
25467,45,D
25469,47,B
25470,48,C
25471,49,D
25472,50,A
25474,52,C
25476,54,A
25478,56,C
25479,57,D
25480,58,A
25481,59,B
25485,63,B
25486,64,C
25487,65,D
25492,70,A
25493,18,B
25494,19,C
25496,21,A
25498,23,C
25499,24,D
25502,27,C
25505,30,B
25506,31,C
25507,32,D
25510,35,C
25511,36,D
25513,38,B
25514,39,C
25515,40,D
25516,41,A
25517,42,B
25518,43,C
25519,44,D
25520,45,A
25521,46,B
25523,48,D
25524,49,A
25525,50,B
25526,51,C
25529,54,B
25530,55,C
25532,57,A
25536,61,A
25537,62,B
25538,63,C
25541,66,B
25545,70,B
25547,19,D
25548,20,A
25549,21,B
25550,22,C
25551,23,D
25557,29,B
25558,30,C
25560,32,A
25561,33,B
25563,35,D
25565,37,B
25566,38,C
25567,39,D
25568,40,A
25569,41,B
25571,43,D
25572,44,A
25573,45,B
25574,46,C
25575,47,D
25576,48,A
25577,49,B
25578,50,C
25579,51,D
25580,52,A
25583,55,D
25584,56,A
25585,57,B
25586,58,C
25590,62,C
25591,63,D
25592,64,A
25593,65,B
25594,66,C
25595,67,D
25596,68,A
25597,69,B
25598,70,C
25599,18,D
25602,21,C
25605,24,B
25608,27,A
25609,28,B
25610,29,C
25611,30,D
25612,31,A
25613,32,B
25615,34,D
25617,36,B
25618,37,C
25619,38,D
25621,40,B
25622,41,C
25624,43,A
25625,44,B
25627,46,D
25628,47,A
25631,50,D
25632,51,A
25633,52,B
25634,53,C
25635,54,D
25636,55,A
25638,57,C
25639,58,D
25640,59,A
25641,60,B
25642,61,C
25643,62,D
25645,64,B
25646,65,C
25647,66,D
25648,67,A
25649,68,B
25650,69,C
25652,18,A
25653,19,B
25654,20,C
25655,21,D
25659,25,D
25663,29,D
25664,30,A
25666,32,C
25668,34,A
25669,35,B
25670,36,C
25671,37,D
25672,38,A
25673,39,B
25675,41,D
25676,42,A
25678,44,C
25679,45,D
25682,48,C
25683,49,D
25684,50,A
25686,52,C
25687,53,D
25688,54,A
25689,55,B
25691,57,D
25692,58,A
25693,59,B
25694,60,C
25695,61,D
25696,62,A
25697,63,B
25698,64,C
25700,66,A
25703,69,D
25708,21,A
25714,27,C
25715,28,D
25716,29,A
25718,31,C
25719,32,D
25720,33,A
25721,34,B
25723,36,D
25725,38,B
25726,39,C
25727,40,D
25730,43,C
25731,44,D
25733,46,B
25734,47,C
25735,48,D
25736,49,A
25738,51,C
25739,52,D
25741,54,B
25742,55,C
25743,56,D
25744,57,A
25745,58,B
25750,63,C
25751,64,D
25752,65,A
25754,67,C
25756,69,A
25757,70,B
25758,18,C
25759,19,D
25762,22,C
25763,23,D
25765,25,B
25767,27,D
25770,30,C
25771,31,D
25772,32,A
25773,33,B
25774,34,C
25777,37,B
25778,38,C
25779,39,D
25780,40,A
25782,42,C
25783,43,D
25785,45,B
25786,46,C
25787,47,D
25790,50,C
25791,51,D
25792,52,A
25793,53,B
25794,54,C
25795,55,D
25796,56,A
25797,57,B
25798,58,C
25800,60,A
25802,62,C
25803,63,D
25804,64,A
25805,65,B
25806,66,C
25809,69,B
25812,19,A
25813,20,B
25814,21,C
25815,22,D
25816,23,A
25817,24,B
25819,26,D
25820,27,A
25821,28,B
25822,29,C
25824,31,A
25825,32,B
25826,33,C
25828,35,A
25829,36,B
25830,37,C
25831,38,D
25832,39,A
25833,40,B
25834,41,C
25835,42,D
25836,43,A
25837,44,B
25838,45,C
25839,46,D
25841,48,B
25842,49,C
25844,51,A
25848,55,A
25849,56,B
25850,57,C
25852,59,A
25854,61,C
25856,63,A
25857,64,B
25858,65,C
25860,67,A
25861,68,B
25862,69,C
25865,19,B
25867,21,D
25869,23,B
25870,24,C
25871,25,D
25872,26,A
25873,27,B
25875,29,D
25876,30,A
25877,31,B
25878,32,C
25879,33,D
25881,35,B
25882,36,C
25883,37,D
25884,38,A
25886,40,C
25888,42,A
25889,43,B
25890,44,C
25891,45,D
25892,46,A
25893,47,B
25895,49,D
25896,50,A
25897,51,B
25899,53,D
25900,54,A
25901,55,B
25904,58,A
25906,60,C
25907,61,D
25908,62,A
25909,63,B
25910,64,C
25912,66,A
25913,67,B
25914,68,C
25915,69,D
25917,18,B
25918,19,C
25920,21,A
25922,23,C
25924,25,A
25926,27,C
25927,28,D
25928,29,A
25930,31,C
25932,33,A
25934,35,C
25935,36,D
25938,39,C
25939,40,D
25940,41,A
25941,42,B
25943,44,D
25944,45,A
25946,47,C
25947,48,D
25948,49,A
25949,50,B
25950,51,C
25951,52,D
25952,53,A
25953,54,B
25954,55,C
25955,56,D
25956,57,A
25961,62,B
25962,63,C
25963,64,D
25966,67,C
25967,68,D
25969,70,B
25971,19,D
25972,20,A
25975,23,D
25977,25,B
25978,26,C
25979,27,D
25984,32,A
25985,33,B
25987,35,D
25988,36,A
25989,37,B
25990,38,C
25991,39,D
25992,40,A
25993,41,B
25994,42,C
25995,43,D
25996,44,A
25997,45,B
25998,46,C
26004,52,A
26006,54,C
26008,56,A
26011,59,D
26013,61,B
26014,62,C
26017,65,B
26018,66,C
26020,68,A
26021,69,B
26022,70,C
26024,19,A
26025,20,B
26026,21,C
26027,22,D
26028,23,A
26029,24,B
26030,25,C
26031,26,D
26032,27,A
26033,28,B
26034,29,C
26035,30,D
26037,32,B
26038,33,C
26039,34,D
26040,35,A
26042,37,C
26043,38,D
26044,39,A
26045,40,B
26046,41,C
26047,42,D
26048,43,A
26049,44,B
26051,46,D
26052,47,A
26053,48,B
26055,50,D
26058,53,C
26061,56,B
26062,57,C
26064,59,A
26066,61,C
26067,62,D
26070,65,C
26071,66,D
26072,67,A
26073,68,B
26074,69,C
26075,70,D
26076,18,A
26077,19,B
26078,20,C
26079,21,D
26080,22,A
26083,25,D
26084,26,A
26085,27,B
26086,28,C
26090,32,C
26092,34,A
26094,36,C
26095,37,D
26096,38,A
26097,39,B
26098,40,C
26099,41,D
26100,42,A
26101,43,B
26102,44,C
26103,45,D
26106,48,C
26107,49,D
26109,51,B
26110,52,C
26111,53,D
26115,57,D
26116,58,A
26117,59,B
26118,60,C
26119,61,D
26120,62,A
26121,63,B
26122,64,C
26123,65,D
26124,66,A
26128,70,A
26131,20,D
26132,21,A
26133,22,B
26135,24,D
26136,25,A
26138,27,C
26139,28,D
26140,29,A
26141,30,B
26142,31,C
26143,32,D
26145,34,B
26146,35,C
26147,36,D
26151,40,D
26153,42,B
26154,43,C
26155,44,D
26156,45,A
26157,46,B
26160,49,A
26161,50,B
26163,52,D
26165,54,B
26168,57,A
26169,58,B
26170,59,C
26175,64,D
26176,65,A
26179,68,D
26180,69,A
26181,70,B
26183,19,D
26185,21,B
26186,22,C
26187,23,D
26188,24,A
26189,25,B
26192,28,A
26195,31,D
26197,33,B
26199,35,D
26200,36,A
26201,37,B
26202,38,C
26203,39,D
26206,42,C
26207,43,D
26209,45,B
26210,46,C
26212,48,A
26216,52,A
26218,54,C
26219,55,D
26221,57,B
26223,59,D
26224,60,A
26225,61,B
26227,63,D
26228,64,A
26231,67,D
26232,68,A
26233,69,B
26234,70,C
26235,18,D
26236,19,A
26240,23,A
26241,24,B
26243,26,D
26244,27,A
26245,28,B
26247,30,D
26248,31,A
26252,35,A
26253,36,B
26257,40,B
26258,41,C
26260,43,A
26261,44,B
26262,45,C
26263,46,D
26264,47,A
26265,48,B
26267,50,D
26275,58,D
26276,59,A
26277,60,B
26279,62,D
26281,64,B
26284,67,A
26288,18,A
26289,19,B
26290,20,C
26291,21,D
26292,22,A
26293,23,B
26295,25,D
26298,28,C
26299,29,D
26301,31,B
26302,32,C
26303,33,D
26304,34,A
26307,37,D
26309,39,B
26310,40,C
26313,43,B
26315,45,D
26317,47,B
26318,48,C
26319,49,D
26320,50,A
26322,52,C
26323,53,D
26325,55,B
26328,58,A
26329,59,B
26330,60,C
26331,61,D
26332,62,A
26334,64,C
26337,67,B
26339,69,D
26341,18,B
26344,21,A
26345,22,B
26346,23,C
26347,24,D
26348,25,A
26349,26,B
26351,28,D
26353,30,B
26354,31,C
26355,32,D
26356,33,A
26359,36,D
26360,37,A
26362,39,C
26364,41,A
26365,42,B
26371,48,D
26372,49,A
26373,50,B
26375,52,D
26376,53,A
26377,54,B
26378,55,C
26379,56,D
26380,57,A
26382,59,C
26383,60,D
26385,62,B
26386,63,C
26387,64,D
26389,66,B
26391,68,D
26394,18,C
26395,19,D
26396,20,A
26397,21,B
26400,24,A
26401,25,B
26402,26,C
26403,27,D
26404,28,A
26405,29,B
26407,31,D
26408,32,A
26409,33,B
26411,35,D
26412,36,A
26413,37,B
26414,38,C
26415,39,D
26416,40,A
26417,41,B
26418,42,C
26419,43,D
26420,44,A
26421,45,B
26424,48,A
26425,49,B
26427,51,D
26428,52,A
26429,53,B
26431,55,D
26432,56,A
26433,57,B
26434,58,C
26435,59,D
26436,60,A
26437,61,B
26438,62,C
26439,63,D
26440,64,A
26441,65,B
26442,66,C
26443,67,D
26444,68,A
26446,70,C
26448,19,A
26449,20,B
26450,21,C
26453,24,B
26456,27,A
26457,28,B
26458,29,C
26460,31,A
26462,33,C
26463,34,D
26466,37,C
26467,38,D
26468,39,A
26473,44,B
26474,45,C
26477,48,B
26478,49,C
26480,51,A
26482,53,C
26484,55,A
26485,56,B
26488,59,A
26489,60,B
26491,62,D
26493,64,B
26495,66,D
26496,67,A
26497,68,B
26500,18,A
26501,19,B
26502,20,C
26505,23,B
26507,25,D
26508,26,A
26509,27,B
26510,28,C
26514,32,C
26515,33,D
26516,34,A
26517,35,B
26519,37,D
26520,38,A
26521,39,B
26523,41,D
26524,42,A
26525,43,B
26527,45,D
26528,46,A
26529,47,B
26532,50,A
26533,51,B
26534,52,C
26536,54,A
26538,56,C
26539,57,D
26540,58,A
26541,59,B
26542,60,C
26543,61,D
26544,62,A
26545,63,B
26546,64,C
26547,65,D
26550,68,C
26551,69,D
26552,70,A
26553,18,B
26554,19,C
26555,20,D
26556,21,A
26557,22,B
26558,23,C
26560,25,A
26561,26,B
26562,27,C
26563,28,D
26564,29,A
26567,32,D
26568,33,A
26572,37,A
26573,38,B
26575,40,D
26578,43,C
26579,44,D
26580,45,A
26581,46,B
26584,49,A
26585,50,B
26586,51,C
26589,54,B
26590,55,C
26591,56,D
26594,59,C
26595,60,D
26596,61,A
26598,63,C
26599,64,D
26600,65,A
26601,66,B
26602,67,C
26603,68,D
26604,69,A
26605,70,B
26606,18,C
26607,19,D
26609,21,B
26610,22,C
26611,23,D
26612,24,A
26613,25,B
26615,27,D
26616,28,A
26617,29,B
26618,30,C
26619,31,D
26623,35,D
26624,36,A
26626,38,C
26627,39,D
26631,43,D
26632,44,A
26633,45,B
26635,47,D
26639,51,D
26640,52,A
26642,54,C
26644,56,A
26645,57,B
26646,58,C
26649,61,B
26650,62,C
26652,64,A
26654,66,C
26656,68,A
26658,70,C
26661,20,B
26662,21,C
26663,22,D
26664,23,A
26666,25,C
26667,26,D
26668,27,A
26669,28,B
26673,32,B
26674,33,C
26677,36,B
26681,40,B
26684,43,A
26685,44,B
26686,45,C
26688,47,A
26689,48,B
26690,49,C
26691,50,D
26692,51,A
26694,53,C
26695,54,D
26696,55,A
26698,57,C
26699,58,D
26701,60,B
26702,61,C
26705,64,B
26706,65,C
26707,66,D
26708,67,A
26709,68,B
26710,69,C
26711,70,D
26712,18,A
26713,19,B
26714,20,C
26715,21,D
26716,22,A
26717,23,B
26718,24,C
26721,27,B
26722,28,C
26723,29,D
26724,30,A
26727,33,D
26728,34,A
26729,35,B
26732,38,A
26737,43,B
26738,44,C
26739,45,D
26740,46,A
26741,47,B
26743,49,D
26745,51,B
26746,52,C
26748,54,A
26751,57,D
26753,59,B
26754,60,C
26756,62,A
26759,65,D
26760,66,A
26761,67,B
26763,69,D
26765,18,B
26766,19,C
26767,20,D
26768,21,A
26769,22,B
26772,25,A
26773,26,B
26774,27,C
26775,28,D
26777,30,B
26778,31,C
26779,32,D
26780,33,A
26781,34,B
26783,36,D
26784,37,A
26786,39,C
26788,41,A
26790,43,C
26793,46,B
26794,47,C
26795,48,D
26796,49,A
26798,51,C
26800,53,A
26801,54,B
26802,55,C
26803,56,D
26804,57,A
26805,58,B
26806,59,C
26808,61,A
26810,63,C
26813,66,B
26814,67,C
26816,69,A
26817,70,B
26818,18,C
26819,19,D
26820,20,A
26821,21,B
26822,22,C
26829,29,B
26835,35,D
26840,40,A
26841,41,B
26842,42,C
26844,44,A
26845,45,B
26846,46,C
26848,48,A
26849,49,B
26850,50,C
26852,52,A
26853,53,B
26854,54,C
26855,55,D
26856,56,A
26859,59,D
26861,61,B
26863,63,D
26864,64,A
26865,65,B
26866,66,C
26867,67,D
26868,68,A
26870,70,C
26874,21,C
26875,22,D
26876,23,A
26877,24,B
26878,25,C
26879,26,D
26881,28,B
26882,29,C
26883,30,D
26884,31,A
26885,32,B
26886,33,C
26887,34,D
26890,37,C
26891,38,D
26893,40,B
26894,41,C
26895,42,D
26896,43,A
26898,45,C
26899,46,D
26904,51,A
26906,53,C
26908,55,A
26909,56,B
26910,57,C
26911,58,D
26912,59,A
26918,65,C
26919,66,D
26923,70,D
26926,20,C
26927,21,D
26929,23,B
26930,24,C
26931,25,D
26932,26,A
26933,27,B
26934,28,C
26936,30,A
26938,32,C
26940,34,A
26947,41,D
26950,44,C
26952,46,A
26953,47,B
26954,48,C
26959,53,D
26960,54,A
26961,55,B
26962,56,C
26963,57,D
26965,59,B
26966,60,C
26967,61,D
26968,62,A
26969,63,B
26972,66,A
26974,68,C
26976,70,A
26978,19,C
26985,26,B
26986,27,C
26987,28,D
26989,30,B
26990,31,C
26991,32,D
26993,34,B
26994,35,C
26995,36,D
26996,37,A
26998,39,C
27000,41,A
27002,43,C
27003,44,D
27005,46,B
27007,48,D
27009,50,B
27010,51,C
27012,53,A
27013,54,B
27014,55,C
27015,56,D
27020,61,A
27021,62,B
27026,67,C
27027,68,D
27030,18,C
27031,19,D
27032,20,A
27033,21,B
27034,22,C
27038,26,C
27039,27,D
27040,28,A
27042,30,C
27043,31,D
27044,32,A
27046,34,C
27047,35,D
27049,37,B
27050,38,C
27051,39,D
27052,40,A
27053,41,B
27054,42,C
27055,43,D
27056,44,A
27057,45,B
27058,46,C
27059,47,D
27060,48,A
27061,49,B
27062,50,C
27064,52,A
27066,54,C
27067,55,D
27070,58,C
27072,60,A
27073,61,B
27074,62,C
27075,63,D
27076,64,A
27077,65,B
27078,66,C
27079,67,D
27080,68,A
27081,69,B
27083,18,D
27084,19,A
27085,20,B
27086,21,C
27089,24,B
27090,25,C
27091,26,D
27093,28,B
27094,29,C
27096,31,A
27097,32,B
27098,33,C
27099,34,D
27100,35,A
27102,37,C
27103,38,D
27106,41,C
27107,42,D
27108,43,A
27109,44,B
27110,45,C
27112,47,A
27114,49,C
27115,50,D
27117,52,B
27118,53,C
27120,55,A
27122,57,C
27124,59,A
27126,61,C
27127,62,D
27128,63,A
27129,64,B
27132,67,A
27133,68,B
27134,69,C
27135,70,D
27136,18,A
27138,20,C
27139,21,D
27140,22,A
27141,23,B
27142,24,C
27143,25,D
27144,26,A
27145,27,B
27146,28,C
27150,32,C
27152,34,A
27155,37,D
27158,40,C
27160,42,A
27162,44,C
27163,45,D
27164,46,A
27165,47,B
27167,49,D
27168,50,A
27169,51,B
27170,52,C
27171,53,D
27172,54,A
27174,56,C
27179,61,D
27181,63,B
27188,70,A
27189,18,B
27190,19,C
27195,24,D
27196,25,A
27197,26,B
27200,29,A
27203,32,D
27204,33,A
27211,40,D
27212,41,A
27213,42,B
27214,43,C
27215,44,D
27217,46,B
27218,47,C
27219,48,D
27221,50,B
27222,51,C
27223,52,D
27225,54,B
27226,55,C
27227,56,D
27228,57,A
27229,58,B
27232,61,A
27233,62,B
27236,65,A
27237,66,B
27238,67,C
27239,68,D
27244,20,A
27246,22,C
27247,23,D
27248,24,A
27250,26,C
27253,29,B
27254,30,C
27255,31,D
27256,32,A
27257,33,B
27259,35,D
27263,39,D
27264,40,A
27266,42,C
27267,43,D
27269,45,B
27270,46,C
27273,49,B
27277,53,B
27278,54,C
27291,67,D
27293,69,B
27295,18,D
27297,20,B
27300,23,A
27301,24,B
27303,26,D
27304,27,A
27306,29,C
27308,31,A
27309,32,B
27311,34,D
27312,35,A
27313,36,B
27314,37,C
27315,38,D
27317,40,B
27318,41,C
27319,42,D
27320,43,A
27321,44,B
27322,45,C
27324,47,A
27325,48,B
27326,49,C
27327,50,D
27328,51,A
27330,53,C
27331,54,D
27332,55,A
27334,57,C
27336,59,A
27337,60,B
27342,65,C
27343,66,D
27344,67,A
27345,68,B
27346,69,C
27348,18,A
27349,19,B
27350,20,C
27351,21,D
27352,22,A
27354,24,C
27356,26,A
27357,27,B
27358,28,C
27360,30,A
27361,31,B
27362,32,C
27363,33,D
27364,34,A
27365,35,B
27366,36,C
27367,37,D
27369,39,B
27372,42,A
27377,47,B
27378,48,C
27379,49,D
27381,51,B
27383,53,D
27384,54,A
27386,56,C
27387,57,D
27389,59,B
27391,61,D
27394,64,C
27395,65,D
27396,66,A
27401,18,B
27402,19,C
27403,20,D
27405,22,B
27406,23,C
27409,26,B
27411,28,D
27412,29,A
27413,30,B
27414,31,C
27415,32,D
27416,33,A
27417,34,B
27418,35,C
27420,37,A
27421,38,B
27426,43,C
27430,47,C
27436,53,A
27437,54,B
27441,58,B
27442,59,C
27443,60,D
27444,61,A
27446,63,C
27447,64,D
27448,65,A
27450,67,C
27454,18,C
27456,20,A
27457,21,B
27458,22,C
27459,23,D
27460,24,A
27461,25,B
27462,26,C
27464,28,A
27469,33,B
27470,34,C
27471,35,D
27475,39,D
27476,40,A
27477,41,B
27479,43,D
27481,45,B
27484,48,A
27485,49,B
27486,50,C
27487,51,D
27489,53,B
27496,60,A
27499,63,D
27500,64,A
27504,68,A
27506,70,C
27508,19,A
27511,22,D
27515,26,D
27516,27,A
27517,28,B
27518,29,C
27519,30,D
27521,32,B
27522,33,C
27524,35,A
27525,36,B
27526,37,C
27528,39,A
27532,43,A
27533,44,B
27534,45,C
27536,47,A
27537,48,B
27539,50,D
27544,55,A
27545,56,B
27546,57,C
27547,58,D
27548,59,A
27549,60,B
27550,61,C
27552,63,A
27553,64,B
27554,65,C
27561,19,B
27562,20,C
27563,21,D
27564,22,A
27565,23,B
27566,24,C
27568,26,A
27569,27,B
27570,28,C
27571,29,D
27573,31,B
27574,32,C
27575,33,D
27576,34,A
27577,35,B
27580,38,A
27582,40,C
27583,41,D
27584,42,A
27585,43,B
27589,47,B
27591,49,D
27592,50,A
27595,53,D
27596,54,A
27597,55,B
27599,57,D
27600,58,A
27601,59,B
27602,60,C
27604,62,A
27607,65,D
27614,19,C
27615,20,D
27616,21,A
27617,22,B
27619,24,D
27625,30,B
27628,33,A
27629,34,B
27630,35,C
27631,36,D
27633,38,B
27634,39,C
27637,42,B
27638,43,C
27639,44,D
27640,45,A
27642,47,C
27643,48,D
27644,49,A
27645,50,B
27646,51,C
27647,52,D
27648,53,A
27650,55,C
27651,56,D
27652,57,A
27657,62,B
27658,63,C
27659,64,D
27660,65,A
27661,66,B
27666,18,C
27667,19,D
27668,20,A
27669,21,B
27670,22,C
27671,23,D
27675,27,D
27676,28,A
27677,29,B
27678,30,C
27679,31,D
27680,32,A
27681,33,B
27682,34,C
27683,35,D
27687,39,D
27688,40,A
27689,41,B
27691,43,D
27692,44,A
27694,46,C
27695,47,D
27696,48,A
27697,49,B
27698,50,C
27699,51,D
27700,52,A
27702,54,C
27706,58,C
27707,59,D
27708,60,A
27709,61,B
27710,62,C
27712,64,A
27713,65,B
27714,66,C
27715,67,D
27716,68,A
27718,70,C
27719,18,D
27720,19,A
27721,20,B
27723,22,D
27724,23,A
27725,24,B
27726,25,C
27727,26,D
27728,27,A
27729,28,B
27733,32,B
27736,35,A
27737,36,B
27739,38,D
27740,39,A
27741,40,B
27745,44,B
27746,45,C
27748,47,A
27749,48,B
27750,49,C
27751,50,D
27754,53,C
27755,54,D
27756,55,A
27762,61,C
27763,62,D
27764,63,A
27765,64,B
27767,66,D
27768,67,A
27770,69,C
27774,20,C
27780,26,A
27781,27,B
27784,30,A
27788,34,A
27790,36,C
27799,45,D
27802,48,C
27803,49,D
27805,51,B
27806,52,C
27807,53,D
27808,54,A
27809,55,B
27810,56,C
27812,58,A
27814,60,C
27816,62,A
27823,69,D
27826,19,C
27831,24,D
27832,25,A
27833,26,B
27834,27,C
27836,29,A
27837,30,B
27838,31,C
27839,32,D
27842,35,C
27843,36,D
27846,39,C
27849,42,B
27850,43,C
27851,44,D
27852,45,A
27853,46,B
27854,47,C
27855,48,D
27856,49,A
27857,50,B
27858,51,C
27859,52,D
27860,53,A
27861,54,B
27864,57,A
27865,58,B
27869,62,B
27870,63,C
27872,65,A
27876,69,A
27878,18,C
27879,19,D
27881,21,B
27882,22,C
27883,23,D
27884,24,A
27885,25,B
27886,26,C
27887,27,D
27888,28,A
27889,29,B
27890,30,C
27891,31,D
27892,32,A
27893,33,B
27896,36,A
27897,37,B
27899,39,D
27900,40,A
27901,41,B
27902,42,C
27903,43,D
27907,47,D
27912,52,A
27913,53,B
27916,56,A
27917,57,B
27918,58,C
27920,60,A
27921,61,B
27922,62,C
27923,63,D
27924,64,A
27925,65,B
27926,66,C
27932,19,A
27934,21,C
27935,22,D
27936,23,A
27938,25,C
27943,30,D
27944,31,A
27945,32,B
27947,34,D
27948,35,A
27949,36,B
27950,37,C
27951,38,D
27953,40,B
27954,41,C
27956,43,A
27957,44,B
27958,45,C
27961,48,B
27962,49,C
27963,50,D
27965,52,B
27966,53,C
27968,55,A
27971,58,D
27972,59,A
27973,60,B
27979,66,D
27980,67,A
27981,68,B
27982,69,C
27983,70,D
27984,18,A
27985,19,B
27986,20,C
27988,22,A
27990,24,C
27991,25,D
27993,27,B
27995,29,D
27997,31,B
28000,34,A
28001,35,B
28002,36,C
28003,37,D
28004,38,A
28005,39,B
28006,40,C
28007,41,D
28008,42,A
28010,44,C
28011,45,D
28012,46,A
28013,47,B
28014,48,C
28015,49,D
28016,50,A
28017,51,B
28018,52,C
28019,53,D
28020,54,A
28021,55,B
28024,58,A
28027,61,D
28028,62,A
28030,64,C
28031,65,D
28032,66,A
28034,68,C
28036,70,A
28037,18,B
28039,20,D
28040,21,A
28041,22,B
28042,23,C
28044,25,A
28045,26,B
28047,28,D
28048,29,A
28049,30,B
28050,31,C
28051,32,D
28052,33,A
28057,38,B
28058,39,C
28059,40,D
28062,43,C
28063,44,D
28064,45,A
28065,46,B
28066,47,C
28067,48,D
28069,50,B
28070,51,C
28071,52,D
28074,55,C
28075,56,D
28080,61,A
28081,62,B
28082,63,C
28083,64,D
28084,65,A
28087,68,D
28090,18,C
28091,19,D
28093,21,B
28094,22,C
28095,23,D
28097,25,B
28100,28,A
28105,33,B
28107,35,D
28109,37,B
28111,39,D
28114,42,C
28118,46,C
28119,47,D
28121,49,B
28123,51,D
28124,52,A
28125,53,B
28126,54,C
28127,55,D
28128,56,A
28129,57,B
28131,59,D
28134,62,C
28135,63,D
28137,65,B
28138,66,C
28139,67,D
28141,69,B
28142,70,C
28145,20,B
28146,21,C
28147,22,D
28148,23,A
28152,27,A
28153,28,B
28155,30,D
28156,31,A
28157,32,B
28159,34,D
28160,35,A
28162,37,C
28163,38,D
28164,39,A
28165,40,B
28166,41,C
28167,42,D
28168,43,A
28171,46,D
28172,47,A
28173,48,B
28174,49,C
28175,50,D
28177,52,B
28178,53,C
28181,56,B
28186,61,C
28188,63,A
28189,64,B
28190,65,C
28192,67,A
28193,68,B
28194,69,C
28195,70,D
28196,18,A
28197,19,B
28198,20,C
28199,21,D
28200,22,A
28205,27,B
28207,29,D
28210,32,C
28213,35,B
28219,41,D
28220,42,A
28221,43,B
28224,46,A
28225,47,B
28229,51,B
28230,52,C
28232,54,A
28237,59,B
28238,60,C
28239,61,D
28240,62,A
28241,63,B
28243,65,D
28244,66,A
28246,68,C
28247,69,D
28248,70,A
28250,19,C
28253,22,B
28254,23,C
28255,24,D
28257,26,B
28259,28,D
28260,29,A
28261,30,B
28262,31,C
28263,32,D
28264,33,A
28265,34,B
28266,35,C
28267,36,D
28268,37,A
28269,38,B
28271,40,D
28272,41,A
28274,43,C
28275,44,D
28276,45,A
28277,46,B
28279,48,D
28280,49,A
28281,50,B
28282,51,C
28283,52,D
28284,53,A
28287,56,D
28294,63,C
28296,65,A
28297,66,B
28298,67,C
28299,68,D
28300,69,A
28301,70,B
28304,20,A
28305,21,B
28307,23,D
28309,25,B
28310,26,C
28312,28,A
28313,29,B
28315,31,D
28316,32,A
28317,33,B
28319,35,D
28320,36,A
28321,37,B
28322,38,C
28324,40,A
28326,42,C
28331,47,D
28332,48,A
28333,49,B
28335,51,D
28337,53,B
28338,54,C
28340,56,A
28342,58,C
28343,59,D
28346,62,C
28347,63,D
28348,64,A
28350,66,C
28351,67,D
28355,18,D
28356,19,A
28359,22,D
28361,24,B
28362,25,C
28363,26,D
28364,27,A
28366,29,C
28367,30,D
28369,32,B
28376,39,A
28377,40,B
28378,41,C
28379,42,D
28380,43,A
28381,44,B
28385,48,B
28387,50,D
28388,51,A
28390,53,C
28393,56,B
28394,57,C
28396,59,A
28397,60,B
28398,61,C
28400,63,A
28402,65,C
28403,66,D
28404,67,A
28405,68,B
28407,70,D
28408,18,A
28409,19,B
28412,22,A
28413,23,B
28414,24,C
28415,25,D
28417,27,B
28418,28,C
28419,29,D
28421,31,B
28422,32,C
28423,33,D
28424,34,A
28425,35,B
28426,36,C
28427,37,D
28428,38,A
28429,39,B
28430,40,C
28431,41,D
28433,43,B
28435,45,D
28436,46,A
28437,47,B
28438,48,C
28441,51,B
28442,52,C
28444,54,A
28445,55,B
28446,56,C
28447,57,D
28448,58,A
28449,59,B
28450,60,C
28451,61,D
28452,62,A
28454,64,C
28455,65,D
28457,67,B
28459,69,D
28460,70,A
28465,22,B
28466,23,C
28467,24,D
28468,25,A
28470,27,C
28471,28,D
28472,29,A
28475,32,D
28476,33,A
28480,37,A
28481,38,B
28484,41,A
28485,42,B
28486,43,C
28487,44,D
28488,45,A
28489,46,B
28493,50,B
28494,51,C
28495,52,D
28496,53,A
28497,54,B
28498,55,C
28499,56,D
28501,58,B
28504,61,A
28505,62,B
28506,63,C
28508,65,A
28509,66,B
28510,67,C
28511,68,D
28514,18,C
28515,19,D
28517,21,B
28519,23,D
28521,25,B
28523,27,D
28524,28,A
28525,29,B
28526,30,C
28527,31,D
28528,32,A
28529,33,B
28530,34,C
28532,36,A
28533,37,B
28534,38,C
28535,39,D
28536,40,A
28537,41,B
28538,42,C
28539,43,D
28540,44,A
28542,46,C
28544,48,A
28545,49,B
28546,50,C
28547,51,D
28548,52,A
28549,53,B
28550,54,C
28560,64,A
28562,66,C
28563,67,D
28565,69,B
28566,70,C
28567,18,D
28568,19,A
28571,22,D
28572,23,A
28575,26,D
28576,27,A
28577,28,B
28578,29,C
28580,31,A
28581,32,B
28583,34,D
28585,36,B
28586,37,C
28587,38,D
28588,39,A
28590,41,C
28592,43,A
28595,46,D
28597,48,B
28598,49,C
28600,51,A
28602,53,C
28604,55,A
28605,56,B
28607,58,D
28608,59,A
28609,60,B
28612,63,A
28613,64,B
28615,66,D
28616,67,A
28618,69,C
28623,21,D
28624,22,A
28625,23,B
28627,25,D
28629,27,B
28630,28,C
28632,30,A
28633,31,B
28636,34,A
28638,36,C
28640,38,A
28641,39,B
28642,40,C
28643,41,D
28644,42,A
28645,43,B
28648,46,A
28649,47,B
28651,49,D
28652,50,A
28654,52,C
28655,53,D
28656,54,A
28657,55,B
28658,56,C
28660,58,A
28661,59,B
28662,60,C
28665,63,B
28666,64,C
28667,65,D
28669,67,B
28672,70,A
28674,19,C
28675,20,D
28677,22,B
28680,25,A
28681,26,B
28682,27,C
28683,28,D
28686,31,C
28687,32,D
28688,33,A
28689,34,B
28690,35,C
28691,36,D
28692,37,A
28697,42,B
28698,43,C
28699,44,D
28700,45,A
28701,46,B
28705,50,B
28707,52,D
28708,53,A
28709,54,B
28711,56,D
28712,57,A
28713,58,B
28715,60,D
28717,62,B
28718,63,C
28719,64,D
28721,66,B
28724,69,A
28726,18,C
28728,20,A
28729,21,B
28730,22,C
28734,26,C
28740,32,A
28741,33,B
28742,34,C
28745,37,B
28746,38,C
28748,40,A
28750,42,C
28753,45,B
28754,46,C
28755,47,D
28756,48,A
28757,49,B
28759,51,D
28760,52,A
28763,55,D
28764,56,A
28765,57,B
28766,58,C
28769,61,B
28771,63,D
28775,67,D
28776,68,A
28778,70,C
28779,18,D
28780,19,A
28781,20,B
28782,21,C
28785,24,B
28786,25,C
28787,26,D
28793,32,B
28798,37,C
28799,38,D
28801,40,B
28802,41,C
28803,42,D
28804,43,A
28805,44,B
28807,46,D
28808,47,A
28812,51,A
28814,53,C
28815,54,D
28817,56,B
28818,57,C
28824,63,A
28828,67,A
28830,69,C
28831,70,D
28832,18,A
28836,22,A
28838,24,C
28839,25,D
28842,28,C
28843,29,D
28844,30,A
28846,32,C
28851,37,D
28853,39,B
28855,41,D
28858,44,C
28859,45,D
28860,46,A
28865,51,B
28867,53,D
28868,54,A
28869,55,B
28870,56,C
28872,58,A
28874,60,C
28875,61,D
28876,62,A
28878,64,C
28883,69,D
28884,70,A
28885,18,B
28886,19,C
28888,21,A
28889,22,B
28890,23,C
28891,24,D
28894,27,C
28895,28,D
28898,31,C
28901,34,B
28902,35,C
28903,36,D
28904,37,A
28905,38,B
28906,39,C
28907,40,D
28908,41,A
28909,42,B
28911,44,D
28912,45,A
28913,46,B
28914,47,C
28915,48,D
28916,49,A
28918,51,C
28919,52,D
28920,53,A
28921,54,B
28922,55,C
28923,56,D
28925,58,B
28926,59,C
28927,60,D
28928,61,A
28929,62,B
28934,67,C
28935,68,D
28936,69,A
28937,70,B
28938,18,C
28940,20,A
28942,22,C
28943,23,D
28944,24,A
28946,26,C
28951,31,D
28954,34,C
28955,35,D
28956,36,A
28958,38,C
28959,39,D
28960,40,A
28961,41,B
28962,42,C
28963,43,D
28965,45,B
28966,46,C
28967,47,D
28969,49,B
28971,51,D
28974,54,C
28975,55,D
28977,57,B
28979,59,D
28982,62,C
28983,63,D
28986,66,C
28989,69,B
28991,18,D
28992,19,A
28995,22,D
29001,28,B
29003,30,D
29004,31,A
29006,33,C
29008,35,A
29010,37,C
29011,38,D
29013,40,B
29014,41,C
29015,42,D
29016,43,A
29017,44,B
29018,45,C
29019,46,D
29020,47,A
29021,48,B
29023,50,D
29025,52,B
29026,53,C
29027,54,D
29029,56,B
29031,58,D
29033,60,B
29034,61,C
29035,62,D
29037,64,B
29038,65,C
29039,66,D
29040,67,A
29042,69,C
29043,70,D
29044,18,A
29046,20,C
29049,23,B
29052,26,A
29054,28,C
29057,31,B
29058,32,C
29059,33,D
29061,35,B
29062,36,C
29064,38,A
29067,41,D
29071,45,D
29073,47,B
29076,50,A
29077,51,B
29078,52,C
29079,53,D
29080,54,A
29081,55,B
29082,56,C
29085,59,B
29086,60,C
29089,63,B
29091,65,D
29092,66,A
29093,67,B
29094,68,C
29096,70,A
29098,19,C
29101,22,B
29102,23,C
29103,24,D
29105,26,B
29106,27,C
29109,30,B
29110,31,C
29111,32,D
29113,34,B
29114,35,C
29115,36,D
29116,37,A
29117,38,B
29118,39,C
29119,40,D
29120,41,A
29124,45,A
29125,46,B
29126,47,C
29131,52,D
29134,55,C
29135,56,D
29136,57,A
29137,58,B
29139,60,D
29140,61,A
29141,62,B
29143,64,D
29146,67,C
29147,68,D
29149,70,B
29150,18,C
29151,19,D
29152,20,A
29153,21,B
29155,23,D
29156,24,A
29158,26,C
29160,28,A
29163,31,D
29166,34,C
29168,36,A
29170,38,C
29173,41,B
29174,42,C
29176,44,A
29181,49,B
29184,52,A
29186,54,C
29187,55,D
29188,56,A
29189,57,B
29190,58,C
29191,59,D
29192,60,A
29193,61,B
29196,64,A
29198,66,C
29199,67,D
29201,69,B
29203,18,D
29204,19,A
29205,20,B
29207,22,D
29209,24,B
29210,25,C
29211,26,D
29213,28,B
29215,30,D
29216,31,A
29218,33,C
29219,34,D
29222,37,C
29223,38,D
29224,39,A
29227,42,D
29229,44,B
29230,45,C
29231,46,D
29238,53,C
29240,55,A
29241,56,B
29242,57,C
29244,59,A
29246,61,C
29247,62,D
29249,64,B
29252,67,A
29255,70,D
29256,18,A
29257,19,B
29260,22,A
29263,25,D
29264,26,A
29265,27,B
29266,28,C
29267,29,D
29269,31,B
29270,32,C
29271,33,D
29272,34,A
29273,35,B
29275,37,D
29279,41,D
29280,42,A
29281,43,B
29282,44,C
29283,45,D
29284,46,A
29286,48,C
29288,50,A
29291,53,D
29295,57,D
29298,60,C
29299,61,D
29303,65,D
29304,66,A
29306,68,C
29308,70,A
29310,19,C
29312,21,A
29315,24,D
29319,28,D
29320,29,A
29321,30,B
29325,34,B
29326,35,C
29327,36,D
29331,40,D
29333,42,B
29335,44,D
29336,45,A
29338,47,C
29340,49,A
29341,50,B
29343,52,D
29346,55,C
29347,56,D
29350,59,C
29353,62,B
29356,65,A
29357,66,B
29358,67,C
29364,20,A
29366,22,C
29368,24,A
29369,25,B
29371,27,D
29372,28,A
29374,30,C
29375,31,D
29377,33,B
29379,35,D
29381,37,B
29384,40,A
29385,41,B
29386,42,C
29389,45,B
29391,47,D
29392,48,A
29398,54,C
29399,55,D
29401,57,B
29402,58,C
29403,59,D
29404,60,A
29407,63,D
29408,64,A
29409,65,B
29410,66,C
29411,67,D
29412,68,A
29413,69,B
29415,18,D
29416,19,A
29418,21,C
29419,22,D
29421,24,B
29422,25,C
29424,27,A
29425,28,B
29427,30,D
29428,31,A
29429,32,B
29430,33,C
29431,34,D
29432,35,A
29433,36,B
29434,37,C
29435,38,D
29436,39,A
29438,41,C
29439,42,D
29440,43,A
29445,48,B
29448,51,A
29449,52,B
29450,53,C
29451,54,D
29454,57,C
29455,58,D
29456,59,A
29458,61,C
29459,62,D
29460,63,A
29461,64,B
29462,65,C
29465,68,B
29466,69,C
29467,70,D
29469,19,B
29470,20,C
29471,21,D
29472,22,A
29473,23,B
29477,27,B
29478,28,C
29479,29,D
29482,32,C
29483,33,D
29484,34,A
29489,39,B
29491,41,D
29492,42,A
29493,43,B
29494,44,C
29497,47,B
29499,49,D
29503,53,D
29504,54,A
29505,55,B
29508,58,A
29509,59,B
29510,60,C
29512,62,A
29513,63,B
29516,66,A
29517,67,B
29518,68,C
29520,70,A
29524,21,A
29525,22,B
29526,23,C
29527,24,D
29529,26,B
29530,27,C
29531,28,D
29532,29,A
29536,33,A
29537,34,B
29539,36,D
29540,37,A
29541,38,B
29542,39,C
29543,40,D
29545,42,B
29547,44,D
29549,46,B
29550,47,C
29551,48,D
29553,50,B
29554,51,C
29555,52,D
29557,54,B
29558,55,C
29559,56,D
29561,58,B
29562,59,C
29563,60,D
29564,61,A
29565,62,B
29566,63,C
29568,65,A
29571,68,D
29572,69,A
29573,70,B
29574,18,C
29575,19,D
29577,21,B
29578,22,C
29581,25,B
29583,27,D
29586,30,C
29587,31,D
29588,32,A
29589,33,B
29591,35,D
29592,36,A
29593,37,B
29596,40,A
29597,41,B
29598,42,C
29599,43,D
29601,45,B
29602,46,C
29603,47,D
29606,50,C
29607,51,D
29608,52,A
29611,55,D
29615,59,D
29616,60,A
29617,61,B
29619,63,D
29620,64,A
29621,65,B
29623,67,D
29624,68,A
29626,70,C
29628,19,A
29629,20,B
29630,21,C
29634,25,C
29637,28,B
29638,29,C
29639,30,D
29640,31,A
29642,33,C
29644,35,A
29645,36,B
29648,39,A
29649,40,B
29650,41,C
29652,43,A
29653,44,B
29657,48,B
29658,49,C
29660,51,A
29663,54,D
29664,55,A
29666,57,C
29669,60,B
29671,62,D
29672,63,A
29673,64,B
29674,65,C
29676,67,A
29677,68,B
29678,69,C
29679,70,D
29680,18,A
29683,21,D
29686,24,C
29687,25,D
29691,29,D
29692,30,A
29693,31,B
29694,32,C
29697,35,B
29698,36,C
29700,38,A
29702,40,C
29705,43,B
29708,46,A
29710,48,C
29711,49,D
29713,51,B
29720,58,A
29721,59,B
29723,61,D
29725,63,B
29727,65,D
29728,66,A
29733,18,B
29735,20,D
29737,22,B
29742,27,C
29744,29,A
29745,30,B
29747,32,D
29751,36,D
29752,37,A
29753,38,B
29754,39,C
29757,42,B
29758,43,C
29759,44,D
29766,51,C
29768,53,A
29772,57,A
29774,59,C
29776,61,A
29777,62,B
29780,65,A
29782,67,C
29783,68,D
29785,70,B
29787,19,D
29788,20,A
29794,26,C
29795,27,D
29798,30,C
29799,31,D
29801,33,B
29802,34,C
29803,35,D
29804,36,A
29807,39,D
29808,40,A
29809,41,B
29810,42,C
29815,47,D
29818,50,C
29821,53,B
29823,55,D
29824,56,A
29825,57,B
29826,58,C
29827,59,D
29828,60,A
29832,64,A
29833,65,B
29835,67,D
29836,68,A
29838,70,C
29839,18,D
29840,19,A
29843,22,D
29845,24,B
29848,27,A
29851,30,D
29854,33,C
29855,34,D
29856,35,A
29857,36,B
29858,37,C
29859,38,D
29860,39,A
29867,46,D
29868,47,A
29869,48,B
29873,52,B
29874,53,C
29876,55,A
29880,59,A
29882,61,C
29883,62,D
29885,64,B
29887,66,D
29888,67,A
29890,69,C
29891,70,D
29892,18,A
29893,19,B
29894,20,C
29895,21,D
29900,26,A
29902,28,C
29903,29,D
29904,30,A
29905,31,B
29906,32,C
29910,36,C
29913,39,B
29915,41,D
29919,45,D
29922,48,C
29923,49,D
29924,50,A
29928,54,A
29929,55,B
29932,58,A
29936,62,A
29937,63,B
29939,65,D
29940,66,A
29944,70,A
29945,18,B
29947,20,D
29953,26,B
29954,27,C
29958,31,C
29961,34,B
29965,38,B
29966,39,C
29967,40,D
29968,41,A
29969,42,B
29973,46,B
29974,47,C
29976,49,A
29977,50,B
29979,52,D
29981,54,B
29983,56,D
29984,57,A
29985,58,B
29986,59,C
29987,60,D
29989,62,B
29990,63,C
29991,64,D
29992,65,A
29993,66,B
29994,67,C
29995,68,D
29996,69,A
29997,70,B
29999,19,D
30000,20,A
30002,22,C
30004,24,A
30005,25,B
30009,29,B
30011,31,D
30012,32,A
30013,33,B
30016,36,A
30021,41,B
30025,45,B
30027,47,D
30028,48,A
30031,51,D
30032,52,A
30034,54,C
30035,55,D
30036,56,A
30038,58,C
30040,60,A
30042,62,C
30043,63,D
30044,64,A
30046,66,C
30047,67,D
30049,69,B
30050,70,C
30051,18,D
30053,20,B
30058,25,C
30060,27,A
30061,28,B
30063,30,D
30066,33,C
30067,34,D
30071,38,D
30073,40,B
30074,41,C
30075,42,D
30076,43,A
30077,44,B
30078,45,C
30079,46,D
30080,47,A
30084,51,A
30085,52,B
30086,53,C
30090,57,C
30092,59,A
30093,60,B
30096,63,A
30102,69,C
30103,70,D
30105,19,B
30106,20,C
30107,21,D
30109,23,B
30110,24,C
30113,27,B
30115,29,D
30116,30,A
30120,34,A
30122,36,C
30124,38,A
30125,39,B
30128,42,A
30129,43,B
30132,46,A
30134,48,C
30135,49,D
30136,50,A
30139,53,D
30140,54,A
30144,58,A
30147,61,D
30148,62,A
30149,63,B
30150,64,C
30151,65,D
30156,70,A
30158,19,C
30159,20,D
30163,24,D
30166,27,C
30170,31,C
30171,32,D
30174,35,C
30176,37,A
30178,39,C
30179,40,D
30181,42,B
30186,47,C
30188,49,A
30189,50,B
30190,51,C
30192,53,A
30193,54,B
30194,55,C
30195,56,D
30196,57,A
30197,58,B
30199,60,D
30200,61,A
30201,62,B
30203,64,D
30204,65,A
30205,66,B
30207,68,D
30208,69,A
30209,70,B
30210,18,C
30211,19,D
30212,20,A
30213,21,B
30215,23,D
30216,24,A
30217,25,B
30218,26,C
30219,27,D
30220,28,A
30221,29,B
30222,30,C
30223,31,D
30224,32,A
30225,33,B
30226,34,C
30227,35,D
30229,37,B
30230,38,C
30232,40,A
30233,41,B
30234,42,C
30236,44,A
30237,45,B
30239,47,D
30241,49,B
30243,51,D
30245,53,B
30248,56,A
30249,57,B
30254,62,C
30257,65,B
30259,67,D
30262,70,C
30265,20,B
30266,21,C
30270,25,C
30271,26,D
30273,28,B
30275,30,D
30276,31,A
30277,32,B
30279,34,D
30280,35,A
30281,36,B
30282,37,C
30284,39,A
30286,41,C
30287,42,D
30288,43,A
30292,47,A
30293,48,B
30294,49,C
30295,50,D
30296,51,A
30299,54,D
30300,55,A
30303,58,D
30304,59,A
30305,60,B
30306,61,C
30309,64,B
30310,65,C
30311,66,D
30312,67,A
30313,68,B
30314,69,C
30315,70,D
30316,18,A
30318,20,C
30319,21,D
30321,23,B
30322,24,C
30325,27,B
30330,32,C
30332,34,A
30334,36,C
30336,38,A
30338,40,C
30339,41,D
30342,44,C
30343,45,D
30346,48,C
30349,51,B
30351,53,D
30352,54,A
30353,55,B
30354,56,C
30356,58,A
30357,59,B
30359,61,D
30360,62,A
30365,67,B
30371,20,D
30374,23,C
30375,24,D
30376,25,A
30377,26,B
30378,27,C
30379,28,D
30380,29,A
30383,32,D
30384,33,A
30385,34,B
30386,35,C
30387,36,D
30388,37,A
30390,39,C
30392,41,A
30393,42,B
30394,43,C
30396,45,A
30397,46,B
30398,47,C
30400,49,A
30402,51,C
30403,52,D
30404,53,A
30405,54,B
30407,56,D
30410,59,C
30412,61,A
30415,64,D
30416,65,A
30417,66,B
30419,68,D
30420,69,A
30423,19,D
30424,20,A
30427,23,D
30428,24,A
30429,25,B
30430,26,C
30432,28,A
30434,30,C
30435,31,D
30436,32,A
30437,33,B
30441,37,B
30442,38,C
30444,40,A
30445,41,B
30447,43,D
30448,44,A
30450,46,C
30452,48,A
30453,49,B
30454,50,C
30455,51,D
30457,53,B
30459,55,D
30460,56,A
30461,57,B
30462,58,C
30463,59,D
30464,60,A
30465,61,B
30466,62,C
30467,63,D
30468,64,A
30469,65,B
30471,67,D
30472,68,A
30473,69,B
30474,70,C
30475,18,D
30476,19,A
30477,20,B
30478,21,C
30479,22,D
30482,25,C
30485,28,B
30487,30,D
30488,31,A
30490,33,C
30491,34,D
30493,36,B
30496,39,A
30499,42,D
30501,44,B
30502,45,C
30503,46,D
30505,48,B
30506,49,C
30507,50,D
30511,54,D
30513,56,B
30516,59,A
30517,60,B
30520,63,A
30524,67,A
30526,69,C
30530,20,C
30533,23,B
30534,24,C
30537,27,B
30538,28,C
30539,29,D
30540,30,A
30542,32,C
30545,35,B
30546,36,C
30547,37,D
30548,38,A
30550,40,C
30554,44,C
30555,45,D
30556,46,A
30557,47,B
30559,49,D
30561,51,B
30562,52,C
30564,54,A
30566,56,C
30567,57,D
30568,58,A
30574,64,C
30575,65,D
30577,67,B
30578,68,C
30579,69,D
30584,21,A
30586,23,C
30587,24,D
30588,25,A
30589,26,B
30590,27,C
30591,28,D
30597,34,B
30598,35,C
30600,37,A
30601,38,B
30603,40,D
30605,42,B
30609,46,B
30610,47,C
30611,48,D
30613,50,B
30614,51,C
30615,52,D
30616,53,A
30617,54,B
30619,56,D
30620,57,A
30621,58,B
30622,59,C
30623,60,D
30624,61,A
30627,64,D
30628,65,A
30629,66,B
30630,67,C
30631,68,D
30637,21,B
30638,22,C
30640,24,A
30641,25,B
30643,27,D
30644,28,A
30645,29,B
30646,30,C
30647,31,D
30652,36,A
30655,39,D
30656,40,A
30657,41,B
30659,43,D
30660,44,A
30663,47,D
30665,49,B
30670,54,C
30671,55,D
30672,56,A
30675,59,D
30676,60,A
30678,62,C
30679,63,D
30680,64,A
30681,65,B
30683,67,D
30684,68,A
30685,69,B
30687,18,D
30688,19,A
30693,24,B
30694,25,C
30695,26,D
30696,27,A
30698,29,C
30702,33,C
30703,34,D
30704,35,A
30706,37,C
30707,38,D
30708,39,A
30709,40,B
30710,41,C
30711,42,D
30712,43,A
30713,44,B
30714,45,C
30715,46,D
30719,50,D
30720,51,A
30721,52,B
30722,53,C
30723,54,D
30726,57,C
30727,58,D
30729,60,B
30730,61,C
30731,62,D
30732,63,A
30733,64,B
30734,65,C
30738,69,C
30739,70,D
30741,19,B
30743,21,D
30745,23,B
30746,24,C
30747,25,D
30749,27,B
30751,29,D
30752,30,A
30753,31,B
30754,32,C
30757,35,B
30759,37,D
30760,38,A
30761,39,B
30762,40,C
30763,41,D
30764,42,A
30765,43,B
30766,44,C
30767,45,D
30768,46,A
30769,47,B
30771,49,D
30772,50,A
30775,53,D
30777,55,B
30778,56,C
30782,60,C
30783,61,D
30785,63,B
30787,65,D
30788,66,A
30790,68,C
30791,69,D
30793,18,B
30795,20,D
30796,21,A
30797,22,B
30798,23,C
30801,26,B
30802,27,C
30803,28,D
30805,30,B
30808,33,A
30810,35,C
30811,36,D
30812,37,A
30813,38,B
30817,42,B
30818,43,C
30820,45,A
30822,47,C
30823,48,D
30824,49,A
30825,50,B
30827,52,D
30828,53,A
30829,54,B
30830,55,C
30834,59,C
30835,60,D
30837,62,B
30838,63,C
30839,64,D
30840,65,A
30841,66,B
30842,67,C
30844,69,A
30846,18,C
30847,19,D
30848,20,A
30849,21,B
30851,23,D
30853,25,B
30854,26,C
30856,28,A
30857,29,B
30858,30,C
30861,33,B
30862,34,C
30863,35,D
30864,36,A
30868,40,A
30870,42,C
30871,43,D
30874,46,C
30876,48,A
30881,53,B
30882,54,C
30883,55,D
30885,57,B
30886,58,C
30887,59,D
30898,70,C
30900,19,A
30902,21,C
30907,26,D
30908,27,A
30910,29,C
30913,32,B
30914,33,C
30919,38,D
30920,39,A
30921,40,B
30922,41,C
30923,42,D
30924,43,A
30925,44,B
30926,45,C
30928,47,A
30929,48,B
30932,51,A
30933,52,B
30934,53,C
30935,54,D
30937,56,B
30938,57,C
30940,59,A
30941,60,B
30942,61,C
30944,63,A
30946,65,C
30948,67,A
30949,68,B
30951,70,D
30952,18,A
30953,19,B
30959,25,D
30960,26,A
30962,28,C
30964,30,A
30965,31,B
30968,34,A
30971,37,D
30972,38,A
30973,39,B
30974,40,C
30975,41,D
30978,44,C
30979,45,D
30980,46,A
30981,47,B
30984,50,A
30985,51,B
30986,52,C
30987,53,D
30989,55,B
30991,57,D
30993,59,B
30994,60,C
30996,62,A
30997,63,B
31001,67,B
31002,68,C
31003,69,D
31005,18,B
31009,22,B
31010,23,C
31011,24,D
31012,25,A
31013,26,B
31014,27,C
31015,28,D
31019,32,D
31029,42,B
31030,43,C
31033,46,B
31036,49,A
31038,51,C
31039,52,D
31040,53,A
31042,55,C
31043,56,D
31048,61,A
31050,63,C
31052,65,A
31054,67,C
31055,68,D
31058,18,C
31060,20,A
31062,22,C
31063,23,D
31064,24,A
31066,26,C
31067,27,D
31068,28,A
31070,30,C
31072,32,A
31075,35,D
31076,36,A
31079,39,D
31080,40,A
31081,41,B
31083,43,D
31084,44,A
31085,45,B
31086,46,C
31087,47,D
31089,49,B
31094,54,C
31096,56,A
31098,58,C
31099,59,D
31102,62,C
31103,63,D
31106,66,C
31107,67,D
31108,68,A
31109,69,B
31110,70,C
31111,18,D
31113,20,B
31114,21,C
31116,23,A
31118,25,C
31119,26,D
31121,28,B
31122,29,C
31124,31,A
31126,33,C
31127,34,D
31128,35,A
31129,36,B
31130,37,C
31131,38,D
31132,39,A
31137,44,B
31139,46,D
31141,48,B
31142,49,C
31144,51,A
31146,53,C
31148,55,A
31149,56,B
31151,58,D
31152,59,A
31153,60,B
31154,61,C
31155,62,D
31156,63,A
31157,64,B
31161,68,B
31164,18,A
31165,19,B
31170,24,C
31171,25,D
31174,28,C
31175,29,D
31179,33,D
31180,34,A
31182,36,C
31183,37,D
31184,38,A
31188,42,A
31190,44,C
31192,46,A
31196,50,A
31197,51,B
31198,52,C
31199,53,D
31200,54,A
31202,56,C
31203,57,D
31204,58,A
31205,59,B
31206,60,C
31207,61,D
31208,62,A
31209,63,B
31210,64,C
31215,69,D
31218,19,C
31219,20,D
31220,21,A
31221,22,B
31222,23,C
31223,24,D
31224,25,A
31226,27,C
31228,29,A
31229,30,B
31230,31,C
31231,32,D
31232,33,A
31234,35,C
31237,38,B
31238,39,C
31239,40,D
31240,41,A
31241,42,B
31243,44,D
31246,47,C
31248,49,A
31250,51,C
31251,52,D
31252,53,A
31254,55,C
31255,56,D
31257,58,B
31258,59,C
31261,62,B
31262,63,C
31264,65,A
31265,66,B
31266,67,C
31267,68,D
31269,70,B
31270,18,C
31271,19,D
31272,20,A
31274,22,C
31275,23,D
31276,24,A
31277,25,B
31278,26,C
31280,28,A
31283,31,D
31285,33,B
31291,39,D
31293,41,B
31294,42,C
31295,43,D
31296,44,A
31297,45,B
31300,48,A
31301,49,B
31302,50,C
31304,52,A
31305,53,B
31307,55,D
31308,56,A
31310,58,C
31312,60,A
31314,62,C
31316,64,A
31317,65,B
31318,66,C
31319,67,D
31321,69,B
31322,70,C
31324,19,A
31325,20,B
31326,21,C
31329,24,B
31330,25,C
31332,27,A
31333,28,B
31335,30,D
31336,31,A
31337,32,B
31338,33,C
31339,34,D
31340,35,A
31342,37,C
31343,38,D
31344,39,A
31347,42,D
31349,44,B
31350,45,C
31352,47,A
31353,48,B
31354,49,C
31355,50,D
31357,52,B
31358,53,C
31359,54,D
31360,55,A
31361,56,B
31363,58,D
31364,59,A
31365,60,B
31366,61,C
31367,62,D
31368,63,A
31371,66,D
31373,68,B
31374,69,C
31375,70,D
31376,18,A
31377,19,B
31378,20,C
31381,23,B
31382,24,C
31383,25,D
31386,28,C
31387,29,D
31389,31,B
31391,33,D
31392,34,A
31394,36,C
31395,37,D
31398,40,C
31399,41,D
31400,42,A
31401,43,B
31402,44,C
31403,45,D
31406,48,C
31409,51,B
31410,52,C
31412,54,A
31413,55,B
31414,56,C
31415,57,D
31417,59,B
31418,60,C
31419,61,D
31420,62,A
31421,63,B
31422,64,C
31423,65,D
31424,66,A
31427,69,D
31432,21,A
31433,22,B
31434,23,C
31435,24,D
31440,29,A
31442,31,C
31443,32,D
31444,33,A
31445,34,B
31447,36,D
31449,38,B
31450,39,C
31451,40,D
31452,41,A
31455,44,D
31457,46,B
31459,48,D
31460,49,A
31463,52,D
31465,54,B
31467,56,D
31468,57,A
31470,59,C
31471,60,D
31472,61,A
31473,62,B
31475,64,D
31477,66,B
31478,67,C
31482,18,C
31485,21,B
31486,22,C
31487,23,D
31488,24,A
31491,27,D
31492,28,A
31493,29,B
31494,30,C
31495,31,D
31496,32,A
31497,33,B
31502,38,C
31503,39,D
31508,44,A
31510,46,C
31511,47,D
31513,49,B
31515,51,D
31516,52,A
31517,53,B
31518,54,C
31519,55,D
31520,56,A
31523,59,D
31524,60,A
31525,61,B
31527,63,D
31529,65,B
31530,66,C
31531,67,D
31532,68,A
31533,69,B
31534,70,C
31536,19,A
31537,20,B
31538,21,C
31539,22,D
31540,23,A
31541,24,B
31543,26,D
31544,27,A
31545,28,B
31547,30,D
31548,31,A
31549,32,B
31550,33,C
31551,34,D
31552,35,A
31553,36,B
31554,37,C
31555,38,D
31557,40,B
31559,42,D
31560,43,A
31561,44,B
31562,45,C
31564,47,A
31568,51,A
31569,52,B
31573,56,B
31574,57,C
31575,58,D
31576,59,A
31577,60,B
31578,61,C
31580,63,A
31581,64,B
31582,65,C
31583,66,D
31586,69,C
31587,70,D
31588,18,A
31591,21,D
31593,23,B
31594,24,C
31595,25,D
31596,26,A
31597,27,B
31599,29,D
31602,32,C
31603,33,D
31604,34,A
31605,35,B
31606,36,C
31607,37,D
31610,40,C
31611,41,D
31612,42,A
31613,43,B
31614,44,C
31615,45,D
31617,47,B
31618,48,C
31623,53,D
31626,56,C
31627,57,D
31628,58,A
31629,59,B
31636,66,A
31637,67,B
31638,68,C
31639,69,D
31640,70,A
31641,18,B
31644,21,A
31645,22,B
31646,23,C
31648,25,A
31649,26,B
31650,27,C
31651,28,D
31652,29,A
31653,30,B
31655,32,D
31656,33,A
31660,37,A
31663,40,D
31666,43,C
31667,44,D
31668,45,A
31669,46,B
31670,47,C
31671,48,D
31672,49,A
31674,51,C
31675,52,D
31676,53,A
31677,54,B
31678,55,C
31680,57,A
31681,58,B
31684,61,A
31691,68,D
31692,69,A
31694,18,C
31695,19,D
31696,20,A
31698,22,C
31700,24,A
31701,25,B
31702,26,C
31703,27,D
31705,29,B
31706,30,C
31707,31,D
31710,34,C
31711,35,D
31712,36,A
31713,37,B
31716,40,A
31717,41,B
31718,42,C
31719,43,D
31721,45,B
31729,53,B
31730,54,C
31731,55,D
31732,56,A
31733,57,B
31734,58,C
31738,62,C
31740,64,A
31741,65,B
31744,68,A
31747,18,D
31748,19,A
31751,22,D
31752,23,A
31755,26,D
31756,27,A
31757,28,B
31758,29,C
31759,30,D
31760,31,A
31762,33,C
31765,36,B
31766,37,C
31767,38,D
31769,40,B
31771,42,D
31774,45,C
31776,47,A
31777,48,B
31778,49,C
31779,50,D
31780,51,A
31781,52,B
31782,53,C
31784,55,A
31785,56,B
31787,58,D
31788,59,A
31792,63,A
31793,64,B
31794,65,C
31795,66,D
31797,68,B
31798,69,C
31799,70,D
31800,18,A
31801,19,B
31803,21,D
31805,23,B
31807,25,D
31811,29,D
31813,31,B
31814,32,C
31815,33,D
31819,37,D
31823,41,D
31824,42,A
31826,44,C
31827,45,D
31829,47,B
31830,48,C
31831,49,D
31832,50,A
31836,54,A
31837,55,B
31838,56,C
31839,57,D
31840,58,A
31841,59,B
31842,60,C
31843,61,D
31848,66,A
31852,70,A
31853,18,B
31854,19,C
31855,20,D
31857,22,B
31858,23,C
31859,24,D
31860,25,A
31861,26,B
31862,27,C
31865,30,B
31866,31,C
31874,39,C
31875,40,D
31876,41,A
31877,42,B
31878,43,C
31879,44,D
31882,47,C
31883,48,D
31884,49,A
31887,52,D
31888,53,A
31889,54,B
31890,55,C
31894,59,C
31895,60,D
31896,61,A
31900,65,A
31902,67,C
31904,69,A
31905,70,B
31906,18,C
31910,22,C
31915,27,D
31920,32,A
31921,33,B
31922,34,C
31923,35,D
31925,37,B
31927,39,D
31930,42,C
31931,43,D
31933,45,B
31934,46,C
31936,48,A
31937,49,B
31938,50,C
31939,51,D
31940,52,A
31941,53,B
31943,55,D
31944,56,A
31945,57,B
31947,59,D
31948,60,A
31949,61,B
31950,62,C
31951,63,D
31952,64,A
31954,66,C
31955,67,D
31956,68,A
31957,69,B
31958,70,C
31960,19,A
31961,20,B
31963,22,D
31964,23,A
31965,24,B
31967,26,D
31968,27,A
31969,28,B
31971,30,D
31972,31,A
31973,32,B
31974,33,C
31975,34,D
31976,35,A
31977,36,B
31978,37,C
31980,39,A
31983,42,D
31984,43,A
31985,44,B
31986,45,C
31987,46,D
31994,53,C
31995,54,D
31996,55,A
31998,57,C
31999,58,D
32000,59,A
32004,63,A
32006,65,C
32007,66,D
32008,67,A
32009,68,B
32010,69,C
32015,21,D
32016,22,A
32017,23,B
32020,26,A
32023,29,D
32024,30,A
32025,31,B
32027,33,D
32028,34,A
32031,37,D
32033,39,B
32034,40,C
32036,42,A
32038,44,C
32040,46,A
32041,47,B
32043,49,D
32044,50,A
32045,51,B
32046,52,C
32047,53,D
32048,54,A
32051,57,D
32052,58,A
32053,59,B
32055,61,D
32056,62,A
32057,63,B
32058,64,C
32059,65,D
32060,66,A
32061,67,B
32062,68,C
32063,69,D
32064,70,A
32065,18,B
32066,19,C
32068,21,A
32069,22,B
32070,23,C
32071,24,D
32072,25,A
32074,27,C
32075,28,D
32077,30,B
32078,31,C
32081,34,B
32082,35,C
32084,37,A
32086,39,C
32087,40,D
32088,41,A
32089,42,B
32091,44,D
32092,45,A
32093,46,B
32094,47,C
32095,48,D
32096,49,A
32105,58,B
32106,59,C
32109,62,B
32110,63,C
32111,64,D
32113,66,B
32114,67,C
32115,68,D
32116,69,A
32119,19,D
32121,21,B
32123,23,D
32124,24,A
32125,25,B
32126,26,C
32127,27,D
32128,28,A
32129,29,B
32130,30,C
32131,31,D
32132,32,A
32134,34,C
32135,35,D
32136,36,A
32138,38,C
32139,39,D
32140,40,A
32141,41,B
32143,43,D
32144,44,A
32145,45,B
32146,46,C
32148,48,A
32149,49,B
32154,54,C
32155,55,D
32156,56,A
32159,59,D
32162,62,C
32163,63,D
32170,70,C
32171,18,D
32173,20,B
32174,21,C
32177,24,B
32179,26,D
32181,28,B
32182,29,C
32183,30,D
32187,34,D
32188,35,A
32189,36,B
32191,38,D
32192,39,A
32193,40,B
32196,43,A
32201,48,B
32202,49,C
32204,51,A
32206,53,C
32211,58,D
32215,62,D
32216,63,A
32217,64,B
32218,65,C
32219,66,D
32220,67,A
32221,68,B
32222,69,C
32223,70,D
32224,18,A
32225,19,B
32227,21,D
32229,23,B
32232,26,A
32236,30,A
32237,31,B
32240,34,A
32241,35,B
32242,36,C
32243,37,D
32244,38,A
32245,39,B
32246,40,C
32247,41,D
32248,42,A
32249,43,B
32253,47,B
32255,49,D
32256,50,A
32258,52,C
32259,53,D
32261,55,B
32262,56,C
32264,58,A
32265,59,B
32268,62,A
32270,64,C
32274,68,C
32275,69,D
32277,18,B
32278,19,C
32279,20,D
32281,22,B
32283,24,D
32284,25,A
32287,28,D
32289,30,B
32290,31,C
32292,33,A
32293,34,B
32294,35,C
32299,40,D
32305,46,B
32306,47,C
32307,48,D
32308,49,A
32309,50,B
32310,51,C
32312,53,A
32313,54,B
32317,58,B
32320,61,A
32321,62,B
32322,63,C
32323,64,D
32325,66,B
32326,67,C
32328,69,A
32329,70,B
32331,19,D
32333,21,B
32334,22,C
32336,24,A
32337,25,B
32343,31,D
32345,33,B
32346,34,C
32347,35,D
32349,37,B
32350,38,C
32351,39,D
32352,40,A
32356,44,A
32359,47,D
32361,49,B
32362,50,C
32367,55,D
32368,56,A
32373,61,B
32375,63,D
32378,66,C
32379,67,D
32383,18,D
32385,20,B
32386,21,C
32387,22,D
32388,23,A
32389,24,B
32390,25,C
32391,26,D
32392,27,A
32393,28,B
32394,29,C
32395,30,D
32397,32,B
32400,35,A
32401,36,B
32404,39,A
32405,40,B
32406,41,C
32408,43,A
32409,44,B
32411,46,D
32412,47,A
32413,48,B
32414,49,C
32416,51,A
32417,52,B
32422,57,C
32424,59,A
32425,60,B
32428,63,A
32431,66,D
32432,67,A
32434,69,C
32436,18,A
32437,19,B
32438,20,C
32439,21,D
32442,24,C
32443,25,D
32444,26,A
32445,27,B
32447,29,D
32448,30,A
32451,33,D
32452,34,A
32453,35,B
32457,39,B
32460,42,A
32461,43,B
32462,44,C
32463,45,D
32464,46,A
32465,47,B
32466,48,C
32467,49,D
32469,51,B
32473,55,B
32474,56,C
32475,57,D
32479,61,D
32480,62,A
32481,63,B
32482,64,C
32483,65,D
32484,66,A
32485,67,B
32486,68,C
32487,69,D
32488,70,A
32489,18,B
32490,19,C
32491,20,D
32497,26,B
32500,29,A
32502,31,C
32503,32,D
32504,33,A
32505,34,B
32510,39,C
32513,42,B
32515,44,D
32516,45,A
32517,46,B
32521,50,B
32522,51,C
32523,52,D
32526,55,C
32528,57,A
32531,60,D
32533,62,B
32535,64,D
32536,65,A
32540,69,A
32541,70,B
32542,18,C
32543,19,D
32544,20,A
32545,21,B
32547,23,D
32548,24,A
32549,25,B
32550,26,C
32552,28,A
32558,34,C
32559,35,D
32561,37,B
32562,38,C
32563,39,D
32564,40,A
32565,41,B
32566,42,C
32567,43,D
32568,44,A
32569,45,B
32573,49,B
32575,51,D
32576,52,A
32577,53,B
32580,56,A
32581,57,B
32582,58,C
32583,59,D
32584,60,A
32585,61,B
32586,62,C
32588,64,A
32589,65,B
32590,66,C
32591,67,D
32592,68,A
32593,69,B
32594,70,C
32595,18,D
32598,21,C
32602,25,C
32603,26,D
32608,31,A
32612,35,A
32613,36,B
32614,37,C
32617,40,B
32618,41,C
32619,42,D
32620,43,A
32621,44,B
32622,45,C
32623,46,D
32627,50,D
32628,51,A
32629,52,B
32630,53,C
32633,56,B
32635,58,D
32636,59,A
32638,61,C
32639,62,D
32640,63,A
32642,65,C
32643,66,D
32644,67,A
32645,68,B
32646,69,C
32647,70,D
32649,19,B
32650,20,C
32651,21,D
32653,23,B
32654,24,C
32657,27,B
32658,28,C
32659,29,D
32661,31,B
32662,32,C
32663,33,D
32665,35,B
32666,36,C
32669,39,B
32671,41,D
32672,42,A
32674,44,C
32677,47,B
32678,48,C
32679,49,D
32680,50,A
32681,51,B
32682,52,C
32683,53,D
32686,56,C
32688,58,A
32689,59,B
32690,60,C
32691,61,D
32693,63,B
32694,64,C
32697,67,B
32698,68,C
32700,70,A
32703,20,D
32704,21,A
32705,22,B
32707,24,D
32708,25,A
32709,26,B
32710,27,C
32711,28,D
32712,29,A
32715,32,D
32716,33,A
32717,34,B
32718,35,C
32719,36,D
32720,37,A
32723,40,D
32725,42,B
32726,43,C
32727,44,D
32728,45,A
32731,48,D
32732,49,A
32735,52,D
32736,53,A
32737,54,B
32738,55,C
32739,56,D
32740,57,A
32741,58,B
32742,59,C
32753,70,B
32754,18,C
32762,26,C
32763,27,D
32764,28,A
32767,31,D
32768,32,A
32769,33,B
32770,34,C
32774,38,C
32775,39,D
32776,40,A
32778,42,C
32780,44,A
32781,45,B
32782,46,C
32783,47,D
32784,48,A
32785,49,B
32786,50,C
32788,52,A
32789,53,B
32791,55,D
32792,56,A
32793,57,B
32794,58,C
32795,59,D
32796,60,A
32797,61,B
32798,62,C
32799,63,D
32801,65,B
32802,66,C
32803,67,D
32806,70,C
32809,20,B
32812,23,A
32814,25,C
32815,26,D
32816,27,A
32818,29,C
32821,32,B
32822,33,C
32825,36,B
32828,39,A
32829,40,B
32830,41,C
32832,43,A
32833,44,B
32835,46,D
32836,47,A
32837,48,B
32839,50,D
32842,53,C
32844,55,A
32845,56,B
32847,58,D
32848,59,A
32849,60,B
32854,65,C
32855,66,D
32857,68,B
32858,69,C
32860,18,A
32863,21,D
32865,23,B
32868,26,A
32870,28,C
32871,29,D
32874,32,C
32876,34,A
32877,35,B
32878,36,C
32880,38,A
32881,39,B
32883,41,D
32884,42,A
32885,43,B
32888,46,A
32892,50,A
32894,52,C
32895,53,D
32896,54,A
32897,55,B
32898,56,C
32899,57,D
32900,58,A
32901,59,B
32902,60,C
32904,62,A
32907,65,D
32913,18,B
32914,19,C
32915,20,D
32916,21,A
32919,24,D
32920,25,A
32922,27,C
32923,28,D
32924,29,A
32925,30,B
32927,32,D
32930,35,C
32932,37,A
32934,39,C
32937,42,B
32939,44,D
32941,46,B
32944,49,A
32945,50,B
32946,51,C
32947,52,D
32948,53,A
32949,54,B
32951,56,D
32953,58,B
32954,59,C
32956,61,A
32957,62,B
32958,63,C
32960,65,A
32964,69,A
32965,70,B
32966,18,C
32967,19,D
32968,20,A
32970,22,C
32972,24,A
32975,27,D
32976,28,A
32978,30,C
32979,31,D
32981,33,B
32982,34,C
32983,35,D
32984,36,A
32985,37,B
32986,38,C
32988,40,A
32989,41,B
32990,42,C
32991,43,D
32994,46,C
32995,47,D
32996,48,A
32997,49,B
32998,50,C
32999,51,D
33001,53,B
33002,54,C
33003,55,D
33006,58,C
33010,62,C
33012,64,A
33013,65,B
33015,67,D
33016,68,A
33018,70,C
33019,18,D
33022,21,C
33025,24,B
33027,26,D
33028,27,A
33029,28,B
33030,29,C
33031,30,D
33032,31,A
33033,32,B
33034,33,C
33036,35,A
33038,37,C
33039,38,D
33042,41,C
33044,43,A
33045,44,B
33047,46,D
33048,47,A
33049,48,B
33051,50,D
33054,53,C
33055,54,D
33057,56,B
33058,57,C
33059,58,D
33060,59,A
33062,61,C
33063,62,D
33065,64,B
33067,66,D
33069,68,B
33072,18,A
33073,19,B
33074,20,C
33075,21,D
33076,22,A
33077,23,B
33079,25,D
33080,26,A
33081,27,B
33082,28,C
33085,31,B
33086,32,C
33088,34,A
33089,35,B
33090,36,C
33091,37,D
33092,38,A
33093,39,B
33094,40,C
33095,41,D
33096,42,A
33097,43,B
33098,44,C
33099,45,D
33100,46,A
33102,48,C
33103,49,D
33104,50,A
33105,51,B
33106,52,C
33107,53,D
33109,55,B
33110,56,C
33111,57,D
33114,60,C
33115,61,D
33116,62,A
33118,64,C
33119,65,D
33121,67,B
33122,68,C
33124,70,A
33127,20,D
33128,21,A
33129,22,B
33130,23,C
33132,25,A
33135,28,D
33136,29,A
33137,30,B
33138,31,C
33139,32,D
33140,33,A
33142,35,C
33143,36,D
33144,37,A
33145,38,B
33146,39,C
33147,40,D
33148,41,A
33149,42,B
33150,43,C
33151,44,D
33152,45,A
33153,46,B
33154,47,C
33155,48,D
33156,49,A
33157,50,B
33160,53,A
33164,57,A
33165,58,B
33166,59,C
33173,66,B
33174,67,C
33176,69,A
33177,70,B
33178,18,C
33179,19,D
33181,21,B
33186,26,C
33187,27,D
33188,28,A
33190,30,C
33192,32,A
33194,34,C
33195,35,D
33198,38,C
33201,41,B
33203,43,D
33204,44,A
33205,45,B
33209,49,B
33210,50,C
33211,51,D
33212,52,A
33213,53,B
33214,54,C
33215,55,D
33216,56,A
33217,57,B
33219,59,D
33221,61,B
33222,62,C
33226,66,C
33227,67,D
33228,68,A
33229,69,B
33230,70,C
33231,18,D
33233,20,B
33234,21,C
33235,22,D
33236,23,A
33237,24,B
33238,25,C
33239,26,D
33240,27,A
33241,28,B
33245,32,B
33247,34,D
33249,36,B
33251,38,D
33253,40,B
33254,41,C
33255,42,D
33257,44,B
33258,45,C
33260,47,A
33261,48,B
33262,49,C
33266,53,C
33267,54,D
33268,55,A
33269,56,B
33270,57,C
33272,59,A
33273,60,B
33274,61,C
33275,62,D
33277,64,B
33278,65,C
33279,66,D
33281,68,B
33282,69,C
33283,70,D
33284,18,A
33287,21,D
33291,25,D
33292,26,A
33295,29,D
33296,30,A
33297,31,B
33298,32,C
33299,33,D
33300,34,A
33302,36,C
33304,38,A
33305,39,B
33306,40,C
33307,41,D
33308,42,A
33311,45,D
33312,46,A
33313,47,B
33314,48,C
33315,49,D
33317,51,B
33318,52,C
33319,53,D
33320,54,A
33322,56,C
33325,59,B
33326,60,C
33327,61,D
33328,62,A
33332,66,A
33334,68,C
33335,69,D
33336,70,A
33337,18,B
33339,20,D
33340,21,A
33342,23,C
33344,25,A
33346,27,C
33349,30,B
33350,31,C
33353,34,B
33354,35,C
33355,36,D
33357,38,B
33359,40,D
33360,41,A
33361,42,B
33363,44,D
33364,45,A
33366,47,C
33367,48,D
33370,51,C
33374,55,C
33375,56,D
33378,59,C
33380,61,A
33382,63,C
33383,64,D
33387,68,D
33388,69,A
33389,70,B
33390,18,C
33391,19,D
33393,21,B
33395,23,D
33396,24,A
33397,25,B
33398,26,C
33399,27,D
33400,28,A
33402,30,C
33403,31,D
33404,32,A
33405,33,B
33406,34,C
33408,36,A
33410,38,C
33413,41,B
33418,46,C
33419,47,D
33420,48,A
33421,49,B
33425,53,B
33426,54,C
33427,55,D
33428,56,A
33429,57,B
33430,58,C
33431,59,D
33432,60,A
33433,61,B
33435,63,D
33436,64,A
33437,65,B
33438,66,C
33439,67,D
33440,68,A
33441,69,B
33442,70,C
33444,19,A
33445,20,B
33446,21,C
33448,23,A
33449,24,B
33450,25,C
33451,26,D
33453,28,B
33454,29,C
33455,30,D
33456,31,A
33457,32,B
33459,34,D
33460,35,A
33461,36,B
33462,37,C
33465,40,B
33466,41,C
33470,45,C
33473,48,B
33474,49,C
33475,50,D
33476,51,A
33478,53,C
33481,56,B
33483,58,D
33484,59,A
33485,60,B
33488,63,A
33489,64,B
33490,65,C
33491,66,D
33495,70,D
33499,21,D
33500,22,A
33501,23,B
33502,24,C
33503,25,D
33504,26,A
33505,27,B
33506,28,C
33507,29,D
33511,33,D
33512,34,A
33513,35,B
33515,37,D
33517,39,B
33518,40,C
33519,41,D
33520,42,A
33521,43,B
33523,45,D
33528,50,A
33529,51,B
33530,52,C
33531,53,D
33533,55,B
33535,57,D
33536,58,A
33538,60,C
33540,62,A
33541,63,B
33543,65,D
33545,67,B
33548,70,A
33550,19,C
33551,20,D
33552,21,A
33553,22,B
33556,25,A
33559,28,D
33561,30,B
33563,32,D
33564,33,A
33565,34,B
33567,36,D
33570,39,C
33572,41,A
33574,43,C
33575,44,D
33579,48,D
33580,49,A
33581,50,B
33587,56,D
33588,57,A
33589,58,B
33590,59,C
33593,62,B
33595,64,D
33596,65,A
33597,66,B
33598,67,C
33599,68,D
33600,69,A
33603,19,D
33604,20,A
33606,22,C
33607,23,D
33608,24,A
33611,27,D
33613,29,B
33614,30,C
33615,31,D
33616,32,A
33617,33,B
33618,34,C
33619,35,D
33621,37,B
33623,39,D
33624,40,A
33625,41,B
33629,45,B
33630,46,C
33631,47,D
33632,48,A
33634,50,C
33635,51,D
33637,53,B
33638,54,C
33640,56,A
33643,59,D
33644,60,A
33645,61,B
33646,62,C
33647,63,D
33648,64,A
33649,65,B
33651,67,D
33652,68,A
33653,69,B
33654,70,C
33655,18,D
33656,19,A
33658,21,C
33659,22,D
33660,23,A
33662,25,C
33663,26,D
33665,28,B
33668,31,A
33669,32,B
33670,33,C
33671,34,D
33673,36,B
33676,39,A
33678,41,C
33680,43,A
33681,44,B
33684,47,A
33685,48,B
33686,49,C
33687,50,D
33688,51,A
33692,55,A
33694,57,C
33695,58,D
33697,60,B
33699,62,D
33700,63,A
33701,64,B
33704,67,A
33707,70,D
33708,18,A
33709,19,B
33710,20,C
33714,24,C
33715,25,D
33716,26,A
33718,28,C
33720,30,A
33721,31,B
33722,32,C
33723,33,D
33724,34,A
33728,38,A
33729,39,B
33730,40,C
33731,41,D
33733,43,B
33736,46,A
33737,47,B
33739,49,D
33740,50,A
33741,51,B
33742,52,C
33744,54,A
33745,55,B
33746,56,C
33750,60,C
33752,62,A
33753,63,B
33755,65,D
33756,66,A
33757,67,B
33758,68,C
33759,69,D
33761,18,B
33764,21,A
33765,22,B
33766,23,C
33767,24,D
33768,25,A
33769,26,B
33771,28,D
33773,30,B
33774,31,C
33775,32,D
33776,33,A
33777,34,B
33781,38,B
33783,40,D
33786,43,C
33789,46,B
33791,48,D
33794,51,C
33795,52,D
33796,53,A
33797,54,B
33799,56,D
33801,58,B
33805,62,B
33807,64,D
33808,65,A
33809,66,B
33810,67,C
33811,68,D
33814,18,C
33816,20,A
33817,21,B
33818,22,C
33819,23,D
33821,25,B
33825,29,B
33826,30,C
33827,31,D
33828,32,A
33830,34,C
33831,35,D
33835,39,D
33836,40,A
33837,41,B
33838,42,C
33839,43,D
33840,44,A
33846,50,C
33848,52,A
33849,53,B
33850,54,C
33851,55,D
33852,56,A
33853,57,B
33854,58,C
33855,59,D
33856,60,A
33857,61,B
33858,62,C
33859,63,D
33860,64,A
33861,65,B
33862,66,C
33864,68,A
33865,69,B
33866,70,C
33867,18,D
33870,21,C
33873,24,B
33874,25,C
33875,26,D
33878,29,C
33880,31,A
33886,37,C
33887,38,D
33889,40,B
33890,41,C
33892,43,A
33893,44,B
33895,46,D
33897,48,B
33899,50,D
33900,51,A
33901,52,B
33904,55,A
33906,57,C
33907,58,D
33911,62,D
33922,20,C
33923,21,D
33924,22,A
33925,23,B
33927,25,D
33931,29,D
33932,30,A
33934,32,C
33936,34,A
33938,36,C
33941,39,B
33943,41,D
33947,45,D
33948,46,A
33949,47,B
33951,49,D
33953,51,B
33954,52,C
33955,53,D
33956,54,A
33957,55,B
33960,58,A
33961,59,B
33962,60,C
33963,61,D
33965,63,B
33969,67,B
33970,68,C
33976,21,A
33977,22,B
33979,24,D
33980,25,A
33981,26,B
33982,27,C
33983,28,D
33985,30,B
33986,31,C
33987,32,D
33988,33,A
33989,34,B
33991,36,D
33992,37,A
33993,38,B
33995,40,D
33996,41,A
33997,42,B
34000,45,A
34003,48,D
34004,49,A
34006,51,C
34007,52,D
34011,56,D
34016,61,A
34017,62,B
34019,64,D
34020,65,A
34021,66,B
34022,67,C
34023,68,D
34024,69,A
34025,70,B
34028,20,A
34030,22,C
34031,23,D
34032,24,A
34033,25,B
34034,26,C
34036,28,A
34038,30,C
34039,31,D
34040,32,A
34041,33,B
34042,34,C
34043,35,D
34044,36,A
34045,37,B
34046,38,C
34047,39,D
34049,41,B
34050,42,C
34051,43,D
34053,45,B
34056,48,A
34058,50,C
34060,52,A
34061,53,B
34064,56,A
34069,61,B
34070,62,C
34074,66,C
34075,67,D
34076,68,A
34078,70,C
34079,18,D
34080,19,A
34081,20,B
34082,21,C
34083,22,D
34084,23,A
34086,25,C
34087,26,D
34088,27,A
34089,28,B
34090,29,C
34091,30,D
34092,31,A
34093,32,B
34094,33,C
34095,34,D
34096,35,A
34097,36,B
34098,37,C
34099,38,D
34101,40,B
34102,41,C
34103,42,D
34105,44,B
34106,45,C
34108,47,A
34109,48,B
34113,52,B
34114,53,C
34115,54,D
34116,55,A
34117,56,B
34118,57,C
34121,60,B
34122,61,C
34123,62,D
34126,65,C
34127,66,D
34128,67,A
34129,68,B
34130,69,C
34131,70,D
34132,18,A
34133,19,B
34136,22,A
34137,23,B
34138,24,C
34139,25,D
34140,26,A
34141,27,B
34142,28,C
34143,29,D
34144,30,A
34145,31,B
34146,32,C
34147,33,D
34148,34,A
34149,35,B
34150,36,C
34151,37,D
34152,38,A
34155,41,D
34157,43,B
34159,45,D
34165,51,B
34168,54,A
34172,58,A
34175,61,D
34179,65,D
34180,66,A
34182,68,C
34185,18,B
34186,19,C
34187,20,D
34188,21,A
34191,24,D
34192,25,A
34193,26,B
34194,27,C
34196,29,A
34197,30,B
34198,31,C
34200,33,A
34202,35,C
34203,36,D
34205,38,B
34206,39,C
34208,41,A
34210,43,C
34211,44,D
34212,45,A
34213,46,B
34214,47,C
34215,48,D
34216,49,A
34217,50,B
34219,52,D
34220,53,A
34222,55,C
34223,56,D
34225,58,B
34226,59,C
34227,60,D
34228,61,A
34229,62,B
34231,64,D
34232,65,A
34239,19,D
34240,20,A
34243,23,D
34245,25,B
34247,27,D
34248,28,A
34252,32,A
34254,34,C
34258,38,C
34259,39,D
34260,40,A
34264,44,A
34265,45,B
34268,48,A
34269,49,B
34274,54,C
34275,55,D
34277,57,B
34278,58,C
34279,59,D
34281,61,B
34283,63,D
34284,64,A
34285,65,B
34286,66,C
34288,68,A
34289,69,B
34290,70,C
34292,19,A
34293,20,B
34294,21,C
34295,22,D
34297,24,B
34298,25,C
34299,26,D
34300,27,A
34303,30,D
34310,37,C
34311,38,D
34316,43,A
34320,47,A
34322,49,C
34323,50,D
34324,51,A
34327,54,D
34328,55,A
34329,56,B
34331,58,D
34332,59,A
34334,61,C
34335,62,D
34336,63,A
34337,64,B
34342,69,C
34343,70,D
34344,18,A
34345,19,B
34347,21,D
34348,22,A
34350,24,C
34354,28,C
34356,30,A
34357,31,B
34359,33,D
34360,34,A
34362,36,C
34366,40,C
34367,41,D
34369,43,B
34371,45,D
34373,47,B
34374,48,C
34376,50,A
34377,51,B
34379,53,D
34381,55,B
34383,57,D
34384,58,A
34385,59,B
34386,60,C
34390,64,C
34394,68,C
34395,69,D
34396,70,A
34398,19,C
34402,23,C
34404,25,A
34405,26,B
34406,27,C
34407,28,D
34408,29,A
34409,30,B
34412,33,A
34413,34,B
34415,36,D
34418,39,C
34419,40,D
34420,41,A
34422,43,C
34423,44,D
34425,46,B
34426,47,C
34427,48,D
34428,49,A
34429,50,B
34430,51,C
34431,52,D
34436,57,A
34437,58,B
34440,61,A
34441,62,B
34443,64,D
34446,67,C
34447,68,D
34450,18,C
34451,19,D
34453,21,B
34457,25,B
34458,26,C
34460,28,A
34462,30,C
34463,31,D
34464,32,A
34465,33,B
34466,34,C
34469,37,B
34470,38,C
34471,39,D
34472,40,A
34473,41,B
34474,42,C
34477,45,B
34481,49,B
34482,50,C
34483,51,D
34484,52,A
34486,54,C
34491,59,D
34492,60,A
34493,61,B
34495,63,D
34497,65,B
34498,66,C
34500,68,A
34502,70,C
34505,20,B
34507,22,D
34508,23,A
34511,26,D
34512,27,A
34515,30,D
34517,32,B
34518,33,C
34519,34,D
34520,35,A
34521,36,B
34523,38,D
34527,42,D
34530,45,C
34535,50,D
34539,54,D
34544,59,A
34545,60,B
34546,61,C
34548,63,A
34549,64,B
34551,66,D
34555,70,D
34556,18,A
34559,21,D
34560,22,A
34562,24,C
34564,26,A
34569,31,B
34570,32,C
34571,33,D
34572,34,A
34574,36,C
34575,37,D
34577,39,B
34578,40,C
34580,42,A
34582,44,C
34584,46,A
34586,48,C
34588,50,A
34589,51,B
34590,52,C
34594,56,C
34595,57,D
34597,59,B
34600,62,A
34602,64,C
34603,65,D
34604,66,A
34605,67,B
34606,68,C
34608,70,A
34610,19,C
34612,21,A
34614,23,C
34615,24,D
34618,27,C
34619,28,D
34620,29,A
34621,30,B
34622,31,C
34623,32,D
34624,33,A
34629,38,B
34632,41,A
34634,43,C
34635,44,D
34636,45,A
34638,47,C
34640,49,A
34641,50,B
34642,51,C
34643,52,D
34647,56,D
34648,57,A
34650,59,C
34653,62,B
34658,67,C
34659,68,D
34660,69,A
34661,70,B
34667,23,D
34670,26,C
34671,27,D
34672,28,A
34673,29,B
34674,30,C
34677,33,B
34681,37,B
34682,38,C
34685,41,B
34687,43,D
34688,44,A
34690,46,C
34691,47,D
34692,48,A
34693,49,B
34694,50,C
34696,52,A
34697,53,B
34698,54,C
34700,56,A
34702,58,C
34704,60,A
34709,65,B
34710,66,C
34711,67,D
34714,70,C
34716,19,A
34717,20,B
34719,22,D
34721,24,B
34722,25,C
34724,27,A
34728,31,A
34729,32,B
34732,35,A
34733,36,B
34734,37,C
34735,38,D
34736,39,A
34737,40,B
34740,43,A
34741,44,B
34742,45,C
34744,47,A
34746,49,C
34748,51,A
34749,52,B
34750,53,C
34752,55,A
34755,58,D
34758,61,C
34759,62,D
34760,63,A
34761,64,B
34762,65,C
34763,66,D
34768,18,A
34769,19,B
34772,22,A
34773,23,B
34780,30,A
34781,31,B
34782,32,C
34783,33,D
34784,34,A
34786,36,C
34788,38,A
34789,39,B
34790,40,C
34793,43,B
34794,44,C
34795,45,D
34796,46,A
34797,47,B
34799,49,D
34802,52,C
34804,54,A
34806,56,C
34807,57,D
34808,58,A
34809,59,B
34811,61,D
34812,62,A
34813,63,B
34814,64,C
34815,65,D
34819,69,D
34820,70,A
34823,20,D
34824,21,A
34830,27,C
34832,29,A
34834,31,C
34835,32,D
34838,35,C
34840,37,A
34846,43,C
34848,45,A
34849,46,B
34850,47,C
34851,48,D
34852,49,A
34855,52,D
34860,57,A
34861,58,B
34866,63,C
34868,65,A
34869,66,B
34870,67,C
34871,68,D
34872,69,A
34874,18,C
34876,20,A
34877,21,B
34880,24,A
34881,25,B
34883,27,D
34886,30,C
34887,31,D
34888,32,A
34889,33,B
34891,35,D
34892,36,A
34893,37,B
34894,38,C
34896,40,A
34900,44,A
34901,45,B
34902,46,C
34903,47,D
34904,48,A
34905,49,B
34906,50,C
34908,52,A
34909,53,B
34910,54,C
34914,58,C
34916,60,A
34918,62,C
34919,63,D
34920,64,A
34925,69,B
34927,18,D
34930,21,C
34931,22,D
34932,23,A
34933,24,B
34934,25,C
34935,26,D
34938,29,C
34939,30,D
34943,34,D
34944,35,A
34948,39,A
34952,43,A
34954,45,C
34955,46,D
34956,47,A
34961,52,B
34963,54,D
34964,55,A
34966,57,C
34971,62,D
34972,63,A
34977,68,B
34981,19,B
34982,20,C
34986,24,C
34989,27,B
34990,28,C
34991,29,D
34993,31,B
34998,36,C
35001,39,B
35003,41,D
35004,42,A
35006,44,C
35010,48,C
35011,49,D
35012,50,A
35013,51,B
35014,52,C
35015,53,D
35016,54,A
35017,55,B
35019,57,D
35020,58,A
35021,59,B
35022,60,C
35023,61,D
35024,62,A
35025,63,B
35026,64,C
35028,66,A
35029,67,B
35030,68,C
35031,69,D
35032,70,A
35033,18,B
35039,24,D
35040,25,A
35042,27,C
35045,30,B
35046,31,C
35048,33,A
35050,35,C
35051,36,D
35053,38,B
35054,39,C
35055,40,D
35056,41,A
35059,44,D
35063,48,D
35064,49,A
35067,52,D
35068,53,A
35070,55,C
35071,56,D
35075,60,D
35076,61,A
35077,62,B
35079,64,D
35080,65,A
35082,67,C
35085,70,B
35086,18,C
35087,19,D
35088,20,A
35091,23,D
35092,24,A
35093,25,B
35094,26,C
35096,28,A
35097,29,B
35098,30,C
35100,32,A
35103,35,D
35105,37,B
35106,38,C
35107,39,D
35108,40,A
35109,41,B
35110,42,C
35111,43,D
35113,45,B
35115,47,D
35116,48,A
35118,50,C
35120,52,A
35121,53,B
35124,56,A
35125,57,B
35126,58,C
35127,59,D
35131,63,D
35133,65,B
35136,68,A
35138,70,C
35140,19,A
35148,27,A
35149,28,B
35150,29,C
35152,31,A
35153,32,B
35155,34,D
35157,36,B
35159,38,D
35161,40,B
35163,42,D
35164,43,A
35165,44,B
35167,46,D
35170,49,C
35172,51,A
35173,52,B
35175,54,D
35179,58,D
35181,60,B
35182,61,C
35184,63,A
35187,66,D
35188,67,A
35189,68,B
35192,18,A
35193,19,B
35194,20,C
35195,21,D
35196,22,A
35197,23,B
35198,24,C
35199,25,D
35201,27,B
35202,28,C
35203,29,D
35208,34,A
35210,36,C
35211,37,D
35212,38,A
35213,39,B
35215,41,D
35216,42,A
35218,44,C
35219,45,D
35221,47,B
35222,48,C
35224,50,A
35225,51,B
35231,57,D
35233,59,B
35235,61,D
35237,63,B
35238,64,C
35239,65,D
35241,67,B
35246,19,C
35249,22,B
35251,24,D
35253,26,B
35255,28,D
35256,29,A
35257,30,B
35258,31,C
35262,35,C
35263,36,D
35264,37,A
35265,38,B
35267,40,D
35270,43,C
35272,45,A
35273,46,B
35274,47,C
35276,49,A
35279,52,D
35282,55,C
35283,56,D
35285,58,B
35286,59,C
35292,65,A
35293,66,B
35294,67,C
35297,70,B
35298,18,C
35299,19,D
35300,20,A
35304,24,A
35305,25,B
35306,26,C
35307,27,D
35308,28,A
35309,29,B
35310,30,C
35311,31,D
35312,32,A
35316,36,A
35317,37,B
35319,39,D
35321,41,B
35322,42,C
35323,43,D
35324,44,A
35325,45,B
35326,46,C
35330,50,C
35331,51,D
35332,52,A
35333,53,B
35336,56,A
35337,57,B
35338,58,C
35339,59,D
35340,60,A
35341,61,B
35342,62,C
35343,63,D
35346,66,C
35350,70,C
35353,20,B
35354,21,C
35355,22,D
35357,24,B
35358,25,C
35359,26,D
35360,27,A
35362,29,C
35363,30,D
35365,32,B
35366,33,C
35368,35,A
35373,40,B
35374,41,C
35376,43,A
35378,45,C
35380,47,A
35383,50,D
35388,55,A
35389,56,B
35390,57,C
35391,58,D
35392,59,A
35395,62,D
35396,63,A
35398,65,C
35401,68,B
35402,69,C
35403,70,D
35404,18,A
35405,19,B
35406,20,C
35407,21,D
35408,22,A
35410,24,C
35411,25,D
35412,26,A
35417,31,B
35418,32,C
35419,33,D
35420,34,A
35422,36,C
35423,37,D
35424,38,A
35425,39,B
35426,40,C
35427,41,D
35430,44,C
35431,45,D
35433,47,B
35435,49,D
35437,51,B
35438,52,C
35439,53,D
35440,54,A
35442,56,C
35443,57,D
35445,59,B
35446,60,C
35448,62,A
35452,66,A
35453,67,B
35454,68,C
35455,69,D
35459,20,D
35461,22,B
35464,25,A
35471,32,D
35472,33,A
35475,36,D
35476,37,A
35479,40,D
35482,43,C
35483,44,D
35484,45,A
35485,46,B
35486,47,C
35488,49,A
35489,50,B
35490,51,C
35491,52,D
35492,53,A
35493,54,B
35494,55,C
35496,57,A
35497,58,B
35498,59,C
35499,60,D
35500,61,A
35502,63,C
35503,64,D
35504,65,A
35505,66,B
35506,67,C
35508,69,A
35509,70,B
35510,18,C
35512,20,A
35514,22,C
35515,23,D
35516,24,A
35517,25,B
35518,26,C
35520,28,A
35522,30,C
35524,32,A
35527,35,D
35528,36,A
35529,37,B
35532,40,A
35537,45,B
35538,46,C
35539,47,D
35540,48,A
35544,52,A
35545,53,B
35549,57,B
35550,58,C
35554,62,C
35556,64,A
35557,65,B
35558,66,C
35559,67,D
35560,68,A
35561,69,B
35562,70,C
35563,18,D
35564,19,A
35565,20,B
35570,25,C
35572,27,A
35573,28,B
35576,31,A
35577,32,B
35578,33,C
35579,34,D
35580,35,A
35582,37,C
35584,39,A
35586,41,C
35593,48,B
35594,49,C
35596,51,A
35597,52,B
35598,53,C
35599,54,D
35601,56,B
35602,57,C
35603,58,D
35604,59,A
35605,60,B
35607,62,D
35610,65,C
35611,66,D
35612,67,A
35620,22,A
35621,23,B
35625,27,B
35626,28,C
35628,30,A
35629,31,B
35631,33,D
35636,38,A
35637,39,B
35641,43,B
35642,44,C
35643,45,D
35644,46,A
35645,47,B
35648,50,A
35649,51,B
35650,52,C
35651,53,D
35653,55,B
35654,56,C
35658,60,C
35659,61,D
35662,64,C
35663,65,D
35665,67,B
35666,68,C
35667,69,D
35668,70,A
35672,21,A
35675,24,D
35678,27,C
35683,32,D
35684,33,A
35685,34,B
35686,35,C
35689,38,B
35691,40,D
35692,41,A
35696,45,A
35697,46,B
35704,53,A
35705,54,B
35706,55,C
35707,56,D
35708,57,A
35711,60,D
35712,61,A
35713,62,B
35714,63,C
35716,65,A
35717,66,B
35718,67,C
35723,19,D
35724,20,A
35730,26,C
35731,27,D
35732,28,A
35736,32,A
35737,33,B
35738,34,C
35739,35,D
35740,36,A
35741,37,B
35742,38,C
35744,40,A
35746,42,C
35748,44,A
35749,45,B
35750,46,C
35752,48,A
35754,50,C
35756,52,A
35757,53,B
35758,54,C
35760,56,A
35761,57,B
35762,58,C
35763,59,D
35764,60,A
35766,62,C
35767,63,D
35769,65,B
35770,66,C
35771,67,D
35772,68,A
35773,69,B
35775,18,D
35778,21,C
35781,24,B
35783,26,D
35787,30,D
35790,33,C
35791,34,D
35793,36,B
35795,38,D
35796,39,A
35798,41,C
35801,44,B
35803,46,D
35809,52,B
35810,53,C
35812,55,A
35813,56,B
35814,57,C
35815,58,D
35819,62,D
35820,63,A
35823,66,D
35825,68,B
35826,69,C
35830,20,C
35832,22,A
35834,24,C
35837,27,B
35839,29,D
35841,31,B
35843,33,D
35844,34,A
35851,41,D
35852,42,A
35853,43,B
35854,44,C
35856,46,A
35859,49,D
35860,50,A
35862,52,C
35863,53,D
35864,54,A
35865,55,B
35868,58,A
35870,60,C
35872,62,A
35873,63,B
35874,64,C
35876,66,A
35880,70,A
35881,18,B
35882,19,C
35883,20,D
35884,21,A
35888,25,A
35889,26,B
35890,27,C
35891,28,D
35893,30,B
35895,32,D
35896,33,A
35897,34,B
35899,36,D
35900,37,A
35903,40,D
35904,41,A
35905,42,B
35906,43,C
35907,44,D
35908,45,A
35909,46,B
35910,47,C
35911,48,D
35915,52,D
35916,53,A
35918,55,C
35922,59,C
35923,60,D
35925,62,B
35926,63,C
35929,66,B
35932,69,A
35934,18,C
35936,20,A
35939,23,D
35943,27,D
35944,28,A
35945,29,B
35947,31,D
35949,33,B
35955,39,D
35961,45,B
35963,47,D
35965,49,B
35967,51,D
35969,53,B
35970,54,C
35971,55,D
35972,56,A
35973,57,B
35975,59,D
35976,60,A
35978,62,C
35982,66,C
35987,18,D
35989,20,B
35991,22,D
35992,23,A
36001,32,B
36005,36,B
36007,38,D
36009,40,B
36010,41,C
36013,44,B
36014,45,C
36017,48,B
36018,49,C
36021,52,B
36023,54,D
36028,59,A
36029,60,B
36037,68,B
36043,21,D
36044,22,A
36045,23,B
36048,26,A
36051,29,D
36052,30,A
36053,31,B
36054,32,C
36055,33,D
36056,34,A
36058,36,C
36059,37,D
36060,38,A
36061,39,B
36064,42,A
36065,43,B
36068,46,A
36071,49,D
36072,50,A
36074,52,C
36077,55,B
36078,56,C
36079,57,D
36080,58,A
36081,59,B
36082,60,C
36086,64,C
36087,65,D
36088,66,A
36089,67,B
36092,70,A
36094,19,C
36095,20,D
36096,21,A
36097,22,B
36098,23,C
36099,24,D
36101,26,B
36103,28,D
36105,30,B
36107,32,D
36108,33,A
36109,34,B
36110,35,C
36112,37,A
36118,43,C
36120,45,A
36124,49,A
36127,52,D
36129,54,B
36131,56,D
36132,57,A
36135,60,D
36136,61,A
36140,65,A
36141,66,B
36142,67,C
36144,69,A
36146,18,C
36147,19,D
36148,20,A
36150,22,C
36151,23,D
36152,24,A
36153,25,B
36154,26,C
36156,28,A
36158,30,C
36160,32,A
36161,33,B
36163,35,D
36165,37,B
36166,38,C
36167,39,D
36168,40,A
36170,42,C
36171,43,D
36172,44,A
36174,46,C
36176,48,A
36179,51,D
36182,54,C
36185,57,B
36186,58,C
36187,59,D
36188,60,A
36190,62,C
36191,63,D
36193,65,B
36194,66,C
36195,67,D
36196,68,A
36197,69,B
36198,70,C
36199,18,D
36205,24,B
36206,25,C
36207,26,D
36211,30,D
36213,32,B
36214,33,C
36215,34,D
36219,38,D
36220,39,A
36223,42,D
36227,46,D
36228,47,A
36229,48,B
36230,49,C
36232,51,A
36233,52,B
36234,53,C
36235,54,D
36236,55,A
36238,57,C
36239,58,D
36240,59,A
36243,62,D
36245,64,B
36246,65,C
36247,66,D
36248,67,A
36252,18,A
36253,19,B
36254,20,C
36257,23,B
36264,30,A
36265,31,B
36266,32,C
36267,33,D
36272,38,A
36273,39,B
36275,41,D
36276,42,A
36277,43,B
36278,44,C
36282,48,C
36283,49,D
36284,50,A
36286,52,C
36287,53,D
36289,55,B
36290,56,C
36291,57,D
36292,58,A
36294,60,C
36295,61,D
36299,65,D
36302,68,C
36303,69,D
36306,19,C
36308,21,A
36309,22,B
36310,23,C
36311,24,D
36312,25,A
36314,27,C
36315,28,D
36316,29,A
36317,30,B
36319,32,D
36321,34,B
36322,35,C
36327,40,D
36331,44,D
36333,46,B
36335,48,D
36336,49,A
36338,51,C
36339,52,D
36341,54,B
36342,55,C
36345,58,B
36347,60,D
36350,63,C
36354,67,C
36355,68,D
36356,69,A
36358,18,C
36359,19,D
36361,21,B
36363,23,D
36366,26,C
36369,29,B
36372,32,A
36373,33,B
36379,39,D
36380,40,A
36381,41,B
36382,42,C
36383,43,D
36387,47,D
36388,48,A
36389,49,B
36390,50,C
36391,51,D
36396,56,A
36397,57,B
36398,58,C
36399,59,D
36400,60,A
36401,61,B
36402,62,C
36403,63,D
36406,66,C
36409,69,B
36411,18,D
36412,19,A
36417,24,B
36418,25,C
36419,26,D
36420,27,A
36422,29,C
36425,32,B
36426,33,C
36427,34,D
36429,36,B
36430,37,C
36431,38,D
36432,39,A
36440,47,A
36441,48,B
36442,49,C
36444,51,A
36445,52,B
36446,53,C
36447,54,D
36448,55,A
36450,57,C
36451,58,D
36452,59,A
36456,63,A
36459,66,D
36460,67,A
36462,69,C
36467,21,D
36468,22,A
36469,23,B
36470,24,C
36472,26,A
36473,27,B
36474,28,C
36475,29,D
36476,30,A
36478,32,C
36480,34,A
36481,35,B
36482,36,C
36484,38,A
36486,40,C
36488,42,A
36489,43,B
36493,47,B
36495,49,D
36498,52,C
36499,53,D
36502,56,C
36503,57,D
36504,58,A
36513,67,B
36514,68,C
36516,70,A
36518,19,C
36519,20,D
36521,22,B
36522,23,C
36523,24,D
36524,25,A
36526,27,C
36527,28,D
36528,29,A
36529,30,B
36532,33,A
36534,35,C
36536,37,A
36537,38,B
36538,39,C
36539,40,D
36541,42,B
36545,46,B
36547,48,D
36548,49,A
36549,50,B
36550,51,C
36553,54,B
36555,56,D
36557,58,B
36559,60,D
36560,61,A
36561,62,B
36562,63,C
36570,18,C
36572,20,A
36573,21,B
36575,23,D
36576,24,A
36578,26,C
36582,30,C
36584,32,A
36585,33,B
36586,34,C
36588,36,A
36589,37,B
36592,40,A
36593,41,B
36594,42,C
36595,43,D
36601,49,B
36602,50,C
36603,51,D
36604,52,A
36605,53,B
36607,55,D
36608,56,A
36610,58,C
36613,61,B
36615,63,D
36616,64,A
36617,65,B
36621,69,B
36625,20,B
36626,21,C
36627,22,D
36629,24,B
36630,25,C
36631,26,D
36632,27,A
36633,28,B
36634,29,C
36636,31,A
36638,33,C
36644,39,A
36645,40,B
36646,41,C
36647,42,D
36653,48,B
36656,51,A
36657,52,B
36658,53,C
36659,54,D
36661,56,B
36662,57,C
36663,58,D
36664,59,A
36665,60,B
36666,61,C
36668,63,A
36669,64,B
36676,18,A
36677,19,B
36683,25,D
36684,26,A
36685,27,B
36687,29,D
36688,30,A
36690,32,C
36691,33,D
36692,34,A
36694,36,C
36702,44,C
36707,49,D
36712,54,A
36713,55,B
36714,56,C
36718,60,C
36720,62,A
36721,63,B
36722,64,C
36724,66,A
36727,69,D
36729,18,B
36731,20,D
36733,22,B
36744,33,A
36750,39,C
36753,42,B
36756,45,A
36759,48,D
36760,49,A
36763,52,D
36766,55,C
36771,60,D
36779,68,D
36781,70,B
36783,19,D
36784,20,A
36786,22,C
36787,23,D
36789,25,B
36791,27,D
36793,29,B
36794,30,C
36795,31,D
36805,41,B
36806,42,C
36808,44,A
36810,46,C
36815,51,D
36816,52,A
36819,55,D
36820,56,A
36821,57,B
36822,58,C
36826,62,C
36828,64,A
36830,66,C
36832,68,A
36833,69,B
36839,22,D
36840,23,A
36845,28,B
36846,29,C
36847,30,D
36849,32,B
36850,33,C
36851,34,D
36853,36,B
36854,37,C
36855,38,D
36857,40,B
36858,41,C
36859,42,D
36861,44,B
36862,45,C
36863,46,D
36864,47,A
36866,49,C
36869,52,B
36871,54,D
36874,57,C
36875,58,D
36876,59,A
36877,60,B
36878,61,C
36879,62,D
36881,64,B
36882,65,C
36883,66,D
36886,69,C
36887,70,D
36888,18,A
36893,23,B
36895,25,D
36896,26,A
36897,27,B
36898,28,C
36899,29,D
36900,30,A
36903,33,D
36904,34,A
36913,43,B
36917,47,B
36920,50,A
36922,52,C
36924,54,A
36926,56,C
36927,57,D
36929,59,B
36930,60,C
36931,61,D
36934,64,C
36935,65,D
36937,67,B
36938,68,C
36939,69,D
36940,70,A
36941,18,B
36944,21,A
36946,23,C
36948,25,A
36949,26,B
36952,29,A
36954,31,C
36956,33,A
36957,34,B
36958,35,C
36960,37,A
36963,40,D
36964,41,A
36967,44,D
36968,45,A
36969,46,B
36971,48,D
36972,49,A
36973,50,B
36974,51,C
36978,55,C
36979,56,D
36980,57,A
36981,58,B
36982,59,C
36984,61,A
36987,64,D
36988,65,A
36992,69,A
36994,18,C
36997,21,B
36998,22,C
36999,23,D
37001,25,B
37002,26,C
37003,27,D
37006,30,C
37008,32,A
37009,33,B
37011,35,D
37013,37,B
37014,38,C
37016,40,A
37017,41,B
37021,45,B
37022,46,C
37023,47,D
37026,50,C
37028,52,A
37035,59,D
37036,60,A
37037,61,B
37039,63,D
37040,64,A
37042,66,C
37043,67,D
37045,69,B
37046,70,C
37047,18,D
37048,19,A
37049,20,B
37054,25,C
37056,27,A
37058,29,C
37060,31,A
37061,32,B
37062,33,C
37066,37,C
37067,38,D
37069,40,B
37070,41,C
37071,42,D
37072,43,A
37073,44,B
37074,45,C
37077,48,B
37078,49,C
37080,51,A
37081,52,B
37085,56,B
37086,57,C
37091,62,D
37092,63,A
37095,66,D
37096,67,A
37097,68,B
37098,69,C
37099,70,D
37101,19,B
37104,22,A
37106,24,C
37109,27,B
37110,28,C
37111,29,D
37112,30,A
37113,31,B
37116,34,A
37117,35,B
37118,36,C
37120,38,A
37131,49,D
37132,50,A
37133,51,B
37134,52,C
37135,53,D
37136,54,A
37138,56,C
37140,58,A
37141,59,B
37143,61,D
37144,62,A
37145,63,B
37146,64,C
37147,65,D
37148,66,A
37149,67,B
37152,70,A
37153,18,B
37154,19,C
37156,21,A
37158,23,C
37159,24,D
37160,25,A
37162,27,C
37163,28,D
37165,30,B
37166,31,C
37168,33,A
37169,34,B
37172,37,A
37176,41,A
37179,44,D
37181,46,B
37182,47,C
37189,54,B
37190,55,C
37192,57,A
37197,62,B
37198,63,C
37203,68,D
37210,22,C
37215,27,D
37220,32,A
37222,34,C
37225,37,B
37226,38,C
37227,39,D
37228,40,A
37230,42,C
37237,49,B
37238,50,C
37239,51,D
37242,54,C
37243,55,D
37244,56,A
37249,61,B
37250,62,C
37253,65,B
37255,67,D
37262,21,C
37265,24,B
37267,26,D
37269,28,B
37275,34,D
37277,36,B
37279,38,D
37280,39,A
37281,40,B
37283,42,D
37285,44,B
37289,48,B
37290,49,C
37292,51,A
37293,52,B
37298,57,C
37300,59,A
37301,60,B
37308,67,A
37311,70,D
37315,21,D
37316,22,A
37319,25,D
37320,26,A
37321,27,B
37323,29,D
37326,32,C
37327,33,D
37329,35,B
37332,38,A
37339,45,D
37341,47,B
37344,50,A
37345,51,B
37346,52,C
37347,53,D
37351,57,D
37352,58,A
37353,59,B
37356,62,A
37357,63,B
37359,65,D
37361,67,B
37362,68,C
37365,18,B
37373,26,B
37375,28,D
37377,30,B
37378,31,C
37382,35,C
37384,37,A
37385,38,B
37386,39,C
37389,42,B
37390,43,C
37391,44,D
37393,46,B
37395,48,D
37398,51,C
37402,55,C
37404,57,A
37405,58,B
37407,60,D
37409,62,B
37410,63,C
37411,64,D
37412,65,A
37413,66,B
37414,67,C
37416,69,A
37417,70,B
37418,18,C
37419,19,D
37422,22,C
37424,24,A
37425,25,B
37427,27,D
37428,28,A
37430,30,C
37436,36,A
37438,38,C
37439,39,D
37441,41,B
37442,42,C
37447,47,D
37450,50,C
37451,51,D
37454,54,C
37455,55,D
37456,56,A
37457,57,B
37458,58,C
37460,60,A
37462,62,C
37463,63,D
37464,64,A
37466,66,C
37468,68,A
37470,70,C
37473,20,B
37474,21,C
37475,22,D
37476,23,A
37477,24,B
37479,26,D
37480,27,A
37481,28,B
37483,30,D
37485,32,B
37486,33,C
37487,34,D
37489,36,B
37491,38,D
37492,39,A
37493,40,B
37494,41,C
37496,43,A
37497,44,B
37501,48,B
37504,51,A
37506,53,C
37507,54,D
37511,58,D
37512,59,A
37515,62,D
37516,63,A
37518,65,C
37519,66,D
37521,68,B
37523,70,D
37526,20,C
37527,21,D
37528,22,A
37529,23,B
37530,24,C
37532,26,A
37533,27,B
37536,30,A
37537,31,B
37538,32,C
37539,33,D
37540,34,A
37542,36,C
37543,37,D
37544,38,A
37547,41,D
37548,42,A
37549,43,B
37551,45,D
37552,46,A
37553,47,B
37555,49,D
37557,51,B
37558,52,C
37559,53,D
37560,54,A
37561,55,B
37562,56,C
37563,57,D
37565,59,B
37567,61,D
37570,64,C
37571,65,D
37572,66,A
37574,68,C
37579,20,D
37580,21,A
37581,22,B
37582,23,C
37584,25,A
37586,27,C
37587,28,D
37588,29,A
37589,30,B
37590,31,C
37591,32,D
37592,33,A
37593,34,B
37599,40,D
37600,41,A
37603,44,D
37604,45,A
37607,48,D
37610,51,C
37611,52,D
37612,53,A
37613,54,B
37615,56,D
37617,58,B
37618,59,C
37624,65,A
37625,66,B
37626,67,C
37627,68,D
37629,70,B
37630,18,C
37632,20,A
37634,22,C
37635,23,D
37637,25,B
37639,27,D
37640,28,A
37641,29,B
37642,30,C
37648,36,A
37650,38,C
37651,39,D
37652,40,A
37654,42,C
37655,43,D
37656,44,A
37660,48,A
37661,49,B
37665,53,B
37666,54,C
37668,56,A
37669,57,B
37670,58,C
37671,59,D
37672,60,A
37676,64,A
37677,65,B
37678,66,C
37679,67,D
37681,69,B
37682,70,C
37684,19,A
37691,26,D
37692,27,A
37693,28,B
37694,29,C
37695,30,D
37697,32,B
37699,34,D
37701,36,B
37704,39,A
37708,43,A
37709,44,B
37712,47,A
37716,51,A
37717,52,B
37718,53,C
37721,56,B
37722,57,C
37723,58,D
37724,59,A
37725,60,B
37726,61,C
37728,63,A
37729,64,B
37731,66,D
37733,68,B
37734,69,C
37735,70,D
37739,21,D
37740,22,A
37741,23,B
37742,24,C
37743,25,D
37744,26,A
37745,27,B
37746,28,C
37747,29,D
37748,30,A
37750,32,C
37756,38,A
37758,40,C
37759,41,D
37762,44,C
37763,45,D
37764,46,A
37765,47,B
37766,48,C
37767,49,D
37768,50,A
37769,51,B
37771,53,D
37772,54,A
37775,57,D
37776,58,A
37777,59,B
37778,60,C
37780,62,A
37781,63,B
37784,66,A
37786,68,C
37787,69,D
37788,70,A
37789,18,B
37790,19,C
37791,20,D
37793,22,B
37794,23,C
37795,24,D
37796,25,A
37797,26,B
37798,27,C
37799,28,D
37802,31,C
37803,32,D
37804,33,A
37805,34,B
37807,36,D
37808,37,A
37809,38,B
37810,39,C
37811,40,D
37813,42,B
37814,43,C
37822,51,C
37823,52,D
37824,53,A
37825,54,B
37830,59,C
37833,62,B
37834,63,C
37837,66,B
37838,67,C
37840,69,A
37841,70,B
37848,24,A
37849,25,B
37851,27,D
37854,30,C
37855,31,D
37856,32,A
37857,33,B
37858,34,C
37860,36,A
37861,37,B
37862,38,C
37865,41,B
37867,43,D
37868,44,A
37871,47,D
37872,48,A
37873,49,B
37874,50,C
37875,51,D
37876,52,A
37877,53,B
37878,54,C
37879,55,D
37880,56,A
37882,58,C
37885,61,B
37887,63,D
37892,68,A
37893,69,B
37894,70,C
37896,19,A
37897,20,B
37898,21,C
37900,23,A
37901,24,B
37904,27,A
37905,28,B
37906,29,C
37907,30,D
37908,31,A
37913,36,B
37915,38,D
37916,39,A
37917,40,B
37918,41,C
37919,42,D
37920,43,A
37922,45,C
37923,46,D
37924,47,A
37926,49,C
37927,50,D
37928,51,A
37929,52,B
37934,57,C
37938,61,C
37941,64,B
37942,65,C
37943,66,D
37944,67,A
37947,70,D
37949,19,B
37953,23,B
37956,26,A
37957,27,B
37958,28,C
37959,29,D
37960,30,A
37962,32,C
37963,33,D
37964,34,A
37965,35,B
37969,39,B
37971,41,D
37973,43,B
37975,45,D
37977,47,B
37978,48,C
37984,54,A
37985,55,B
37986,56,C
37987,57,D
37988,58,A
37989,59,B
37991,61,D
37993,63,B
37995,65,D
37999,69,D
38000,70,A
38001,18,B
38002,19,C
38004,21,A
38005,22,B
38006,23,C
38007,24,D
38008,25,A
38009,26,B
38010,27,C
38011,28,D
38012,29,A
38015,32,D
38018,35,C
38020,37,A
38021,38,B
38026,43,C
38028,45,A
38031,48,D
38032,49,A
38034,51,C
38040,57,A
38043,60,D
38044,61,A
38046,63,C
38047,64,D
38049,66,B
38052,69,A
38053,70,B
38054,18,C
38056,20,A
38057,21,B
38059,23,D
38060,24,A
38061,25,B
38062,26,C
38063,27,D
38064,28,A
38066,30,C
38069,33,B
38071,35,D
38073,37,B
38074,38,C
38076,40,A
38077,41,B
38078,42,C
38080,44,A
38083,47,D
38084,48,A
38085,49,B
38086,50,C
38088,52,A
38089,53,B
38090,54,C
38091,55,D
38092,56,A
38093,57,B
38094,58,C
38095,59,D
38096,60,A
38097,61,B
38098,62,C
38100,64,A
38104,68,A
38105,69,B
38107,18,D
38110,21,C
38111,22,D
38113,24,B
38115,26,D
38119,30,D
38120,31,A
38121,32,B
38124,35,A
38131,42,D
38133,44,B
38134,45,C
38135,46,D
38136,47,A
38137,48,B
38138,49,C
38140,51,A
38141,52,B
38147,58,D
38149,60,B
38152,63,A
38153,64,B
38154,65,C
38155,66,D
38156,67,A
38165,23,B
38168,26,A
38169,27,B
38175,33,D
38180,38,A
38184,42,A
38185,43,B
38187,45,D
38189,47,B
38192,50,A
38193,51,B
38194,52,C
38195,53,D
38196,54,A
38203,61,D
38204,62,A
38205,63,B
38206,64,C
38208,66,A
38212,70,A
38217,22,B
38218,23,C
38220,25,A
38221,26,B
38222,27,C
38223,28,D
38224,29,A
38225,30,B
38230,35,C
38231,36,D
38233,38,B
38234,39,C
38237,42,B
38238,43,C
38239,44,D
38240,45,A
38245,50,B
38246,51,C
38247,52,D
38248,53,A
38249,54,B
38250,55,C
38251,56,D
38259,64,D
38260,65,A
38261,66,B
38266,18,C
38267,19,D
38269,21,B
38270,22,C
38271,23,D
38272,24,A
38275,27,D
38276,28,A
38277,29,B
38278,30,C
38280,32,A
38282,34,C
38283,35,D
38284,36,A
38285,37,B
38287,39,D
38288,40,A
38289,41,B
38291,43,D
38292,44,A
38293,45,B
38295,47,D
38296,48,A
38297,49,B
38298,50,C
38299,51,D
38303,55,D
38304,56,A
38308,60,A
38310,62,C
38314,66,C
38315,67,D
38316,68,A
38321,20,B
38322,21,C
38323,22,D
38325,24,B
38329,28,B
38332,31,A
38333,32,B
38334,33,C
38335,34,D
38337,36,B
38340,39,A
38341,40,B
38343,42,D
38346,45,C
38348,47,A
38349,48,B
38350,49,C
38351,50,D
38353,52,B
38356,55,A
38357,56,B
38358,57,C
38360,59,A
38361,60,B
38362,61,C
38363,62,D
38365,64,B
38366,65,C
38367,66,D
38370,69,C
38371,70,D
38373,19,B
38374,20,C
38376,22,A
38379,25,D
38381,27,B
38384,30,A
38386,32,C
38389,35,B
38390,36,C
38392,38,A
38393,39,B
38394,40,C
38395,41,D
38396,42,A
38397,43,B
38400,46,A
38401,47,B
38402,48,C
38404,50,A
38405,51,B
38406,52,C
38409,55,B
38410,56,C
38411,57,D
38412,58,A
38413,59,B
38416,62,A
38417,63,B
38419,65,D
38422,68,C
38423,69,D
38424,70,A
38425,18,B
38426,19,C
38427,20,D
38428,21,A
38431,24,D
38433,26,B
38434,27,C
38437,30,B
38438,31,C
38441,34,B
38447,40,D
38451,44,D
38454,47,C
38455,48,D
38456,49,A
38457,50,B
38458,51,C
38460,53,A
38461,54,B
38465,58,B
38467,60,D
38468,61,A
38472,65,A
38474,67,C
38476,69,A
38479,19,D
38481,21,B
38484,24,A
38487,27,D
38493,33,B
38495,35,D
38496,36,A
38497,37,B
38499,39,D
38501,41,B
38504,44,A
38505,45,B
38506,46,C
38507,47,D
38508,48,A
38509,49,B
38510,50,C
38511,51,D
38513,53,B
38516,56,A
38517,57,B
38520,60,A
38521,61,B
38526,66,C
38528,68,A
38531,18,D
38538,25,C
38542,29,C
38543,30,D
38544,31,A
38546,33,C
38548,35,A
38551,38,D
38552,39,A
38556,43,A
38557,44,B
38558,45,C
38559,46,D
38562,49,C
38564,51,A
38566,53,C
38569,56,B
38570,57,C
38574,61,C
38575,62,D
38576,63,A
38577,64,B
38578,65,C
38581,68,B
38582,69,C
38583,70,D
38584,18,A
38586,20,C
38587,21,D
38588,22,A
38589,23,B
38590,24,C
38591,25,D
38593,27,B
38594,28,C
38595,29,D
38597,31,B
38598,32,C
38602,36,C
38612,46,A
38614,48,C
38615,49,D
38617,51,B
38618,52,C
38619,53,D
38623,57,D
38625,59,B
38629,63,B
38630,64,C
38632,66,A
38635,69,D
38637,18,B
38639,20,D
38643,24,D
38645,26,B
38646,27,C
38647,28,D
38650,31,C
38651,32,D
38654,35,C
38656,37,A
38657,38,B
38659,40,D
38661,42,B
38662,43,C
38665,46,B
38666,47,C
38669,50,B
38673,54,B
38674,55,C
38676,57,A
38678,59,C
38682,63,C
38684,65,A
38686,67,C
38687,68,D
38688,69,A
38691,19,D
38692,20,A
38694,22,C
38695,23,D
38696,24,A
38698,26,C
38699,27,D
38701,29,B
38702,30,C
38704,32,A
38706,34,C
38707,35,D
38708,36,A
38709,37,B
38710,38,C
38711,39,D
38712,40,A
38713,41,B
38714,42,C
38716,44,A
38720,48,A
38721,49,B
38722,50,C
38723,51,D
38729,57,B
38730,58,C
38732,60,A
38733,61,B
38735,63,D
38738,66,C
38750,25,C
38751,26,D
38753,28,B
38755,30,D
38756,31,A
38757,32,B
38765,40,B
38768,43,A
38769,44,B
38770,45,C
38771,46,D
38773,48,B
38774,49,C
38775,50,D
38776,51,A
38777,52,B
38778,53,C
38780,55,A
38782,57,C
38783,58,D
38784,59,A
38787,62,D
38788,63,A
38789,64,B
38793,68,B
38796,18,A
38803,25,D
38805,27,B
38808,30,A
38813,35,B
38814,36,C
38815,37,D
38816,38,A
38821,43,B
38823,45,D
38824,46,A
38826,48,C
38828,50,A
38835,57,D
38836,58,A
38837,59,B
38839,61,D
38841,63,B
38843,65,D
38844,66,A
38847,69,D
38848,70,A
38849,18,B
38851,20,D
38852,21,A
38854,23,C
38856,25,A
38859,28,D
38860,29,A
38862,31,C
38863,32,D
38868,37,A
38869,38,B
38870,39,C
38871,40,D
38872,41,A
38874,43,C
38875,44,D
38878,47,C
38879,48,D
38880,49,A
38883,52,D
38885,54,B
38886,55,C
38887,56,D
38888,57,A
38892,61,A
38894,63,C
38895,64,D
38896,65,A
38903,19,D
38908,24,A
38909,25,B
38911,27,D
38914,30,C
38915,31,D
38917,33,B
38919,35,D
38920,36,A
38922,38,C
38924,40,A
38926,42,C
38927,43,D
38928,44,A
38929,45,B
38930,46,C
38932,48,A
38934,50,C
38936,52,A
38937,53,B
38938,54,C
38939,55,D
38941,57,B
38943,59,D
38944,60,A
38945,61,B
38948,64,A
38949,65,B
38950,66,C
38951,67,D
38953,69,B
38955,18,D
38956,19,A
38957,20,B
38959,22,D
38960,23,A
38961,24,B
38962,25,C
38963,26,D
38964,27,A
38967,30,D
38968,31,A
38970,33,C
38971,34,D
38972,35,A
38973,36,B
38974,37,C
38976,39,A
38977,40,B
38978,41,C
38981,44,B
38984,47,A
38986,49,C
38992,55,A
38993,56,B
38994,57,C
38995,58,D
38996,59,A
39000,63,A
39001,64,B
39002,65,C
39006,69,C
39007,70,D
39008,18,A
39009,19,B
39011,21,D
39015,25,D
39016,26,A
39018,28,C
39019,29,D
39021,31,B
39022,32,C
39024,34,A
39025,35,B
39026,36,C
39028,38,A
39029,39,B
39030,40,C
39031,41,D
39037,47,B
39038,48,C
39042,52,C
39044,54,A
39047,57,D
39048,58,A
39052,62,A
39053,63,B
39055,65,D
39057,67,B
39058,68,C
39059,69,D
39061,18,B
39063,20,D
39067,24,D
39068,25,A
39071,28,D
39072,29,A
39080,37,A
39081,38,B
39082,39,C
39083,40,D
39084,41,A
39086,43,C
39088,45,A
39090,47,C
39091,48,D
39094,51,C
39099,56,D
39100,57,A
39102,59,C
39103,60,D
39104,61,A
39109,66,B
39110,67,C
39111,68,D
39112,69,A
39113,70,B
39117,21,B
39120,24,A
39122,26,C
39123,27,D
39125,29,B
39126,30,C
39128,32,A
39129,33,B
39131,35,D
39132,36,A
39133,37,B
39136,40,A
39137,41,B
39139,43,D
39142,46,C
39146,50,C
39149,53,B
39150,54,C
39151,55,D
39152,56,A
39153,57,B
39154,58,C
39155,59,D
39156,60,A
39157,61,B
39158,62,C
39161,65,B
39162,66,C
39164,68,A
39166,70,C
39167,18,D
39168,19,A
39169,20,B
39171,22,D
39172,23,A
39173,24,B
39175,26,D
39176,27,A
39177,28,B
39179,30,D
39180,31,A
39182,33,C
39183,34,D
39184,35,A
39185,36,B
39187,38,D
39188,39,A
39189,40,B
39192,43,A
39195,46,D
39196,47,A
39198,49,C
39201,52,B
39202,53,C
39205,56,B
39207,58,D
39211,62,D
39213,64,B
39214,65,C
39216,67,A
39217,68,B
39221,19,B
39222,20,C
39231,29,D
39232,30,A
39234,32,C
39238,36,C
39240,38,A
39242,40,C
39243,41,D
39246,44,C
39247,45,D
39248,46,A
39249,47,B
39253,51,B
39257,55,B
39258,56,C
39259,57,D
39260,58,A
39261,59,B
39262,60,C
39271,69,D
39273,18,B
39275,20,D
39276,21,A
39279,24,D
39280,25,A
39283,28,D
39284,29,A
39286,31,C
39288,33,A
39289,34,B
39290,35,C
39293,38,B
39294,39,C
39296,41,A
39298,43,C
39299,44,D
39300,45,A
39302,47,C
39303,48,D
39304,49,A
39305,50,B
39308,53,A
39309,54,B
39312,57,A
39318,63,C
39320,65,A
39322,67,C
39323,68,D
39324,69,A
39325,70,B
39326,18,C
39327,19,D
39334,26,C
39335,27,D
39338,30,C
39339,31,D
39340,32,A
39341,33,B
39342,34,C
39344,36,A
39345,37,B
39346,38,C
39347,39,D
39348,40,A
39349,41,B
39350,42,C
39352,44,A
39353,45,B
39354,46,C
39355,47,D
39356,48,A
39357,49,B
39358,50,C
39359,51,D
39360,52,A
39363,55,D
39371,63,D
39373,65,B
39376,68,A
39377,69,B
39387,26,D
39388,27,A
39395,34,D
39396,35,A
39398,37,C
39399,38,D
39400,39,A
39402,41,C
39403,42,D
39406,45,C
39407,46,D
39410,49,C
39411,50,D
39412,51,A
39414,53,C
39416,55,A
39417,56,B
39418,57,C
39419,58,D
39421,60,B
39422,61,C
39423,62,D
39425,64,B
39426,65,C
39427,66,D
39430,69,C
39431,70,D
39432,18,A
39434,20,C
39436,22,A
39438,24,C
39439,25,D
39440,26,A
39441,27,B
39442,28,C
39443,29,D
39444,30,A
39450,36,C
39451,37,D
39453,39,B
39458,44,C
39459,45,D
39460,46,A
39461,47,B
39462,48,C
39466,52,C
39467,53,D
39469,55,B
39470,56,C
39471,57,D
39473,59,B
39474,60,C
39476,62,A
39479,65,D
39480,66,A
39489,22,B
39492,25,A
39494,27,C
39495,28,D
39496,29,A
39498,31,C
39500,33,A
39502,35,C
39503,36,D
39504,37,A
39505,38,B
39507,40,D
39509,42,B
39511,44,D
39512,45,A
39514,47,C
39515,48,D
39516,49,A
39517,50,B
39518,51,C
39519,52,D
39520,53,A
39521,54,B
39523,56,D
39524,57,A
39526,59,C
39528,61,A
39529,62,B
39531,64,D
39532,65,A
39536,69,A
39538,18,C
39540,20,A
39541,21,B
39542,22,C
39544,24,A
39545,25,B
39546,26,C
39547,27,D
39549,29,B
39551,31,D
39552,32,A
39554,34,C
39555,35,D
39556,36,A
39566,46,C
39573,53,B
39574,54,C
39575,55,D
39576,56,A
39579,59,D
39580,60,A
39590,70,C
39593,20,B
39594,21,C
39596,23,A
39597,24,B
39606,33,C
39608,35,A
39610,37,C
39612,39,A
39613,40,B
39615,42,D
39618,45,C
39620,47,A
39622,49,C
39625,52,B
39626,53,C
39630,57,C
39631,58,D
39633,60,B
39634,61,C
39635,62,D
39636,63,A
39637,64,B
39638,65,C
39639,66,D
39640,67,A
39641,68,B
39642,69,C
39643,70,D
39644,18,A
39645,19,B
39646,20,C
39649,23,B
39652,26,A
39653,27,B
39656,30,A
39658,32,C
39660,34,A
39661,35,B
39662,36,C
39664,38,A
39666,40,C
39667,41,D
39668,42,A
39669,43,B
39670,44,C
39671,45,D
39672,46,A
39673,47,B
39674,48,C
39678,52,C
39679,53,D
39681,55,B
39684,58,A
39685,59,B
39687,61,D
39688,62,A
39689,63,B
39691,65,D
39692,66,A
39695,69,D
39696,70,A
39697,18,B
39699,20,D
39700,21,A
39701,22,B
39702,23,C
39704,25,A
39705,26,B
39707,28,D
39708,29,A
39713,34,B
39719,40,D
39720,41,A
39721,42,B
39722,43,C
39724,45,A
39725,46,B
39726,47,C
39729,50,B
39731,52,D
39732,53,A
39734,55,C
39735,56,D
39736,57,A
39740,61,A
39741,62,B
39743,64,D
39744,65,A
39745,66,B
39750,18,C
39752,20,A
39754,22,C
39755,23,D
39758,26,C
39759,27,D
39760,28,A
39762,30,C
39764,32,A
39765,33,B
39766,34,C
39767,35,D
39768,36,A
39769,37,B
39770,38,C
39773,41,B
39774,42,C
39777,45,B
39778,46,C
39779,47,D
39781,49,B
39786,54,C
39787,55,D
39790,58,C
39792,60,A
39795,63,D
39798,66,C
39799,67,D
39800,68,A
39801,69,B
39803,18,D
39805,20,B
39808,23,A
39809,24,B
39819,34,D
39823,38,D
39824,39,A
39825,40,B
39827,42,D
39828,43,A
39829,44,B
39831,46,D
39832,47,A
39833,48,B
39836,51,A
39837,52,B
39839,54,D
39840,55,A
39841,56,B
39843,58,D
39848,63,A
39854,69,C
39855,70,D
39856,18,A
39857,19,B
39861,23,B
39862,24,C
39863,25,D
39866,28,C
39867,29,D
39869,31,B
39871,33,D
39873,35,B
39874,36,C
39875,37,D
39876,38,A
39877,39,B
39878,40,C
39879,41,D
39880,42,A
39881,43,B
39883,45,D
39885,47,B
39886,48,C
39888,50,A
39889,51,B
39891,53,D
39893,55,B
39896,58,A
39897,59,B
39898,60,C
39902,64,C
39906,68,C
39907,69,D
39910,19,C
39911,20,D
39912,21,A
39914,23,C
39920,29,A
39921,30,B
39923,32,D
39924,33,A
39926,35,C
39927,36,D
39928,37,A
39931,40,D
39933,42,B
39935,44,D
39936,45,A
39938,47,C
39939,48,D
39943,52,D
39944,53,A
39947,56,D
39951,60,D
39952,61,A
39953,62,B
39955,64,D
39956,65,A
39958,67,C
39960,69,A
39962,18,C
39963,19,D
39964,20,A
39966,22,C
39967,23,D
39968,24,A
39970,26,C
39973,29,B
39974,30,C
39980,36,A
39981,37,B
39988,44,A
39989,45,B
39990,46,C
39991,47,D
39992,48,A
39993,49,B
39994,50,C
39996,52,A
40000,56,A
40003,59,D
40004,60,A
40007,63,D
40008,64,A
40009,65,B
40010,66,C
40012,68,A
40013,69,B
40017,20,B
40021,24,B
40024,27,A
40026,29,C
40027,30,D
40028,31,A
40029,32,B
40031,34,D
40035,38,D
40036,39,A
40037,40,B
40038,41,C
40043,46,D
40045,48,B
40047,50,D
40050,53,C
40055,58,D
40059,62,D
40061,64,B
40066,69,C
40067,70,D
40069,19,B
40072,22,A
40076,26,A
40077,27,B
40079,29,D
40080,30,A
40081,31,B
40084,34,A
40085,35,B
40086,36,C
40087,37,D
40088,38,A
40089,39,B
40091,41,D
40093,43,B
40095,45,D
40096,46,A
40097,47,B
40099,49,D
40100,50,A
40101,51,B
40106,56,C
40107,57,D
40108,58,A
40110,60,C
40111,61,D
40112,62,A
40113,63,B
40114,64,C
40118,68,C
40119,69,D
40120,70,A
40121,18,B
40122,19,C
40125,22,B
40126,23,C
40129,26,B
40131,28,D
40134,31,C
40136,33,A
40139,36,D
40141,38,B
40143,40,D
40144,41,A
40145,42,B
40147,44,D
40148,45,A
40149,46,B
40152,49,A
40154,51,C
40155,52,D
40157,54,B
40158,55,C
40159,56,D
40160,57,A
40161,58,B
40163,60,D
40164,61,A
40165,62,B
40166,63,C
40167,64,D
40168,65,A
40170,67,C
40171,68,D
40172,69,A
40173,70,B
40175,19,D
40177,21,B
40180,24,A
40182,26,C
40183,27,D
40185,29,B
40187,31,D
40189,33,B
40197,41,B
40203,47,D
40206,50,C
40211,55,D
40212,56,A
40215,59,D
40216,60,A
40217,61,B
40218,62,C
40220,64,A
40221,65,B
40226,70,C
40231,22,D
40232,23,A
40233,24,B
40234,25,C
40235,26,D
40238,29,C
40241,32,B
40242,33,C
40243,34,D
40246,37,C
40247,38,D
40248,39,A
40249,40,B
40250,41,C
40252,43,A
40253,44,B
40254,45,C
40255,46,D
40259,50,D
40260,51,A
40261,52,B
40264,55,A
40265,56,B
40269,60,B
40270,61,C
40272,63,A
40275,66,D
40276,67,A
40277,68,B
40278,69,C
40279,70,D
40280,18,A
40281,19,B
40282,20,C
40283,21,D
40284,22,A
40286,24,C
40288,26,A
40291,29,D
40293,31,B
40295,33,D
40296,34,A
40299,37,D
40301,39,B
40303,41,D
40305,43,B
40306,44,C
40313,51,B
40316,54,A
40317,55,B
40318,56,C
40319,57,D
40321,59,B
40322,60,C
40323,61,D
40324,62,A
40325,63,B
40326,64,C
40328,66,A
40329,67,B
40330,68,C
40333,18,B
40334,19,C
40337,22,B
40338,23,C
40339,24,D
40340,25,A
40341,26,B
40342,27,C
40343,28,D
40344,29,A
40345,30,B
40348,33,A
40353,38,B
40355,40,D
40356,41,A
40357,42,B
40358,43,C
40360,45,A
40361,46,B
40362,47,C
40363,48,D
40364,49,A
40365,50,B
40369,54,B
40373,58,B
40375,60,D
40376,61,A
40377,62,B
40378,63,C
40379,64,D
40385,70,B
40386,18,C
40388,20,A
40389,21,B
40390,22,C
40391,23,D
40393,25,B
40395,27,D
40396,28,A
40397,29,B
40398,30,C
40401,33,B
40402,34,C
40403,35,D
40405,37,B
40410,42,C
40411,43,D
40413,45,B
40414,46,C
40415,47,D
40417,49,B
40418,50,C
40420,52,A
40421,53,B
40424,56,A
40428,60,A
40429,61,B
40431,63,D
40434,66,C
40436,68,A
40438,70,C
40440,19,A
40441,20,B
40442,21,C
40446,25,C
40447,26,D
40449,28,B
40450,29,C
40451,30,D
40452,31,A
40454,33,C
40456,35,A
40461,40,B
40462,41,C
40464,43,A
40471,50,D
40473,52,B
40476,55,A
40477,56,B
40479,58,D
40480,59,A
40481,60,B
40482,61,C
40485,64,B
40486,65,C
40492,18,A
40493,19,B
40495,21,D
40498,24,C
40499,25,D
40500,26,A
40501,27,B
40506,32,C
40508,34,A
40510,36,C
40512,38,A
40513,39,B
40516,42,A
40520,46,A
40521,47,B
40522,48,C
40524,50,A
40526,52,C
40527,53,D
40528,54,A
40530,56,C
40533,59,B
40534,60,C
40535,61,D
40536,62,A
40537,63,B
40546,19,C
40549,22,B
40551,24,D
40552,25,A
40553,26,B
40555,28,D
40557,30,B
40559,32,D
40560,33,A
40561,34,B
40563,36,D
40565,38,B
40568,41,A
40570,43,C
40571,44,D
40573,46,B
40577,50,B
40578,51,C
40581,54,B
40583,56,D
40585,58,B
40587,60,D
40590,63,C
40591,64,D
40592,65,A
40595,68,D
40597,70,B
40598,18,C
40599,19,D
40603,23,D
40605,25,B
40607,27,D
40609,29,B
40610,30,C
40617,37,B
40620,40,A
40621,41,B
40622,42,C
40623,43,D
40626,46,C
40628,48,A
40629,49,B
40631,51,D
40632,52,A
40634,54,C
40635,55,D
40637,57,B
40638,58,C
40640,60,A
40644,64,A
40646,66,C
40647,67,D
40648,68,A
40649,69,B
40651,18,D
40652,19,A
40656,23,A
40657,24,B
40658,25,C
40659,26,D
40663,30,D
40667,34,D
40670,37,C
40674,41,C
40676,43,A
40678,45,C
40680,47,A
40681,48,B
40684,51,A
40685,52,B
40686,53,C
40687,54,D
40688,55,A
40689,56,B
40691,58,D
40692,59,A
40694,61,C
40695,62,D
40696,63,A
40700,67,A
40702,69,C
40703,70,D
40706,20,C
40707,21,D
40708,22,A
40709,23,B
40710,24,C
40717,31,B
40718,32,C
40722,36,C
40723,37,D
40724,38,A
40726,40,C
40727,41,D
40729,43,B
40730,44,C
40731,45,D
40735,49,D
40736,50,A
40737,51,B
40741,55,B
40742,56,C
40743,57,D
40747,61,D
40748,62,A
40749,63,B
40750,64,C
40753,67,B
40754,68,C
40755,69,D
40756,70,A
40757,18,B
40759,20,D
40761,22,B
40762,23,C
40763,24,D
40767,28,D
40770,31,C
40772,33,A
40776,37,A
40778,39,C
40781,42,B
40784,45,A
40787,48,D
40790,51,C
40795,56,D
40797,58,B
40799,60,D
40800,61,A
40805,66,B
40808,69,A
40811,19,D
40817,25,B
40819,27,D
40820,28,A
40821,29,B
40824,32,A
40827,35,D
40831,39,D
40833,41,B
40834,42,C
40835,43,D
40836,44,A
40839,47,D
40840,48,A
40841,49,B
40843,51,D
40844,52,A
40846,54,C
40847,55,D
40851,59,D
40852,60,A
40853,61,B
40854,62,C
40855,63,D
40856,64,A
40857,65,B
40858,66,C
40860,68,A
40861,69,B
40865,20,B
40866,21,C
40867,22,D
40868,23,A
40869,24,B
40870,25,C
40871,26,D
40873,28,B
40877,32,B
40880,35,A
40882,37,C
40883,38,D
40884,39,A
40887,42,D
40888,43,A
40891,46,D
40894,49,C
40897,52,B
40902,57,C
40903,58,D
40906,61,C
40908,63,A
40909,64,B
40911,66,D
40912,67,A
40913,68,B
40914,69,C
40915,70,D
40916,18,A
40917,19,B
40918,20,C
40919,21,D
40920,22,A
40921,23,B
40924,26,A
40928,30,A
40930,32,C
40931,33,D
40932,34,A
40935,37,D
40936,38,A
40937,39,B
40938,40,C
40940,42,A
40941,43,B
40943,45,D
40944,46,A
40946,48,C
40947,49,D
40948,50,A
40951,53,D
40952,54,A
40953,55,B
40955,57,D
40958,60,C
40962,64,C
40967,69,D
40970,19,C
40974,23,C
40976,25,A
40977,26,B
40979,28,D
40980,29,A
40983,32,D
40984,33,A
40985,34,B
40986,35,C
40987,36,D
40988,37,A
40990,39,C
40993,42,B
40994,43,C
40996,45,A
40999,48,D
41003,52,D
41007,56,D
41008,57,A
41009,58,B
41010,59,C
41012,61,A
41013,62,B
41015,64,D
41016,65,A
41018,67,C
41021,70,B
41022,18,C
41023,19,D
41024,20,A
41025,21,B
41026,22,C
41027,23,D
41029,25,B
41033,29,B
41036,32,A
41038,34,C
41045,41,B
41049,45,B
41050,46,C
41051,47,D
41052,48,A
41055,51,D
41056,52,A
41057,53,B
41058,54,C
41059,55,D
41060,56,A
41061,57,B
41064,60,A
41066,62,C
41067,63,D
41068,64,A
41069,65,B
41072,68,A
41073,69,B
41075,18,D
41076,19,A
41077,20,B
41079,22,D
41080,23,A
41081,24,B
41087,30,D
41088,31,A
41089,32,B
41091,34,D
41092,35,A
41093,36,B
41096,39,A
41097,40,B
41098,41,C
41099,42,D
41100,43,A
41104,47,A
41106,49,C
41108,51,A
41109,52,B
41110,53,C
41111,54,D
41112,55,A
41114,57,C
41115,58,D
41117,60,B
41120,63,A
41125,68,B
41126,69,C
41127,70,D
41128,18,A
41130,20,C
41132,22,A
41133,23,B
41135,25,D
41137,27,B
41138,28,C
41140,30,A
41141,31,B
41146,36,C
41148,38,A
41151,41,D
41152,42,A
41154,44,C
41157,47,B
41159,49,D
41160,50,A
41163,53,D
41164,54,A
41165,55,B
41166,56,C
41169,59,B
41170,60,C
41171,61,D
41172,62,A
41175,65,D
41176,66,A
41180,70,A
41181,18,B
41183,20,D
41185,22,B
41186,23,C
41189,26,B
41190,27,C
41191,28,D
41192,29,A
41193,30,B
41194,31,C
41197,34,B
41200,37,A
41201,38,B
41202,39,C
41203,40,D
41206,43,C
41207,44,D
41208,45,A
41210,47,C
41211,48,D
41214,51,C
41215,52,D
41216,53,A
41218,55,C
41219,56,D
41220,57,A
41221,58,B
41222,59,C
41223,60,D
41225,62,B
41229,66,B
41231,68,D
41232,69,A
41233,70,B
41234,18,C
41235,19,D
41236,20,A
41237,21,B
41240,24,A
41241,25,B
41242,26,C
41243,27,D
41247,31,D
41251,35,D
41253,37,B
41254,38,C
41256,40,A
41257,41,B
41258,42,C
41259,43,D
41260,44,A
41264,48,A
41265,49,B
41266,50,C
41268,52,A
41269,53,B
41270,54,C
41271,55,D
41272,56,A
41275,59,D
41276,60,A
41277,61,B
41279,63,D
41281,65,B
41284,68,A
41285,69,B
41287,18,D
41289,20,B
41290,21,C
41291,22,D
41298,29,C
41299,30,D
41300,31,A
41303,34,D
41305,36,B
41311,42,D
41312,43,A
41313,44,B
41315,46,D
41316,47,A
41317,48,B
41319,50,D
41320,51,A
41322,53,C
41323,54,D
41324,55,A
41328,59,A
41330,61,C
41337,68,B
41338,69,C
41339,70,D
41341,19,B
41343,21,D
41346,24,C
41348,26,A
41352,30,A
41356,34,A
41358,36,C
41359,37,D
41360,38,A
41364,42,A
41365,43,B
41366,44,C
41367,45,D
41369,47,B
41371,49,D
41374,52,C
41376,54,A
41378,56,C
41380,58,A
41381,59,B
41382,60,C
41386,64,C
41389,67,B
41390,68,C
41391,69,D
41392,70,A
41399,24,D
41402,27,C
41404,29,A
41408,33,A
41410,35,C
41411,36,D
41414,39,C
41415,40,D
41416,41,A
41419,44,D
41421,46,B
41424,49,A
41427,52,D
41430,55,C
41431,56,D
41433,58,B
41434,59,C
41435,60,D
41436,61,A
41445,70,B
41448,20,A
41450,22,C
41451,23,D
41453,25,B
41454,26,C
41455,27,D
41458,30,C
41459,31,D
41460,32,A
41461,33,B
41466,38,C
41467,39,D
41469,41,B
41471,43,D
41476,48,A
41480,52,A
41481,53,B
41482,54,C
41483,55,D
41486,58,C
41488,60,A
41489,61,B
41491,63,D
41492,64,A
41493,65,B
41494,66,C
41496,68,A
41498,70,C
41502,21,C
41504,23,A
41505,24,B
41507,26,D
41512,31,A
41513,32,B
41515,34,D
41516,35,A
41517,36,B
41518,37,C
41519,38,D
41521,40,B
41522,41,C
41523,42,D
41524,43,A
41525,44,B
41526,45,C
41528,47,A
41529,48,B
41530,49,C
41531,50,D
41532,51,A
41534,53,C
41537,56,B
41538,57,C
41539,58,D
41541,60,B
41542,61,C
41543,62,D
41544,63,A
41546,65,C
41555,21,D
41556,22,A
41561,27,B
41562,28,C
41563,29,D
41564,30,A
41567,33,D
41568,34,A
41569,35,B
41570,36,C
41571,37,D
41572,38,A
41574,40,C
41576,42,A
41577,43,B
41579,45,D
41583,49,D
41587,53,D
41588,54,A
41593,59,B
41595,61,D
41596,62,A
41601,67,B
41602,68,C
41603,69,D
41610,23,C
41612,25,A
41613,26,B
41614,27,C
41616,29,A
41617,30,B
41619,32,D
41620,33,A
41623,36,D
41625,38,B
41629,42,B
41630,43,C
41631,44,D
41633,46,B
41636,49,A
41637,50,B
41638,51,C
41639,52,D
41640,53,A
41644,57,A
41648,61,A
41650,63,C
41651,64,D
41652,65,A
41653,66,B
41655,68,D
41656,69,A
41657,70,B
41658,18,C
41662,22,C
41663,23,D
41664,24,A
41665,25,B
41666,26,C
41667,27,D
41668,28,A
41669,29,B
41670,30,C
41671,31,D
41672,32,A
41675,35,D
41676,36,A
41677,37,B
41678,38,C
41682,42,C
41683,43,D
41684,44,A
41685,45,B
41686,46,C
41687,47,D
41689,49,B
41692,52,A
41693,53,B
41694,54,C
41695,55,D
41698,58,C
41700,60,A
41701,61,B
41702,62,C
41703,63,D
41704,64,A
41708,68,A
41709,69,B
41710,70,C
41711,18,D
41712,19,A
41714,21,C
41715,22,D
41716,23,A
41717,24,B
41718,25,C
41719,26,D
41721,28,B
41724,31,A
41726,33,C
41727,34,D
41728,35,A
41731,38,D
41732,39,A
41733,40,B
41734,41,C
41736,43,A
41737,44,B
41739,46,D
41740,47,A
41741,48,B
41742,49,C
41743,50,D
41745,52,B
41746,53,C
41747,54,D
41749,56,B
41750,57,C
41751,58,D
41753,60,B
41757,64,B
41758,65,C
41759,66,D
41760,67,A
41761,68,B
41762,69,C
41764,18,A
41766,20,C
41767,21,D
41770,24,C
41771,25,D
41773,27,B
41774,28,C
41776,30,A
41777,31,B
41778,32,C
41779,33,D
41780,34,A
41781,35,B
41782,36,C
41784,38,A
41786,40,C
41787,41,D
41793,47,B
41794,48,C
41795,49,D
41796,50,A
41797,51,B
41798,52,C
41801,55,B
41802,56,C
41804,58,A
41805,59,B
41807,61,D
41808,62,A
41810,64,C
41811,65,D
41812,66,A
41814,68,C
41815,69,D
41816,70,A
41818,19,C
41820,21,A
41823,24,D
41824,25,A
41826,27,C
41827,28,D
41829,30,B
41831,32,D
41832,33,A
41833,34,B
41835,36,D
41839,40,D
41841,42,B
41842,43,C
41845,46,B
41846,47,C
41848,49,A
41852,53,A
41853,54,B
41854,55,C
41855,56,D
41857,58,B
41858,59,C
41859,60,D
41860,61,A
41862,63,C
41863,64,D
41866,67,C
41867,68,D
41868,69,A
41869,70,B
41870,18,C
41871,19,D
41872,20,A
41874,22,C
41876,24,A
41877,25,B
41878,26,C
41879,27,D
41882,30,C
41883,31,D
41884,32,A
41885,33,B
41886,34,C
41887,35,D
41891,39,D
41893,41,B
41895,43,D
41896,44,A
41908,56,A
41909,57,B
41910,58,C
41911,59,D
41912,60,A
41916,64,A
41917,65,B
41918,66,C
41919,67,D
41921,69,B
41922,70,C
41923,18,D
41924,19,A
41926,21,C
41928,23,A
41929,24,B
41932,27,A
41933,28,B
41935,30,D
41939,34,D
41940,35,A
41942,37,C
41943,38,D
41944,39,A
41945,40,B
41947,42,D
41948,43,A
41951,46,D
41952,47,A
41953,48,B
41954,49,C
41955,50,D
41957,52,B
41959,54,D
41960,55,A
41962,57,C
41963,58,D
41964,59,A
41965,60,B
41967,62,D
41968,63,A
41971,66,D
41973,68,B
41975,70,D
41977,19,B
41979,21,D
41985,27,B
41988,30,A
41991,33,D
41992,34,A
41993,35,B
41995,37,D
41996,38,A
41998,40,C
42001,43,B
42002,44,C
42003,45,D
42009,51,B
42010,52,C
42015,57,D
42019,61,D
42025,67,B
42027,69,D
42028,70,A
42031,20,D
42032,21,A
42037,26,B
42038,27,C
42039,28,D
42040,29,A
42041,30,B
42042,31,C
42045,34,B
42049,38,B
42050,39,C
42052,41,A
42054,43,C
42056,45,A
42057,46,B
42058,47,C
42059,48,D
42060,49,A
42061,50,B
42064,53,A
42068,57,A
42069,58,B
42073,62,B
42074,63,C
42075,64,D
42076,65,A
42078,67,C
42080,69,A
42082,18,C
42083,19,D
42084,20,A
42085,21,B
42086,22,C
42087,23,D
42092,28,A
42093,29,B
42094,30,C
42095,31,D
42097,33,B
42098,34,C
42101,37,B
42102,38,C
42103,39,D
42104,40,A
42108,44,A
42110,46,C
42111,47,D
42112,48,A
42115,51,D
42116,52,A
42117,53,B
42119,55,D
42121,57,B
42124,60,A
42125,61,B
42126,62,C
42128,64,A
42131,67,D
42133,69,B
42136,19,A
42139,22,D
42140,23,A
42141,24,B
42142,25,C
42143,26,D
42147,30,D
42148,31,A
42151,34,D
42152,35,A
42154,37,C
42155,38,D
42156,39,A
42157,40,B
42158,41,C
42161,44,B
42162,45,C
42164,47,A
42165,48,B
42167,50,D
42168,51,A
42169,52,B
42171,54,D
42172,55,A
42173,56,B
42176,59,A
42177,60,B
42178,61,C
42179,62,D
42180,63,A
42181,64,B
42182,65,C
42183,66,D
42184,67,A
42185,68,B
42188,18,A
42189,19,B
42192,22,A
42194,24,C
42196,26,A
42198,28,C
42200,30,A
42201,31,B
42202,32,C
42203,33,D
42204,34,A
42205,35,B
42212,42,A
42217,47,B
42223,53,D
42225,55,B
42226,56,C
42227,57,D
42228,58,A
42230,60,C
42231,61,D
42232,62,A
42235,65,D
42236,66,A
42237,67,B
42241,18,B
42242,19,C
42244,21,A
42245,22,B
42246,23,C
42250,27,C
42252,29,A
42256,33,A
42259,36,D
42263,40,D
42265,42,B
42266,43,C
42267,44,D
42268,45,A
42270,47,C
42273,50,B
42276,53,A
42281,58,B
42282,59,C
42283,60,D
42284,61,A
42285,62,B
42286,63,C
42288,65,A
42289,66,B
42290,67,C
42293,70,B
42294,18,C
42295,19,D
42297,21,B
42299,23,D
42300,24,A
42302,26,C
42305,29,B
42309,33,B
42312,36,A
42315,39,D
42317,41,B
42318,42,C
42320,44,A
42322,46,C
42323,47,D
42325,49,B
42326,50,C
42328,52,A
42329,53,B
42334,58,C
42335,59,D
42336,60,A
42342,66,C
42346,70,C
42347,18,D
42351,22,D
42353,24,B
42354,25,C
42357,28,B
42362,33,C
42366,37,C
42367,38,D
42369,40,B
42371,42,D
42373,44,B
42374,45,C
42375,46,D
42377,48,B
42379,50,D
42380,51,A
42381,52,B
42382,53,C
42384,55,A
42385,56,B
42386,57,C
42388,59,A
42392,63,A
42393,64,B
42395,66,D
42397,68,B
42403,21,D
42404,22,A
42405,23,B
42406,24,C
42410,28,C
42411,29,D
42412,30,A
42413,31,B
42414,32,C
42415,33,D
42416,34,A
42417,35,B
42423,41,D
42424,42,A
42429,47,B
42433,51,B
42435,53,D
42436,54,A
42439,57,D
42441,59,B
42442,60,C
42443,61,D
42446,64,C
42448,66,A
42450,68,C
42451,69,D
42452,70,A
42455,20,D
42457,22,B
42458,23,C
42459,24,D
42460,25,A
42462,27,C
42469,34,B
42470,35,C
42471,36,D
42473,38,B
42475,40,D
42477,42,B
42478,43,C
42480,45,A
42481,46,B
42482,47,C
42487,52,D
42488,53,A
42491,56,D
42492,57,A
42495,60,D
42497,62,B
42499,64,D
42500,65,A
42501,66,B
42502,67,C
42508,20,A
42509,21,B
42511,23,D
42514,26,C
42518,30,C
42521,33,B
42522,34,C
42524,36,A
42525,37,B
42527,39,D
42531,43,D
42536,48,A
42538,50,C
42539,51,D
42540,52,A
42542,54,C
42544,56,A
42545,57,B
42548,60,A
42554,66,C
42556,68,A
42558,70,C
42562,21,C
42564,23,A
42566,25,C
42567,26,D
42568,27,A
42569,28,B
42572,31,A
42574,33,C
42576,35,A
42577,36,B
42583,42,D
42586,45,C
42587,46,D
42588,47,A
42591,50,D
42593,52,B
42595,54,D
42596,55,A
42598,57,C
42599,58,D
42600,59,A
42604,63,A
42607,66,D
42609,68,B
42613,19,B
42614,20,C
42617,23,B
42620,26,A
42625,31,B
42626,32,C
42627,33,D
42628,34,A
42629,35,B
42630,36,C
42631,37,D
42633,39,B
42634,40,C
42635,41,D
42637,43,B
42639,45,D
42640,46,A
42641,47,B
42646,52,C
42647,53,D
42650,56,C
42653,59,B
42654,60,C
42655,61,D
42656,62,A
42657,63,B
42658,64,C
42659,65,D
42663,69,D
42664,70,A
42665,18,B
42667,20,D
42672,25,A
42677,30,B
42682,35,C
42684,37,A
42689,42,B
42692,45,A
42694,47,C
42697,50,B
42701,54,B
42702,55,C
42704,57,A
42708,61,A
42709,62,B
42711,64,D
42717,70,B
42720,20,A
42721,21,B
42722,22,C
42724,24,A
42726,26,C
42729,29,B
42734,34,C
42735,35,D
42737,37,B
42738,38,C
42739,39,D
42740,40,A
42741,41,B
42746,46,C
42747,47,D
42749,49,B
42751,51,D
42752,52,A
42753,53,B
42755,55,D
42756,56,A
42759,59,D
42761,61,B
42762,62,C
42763,63,D
42764,64,A
42765,65,B
42770,70,C
42771,18,D
42772,19,A
42773,20,B
42775,22,D
42776,23,A
42780,27,A
42782,29,C
42783,30,D
42789,36,B
42790,37,C
42799,46,D
42803,50,D
42804,51,A
42805,52,B
42806,53,C
42808,55,A
42809,56,B
42811,58,D
42812,59,A
42813,60,B
42816,63,A
42817,64,B
42819,66,D
42820,67,A
42825,19,B
42827,21,D
42832,26,A
42836,30,A
42837,31,B
42843,37,D
42848,42,A
42853,47,B
42857,51,B
42862,56,C
42867,61,D
42868,62,A
42877,18,B
42878,19,C
42879,20,D
42883,24,D
42887,28,D
42888,29,A
42889,30,B
42890,31,C
42891,32,D
42892,33,A
42894,35,C
42895,36,D
42897,38,B
42898,39,C
42899,40,D
42901,42,B
42902,43,C
42905,46,B
42906,47,C
42907,48,D
42909,50,B
42910,51,C
42913,54,B
42916,57,A
42917,58,B
42918,59,C
42921,62,B
42922,63,C
42924,65,A
42928,69,A
42929,70,B
42930,18,C
42932,20,A
42933,21,B
42935,23,D
42936,24,A
42937,25,B
42938,26,C
42940,28,A
42944,32,A
42945,33,B
42946,34,C
42954,42,C
42955,43,D
42956,44,A
42957,45,B
42959,47,D
42960,48,A
42963,51,D
42965,53,B
42968,56,A
42969,57,B
42970,58,C
42971,59,D
42976,64,A
42978,66,C
42980,68,A
42981,69,B
42987,22,D
42988,23,A
42990,25,C
42992,27,A
42993,28,B
42994,29,C
42995,30,D
42996,31,A
42997,32,B
42998,33,C
43000,35,A
43001,36,B
43002,37,C
43004,39,A
43006,41,C
43016,51,A
43019,54,D
43020,55,A
43022,57,C
43023,58,D
43024,59,A
43026,61,C
43027,62,D
43030,65,C
43031,66,D
43032,67,A
43033,68,B
43034,69,C
43035,70,D
43036,18,A
43038,20,C
43042,24,C
43043,25,D
43049,31,B
43050,32,C
43051,33,D
43052,34,A
43053,35,B
43055,37,D
43056,38,A
43058,40,C
43060,42,A
43061,43,B
43062,44,C
43064,46,A
43066,48,C
43068,50,A
43069,51,B
43071,53,D
43074,56,C
43075,57,D
43078,60,C
43081,63,B
43084,66,A
43085,67,B
43091,20,D
43094,23,C
43096,25,A
43098,27,C
43099,28,D
43101,30,B
43102,31,C
43107,36,D
43110,39,C
43111,40,D
43113,42,B
43114,43,C
43119,48,D
43120,49,A
43125,54,B
43127,56,D
43130,59,C
43133,62,B
43139,68,D
43142,18,C
43143,19,D
43144,20,A
43145,21,B
43146,22,C
43148,24,A
43149,25,B
43150,26,C
43151,27,D
43152,28,A
43153,29,B
43154,30,C
43158,34,C
43159,35,D
43162,38,C
43164,40,A
43165,41,B
43169,45,B
43170,46,C
43171,47,D
43175,51,D
43178,54,C
43179,55,D
43183,59,D
43186,62,C
43187,63,D
43190,66,C
43192,68,A
43196,19,A
43197,20,B
43199,22,D
43200,23,A
43201,24,B
43202,25,C
43213,36,B
43215,38,D
43216,39,A
43219,42,D
43220,43,A
43222,45,C
43224,47,A
43225,48,B
43233,56,B
43236,59,A
43240,63,A
43241,64,B
43242,65,C
43244,67,A
43247,70,D
43249,19,B
43250,20,C
43251,21,D
43252,22,A
43253,23,B
43255,25,D
43256,26,A
43257,27,B
43262,32,C
43264,34,A
43265,35,B
43266,36,C
43268,38,A
43269,39,B
43270,40,C
43272,42,A
43273,43,B
43275,45,D
43276,46,A
43277,47,B
43278,48,C
43280,50,A
43281,51,B
43283,53,D
43287,57,D
43288,58,A
43294,64,C
43295,65,D
43296,66,A
43299,69,D
43300,70,A
43302,19,C
43303,20,D
43304,21,A
43305,22,B
43307,24,D
43308,25,A
43311,28,D
43312,29,A
43313,30,B
43314,31,C
43315,32,D
43317,34,B
43318,35,C
43321,38,B
43322,39,C
43323,40,D
43328,45,A
43329,46,B
43330,47,C
43332,49,A
43334,51,C
43335,52,D
43337,54,B
43338,55,C
43347,64,D
43348,65,A
43349,66,B
43353,70,B
43354,18,C
43356,20,A
43357,21,B
43358,22,C
43362,26,C
43363,27,D
43364,28,A
43365,29,B
43366,30,C
43367,31,D
43368,32,A
43369,33,B
43370,34,C
43371,35,D
43372,36,A
43378,42,C
43379,43,D
43381,45,B
43383,47,D
43385,49,B
43387,51,D
43388,52,A
43389,53,B
43390,54,C
43395,59,D
43397,61,B
43398,62,C
43400,64,A
43401,65,B
43402,66,C
43403,67,D
43405,69,B
43406,70,C
43408,19,A
43410,21,C
43411,22,D
43414,25,C
43415,26,D
43416,27,A
43417,28,B
43419,30,D
43421,32,B
43424,35,A
43425,36,B
43426,37,C
43427,38,D
43431,42,D
43433,44,B
43434,45,C
43439,50,D
43443,54,D
43445,56,B
43449,60,B
43450,61,C
43451,62,D
43452,63,A
43453,64,B
43459,70,D
43460,18,A
43465,23,B
43468,26,A
43472,30,A
43474,32,C
43475,33,D
43476,34,A
43477,35,B
43478,36,C
43482,40,C
43487,45,D
43489,47,B
43491,49,D
43492,50,A
43493,51,B
43494,52,C
43496,54,A
43497,55,B
43498,56,C
43499,57,D
43501,59,B
43502,60,C
43505,63,B
43506,64,C
43507,65,D
43508,66,A
43509,67,B
43510,68,C
43512,70,A
43513,18,B
43518,23,C
43520,25,A
43521,26,B
43523,28,D
43524,29,A
43526,31,C
43527,32,D
43528,33,A
43529,34,B
43530,35,C
43531,36,D
43532,37,A
43534,39,C
43535,40,D
43540,45,A
43541,46,B
43542,47,C
43545,50,B
43546,51,C
43549,54,B
43550,55,C
43551,56,D
43555,60,D
43556,61,A
43559,64,D
43560,65,A
43561,66,B
43562,67,C
43563,68,D
43564,69,A
43565,70,B
43568,20,A
43569,21,B
43570,22,C
43571,23,D
43573,25,B
43576,28,A
43578,30,C
43579,31,D
43582,34,C
43583,35,D
43584,36,A
43585,37,B
43589,41,B
43590,42,C
43591,43,D
43592,44,A
43594,46,C
43595,47,D
43597,49,B
43598,50,C
43599,51,D
43600,52,A
43601,53,B
43602,54,C
43603,55,D
43604,56,A
43607,59,D
43609,61,B
43610,62,C
43611,63,D
43612,64,A
43616,68,A
43618,70,C
43619,18,D
43621,20,B
43627,26,D
43628,27,A
43630,29,C
43631,30,D
43632,31,A
43633,32,B
43635,34,D
43638,37,C
43639,38,D
43640,39,A
43641,40,B
43642,41,C
43644,43,A
43647,46,D
43649,48,B
43651,50,D
43652,51,A
43653,52,B
43654,53,C
43657,56,B
43658,57,C
43667,66,D
43673,19,B
43681,27,B
43683,29,D
43684,30,A
43691,37,D
43695,41,D
43697,43,B
43700,46,A
43702,48,C
43703,49,D
43706,52,C
43707,53,D
43709,55,B
43710,56,C
43713,59,B
43720,66,A
43721,67,B
43724,70,A
43725,18,B
43727,20,D
43728,21,A
43730,23,C
43732,25,A
43735,28,D
43738,31,C
43739,32,D
43742,35,C
43743,36,D
43745,38,B
43747,40,D
43749,42,B
43750,43,C
43751,44,D
43757,50,B
43759,52,D
43760,53,A
43763,56,D
43765,58,B
43766,59,C
43768,61,A
43772,65,A
43774,67,C
43777,70,B
43779,19,D
43780,20,A
43782,22,C
43783,23,D
43784,24,A
43786,26,C
43787,27,D
43788,28,A
43789,29,B
43790,30,C
43792,32,A
43793,33,B
43798,38,C
43801,41,B
43806,46,C
43808,48,A
43809,49,B
43811,51,D
43813,53,B
43814,54,C
43815,55,D
43817,57,B
43818,58,C
43822,62,C
43823,63,D
43825,65,B
43827,67,D
43833,20,B
43834,21,C
43835,22,D
43836,23,A
43841,28,B
43842,29,C
43846,33,C
43848,35,A
43851,38,D
43852,39,A
43855,42,D
43860,47,A
43861,48,B
43862,49,C
43863,50,D
43864,51,A
43867,54,D
43870,57,C
43871,58,D
43872,59,A
43873,60,B
43876,63,A
43877,64,B
43879,66,D
43884,18,A
43885,19,B
43887,21,D
43888,22,A
43889,23,B
43890,24,C
43891,25,D
43895,29,D
43900,34,A
43901,35,B
43906,40,C
43907,41,D
43908,42,A
43910,44,C
43911,45,D
43912,46,A
43916,50,A
43917,51,B
43918,52,C
43920,54,A
43922,56,C
43923,57,D
43925,59,B
43926,60,C
43927,61,D
43928,62,A
43929,63,B
43933,67,B
43939,20,D
43940,21,A
43941,22,B
43944,25,A
43945,26,B
43946,27,C
43947,28,D
43950,31,C
43952,33,A
43954,35,C
43955,36,D
43960,41,A
43961,42,B
43963,44,D
43964,45,A
43965,46,B
43966,47,C
43967,48,D
43968,49,A
43969,50,B
43970,51,C
43972,53,A
43973,54,B
43975,56,D
43976,57,A
43977,58,B
43978,59,C
43981,62,B
43983,64,D
43984,65,A
43988,69,A
43989,70,B
43990,18,C
43997,25,B
43998,26,C
43999,27,D
44001,29,B
44009,37,B
44013,41,B
44015,43,D
44020,48,A
44025,53,B
44028,56,A
44034,62,C
44037,65,B
44038,66,C
44039,67,D
44044,19,A
44046,21,C
44047,22,D
44049,24,B
44050,25,C
44053,28,B
44054,29,C
44056,31,A
44059,34,D
44060,35,A
44063,38,D
44065,40,B
44067,42,D
44068,43,A
44073,48,B
44074,49,C
44080,55,A
44084,59,A
44088,63,A
44089,64,B
44090,65,C
44094,69,C
44099,21,D
44101,23,B
44104,26,A
44105,27,B
44108,30,A
44109,31,B
44114,36,C
44115,37,D
44117,39,B
44118,40,C
44120,42,A
44126,48,C
44127,49,D
44129,51,B
44130,52,C
44131,53,D
44132,54,A
44134,56,C
44136,58,A
44139,61,D
44141,63,B
44142,64,C
44143,65,D
44145,67,B
44146,68,C
44150,19,C
44151,20,D
44152,21,A
44153,22,B
44155,24,D
44157,26,B
44158,27,C
44159,28,D
44160,29,A
44161,30,B
44162,31,C
44166,35,C
44170,39,C
44172,41,A
44173,42,B
44174,43,C
44182,51,C
44183,52,D
44186,55,C
44189,58,B
44190,59,C
44192,61,A
44193,62,B
44196,65,A
44197,66,B
44199,68,D
44200,69,A
44201,70,B
44202,18,C
44203,19,D
44204,20,A
44205,21,B
44209,25,B
44210,26,C
44211,27,D
44212,28,A
44213,29,B
44218,34,C
44219,35,D
44220,36,A
44221,37,B
44223,39,D
44227,43,D
44230,46,C
44233,49,B
44235,51,D
44240,56,A
44246,62,C
44247,63,D
44253,69,B
44254,70,C
44257,20,B
44259,22,D
44260,23,A
44261,24,B
44264,27,A
44265,28,B
44267,30,D
44268,31,A
44272,35,A
44275,38,D
44277,40,B
44279,42,D
44280,43,A
44282,45,C
44283,46,D
44284,47,A
44286,49,C
44292,55,A
44293,56,B
44294,57,C
44295,58,D
44297,60,B
44298,61,C
44299,62,D
44300,63,A
44301,64,B
44305,68,B
44308,18,A
44310,20,C
44312,22,A
44314,24,C
44316,26,A
44317,27,B
44323,33,D
44326,36,C
44327,37,D
44328,38,A
44333,43,B
44334,44,C
44335,45,D
44336,46,A
44337,47,B
44338,48,C
44340,50,A
44343,53,D
44344,54,A
44345,55,B
44346,56,C
44347,57,D
44348,58,A
44352,62,A
44355,65,D
44356,66,A
44358,68,C
44361,18,B
44362,19,C
44363,20,D
44366,23,C
44368,25,A
44372,29,A
44373,30,B
44375,32,D
44377,34,B
44378,35,C
44381,38,B
44386,43,C
44387,44,D
44390,47,C
44391,48,D
44392,49,A
44400,57,A
44401,58,B
44402,59,C
44407,64,D
44408,65,A
44409,66,B
44414,18,C
44416,20,A
44418,22,C
44422,26,C
44423,27,D
44426,30,C
44427,31,D
44428,32,A
44435,39,D
44437,41,B
44438,42,C
44439,43,D
44441,45,B
44451,55,D
44454,58,C
44455,59,D
44457,61,B
44459,63,D
44462,66,C
44464,68,A
44465,69,B
44473,24,B
44475,26,D
44476,27,A
44477,28,B
44478,29,C
44481,32,B
44482,33,C
44484,35,A
44485,36,B
44489,40,B
44491,42,D
44492,43,A
44495,46,D
44496,47,A
44498,49,C
44500,51,A
44503,54,D
44505,56,B
44506,57,C
44508,59,A
44509,60,B
44510,61,C
44513,64,B
44517,68,B
44518,69,C
44527,25,D
44528,26,A
44530,28,C
44532,30,A
44542,40,C
44543,41,D
44545,43,B
44546,44,C
44549,47,B
44550,48,C
44551,49,D
44555,53,D
44556,54,A
44558,56,C
44561,59,B
44565,63,B
44566,64,C
44567,65,D
44569,67,B
44571,69,D
44573,18,B
44574,19,C
44585,30,B
44586,31,C
44587,32,D
44592,37,A
44593,38,B
44594,39,C
44600,45,A
44603,48,D
44604,49,A
44605,50,B
44607,52,D
44612,57,A
44613,58,B
44614,59,C
44615,60,D
44617,62,B
44619,64,D
44620,65,A
44621,66,B
44623,68,D
44624,69,A
44625,70,B
44626,18,C
44627,19,D
44628,20,A
44629,21,B
44630,22,C
44631,23,D
44632,24,A
44633,25,B
44634,26,C
44637,29,B
44638,30,C
44646,38,C
44651,43,D
44652,44,A
44655,47,D
44657,49,B
44659,51,D
44660,52,A
44663,55,D
44664,56,A
44667,59,D
44668,60,A
44669,61,B
44671,63,D
44673,65,B
44675,67,D
44676,68,A
44678,70,C
44680,19,A
44681,20,B
44683,22,D
44685,24,B
44686,25,C
44698,37,C
44704,43,A
44705,44,B
44707,46,D
44708,47,A
44709,48,B
44710,49,C
44711,50,D
44712,51,A
44713,52,B
44714,53,C
44715,54,D
44716,55,A
44717,56,B
44721,60,B
44726,65,C
44730,69,C
44731,70,D
44732,18,A
44733,19,B
44734,20,C
44737,23,B
44739,25,D
44741,27,B
44744,30,A
44748,34,A
44752,38,A
44753,39,B
44754,40,C
44755,41,D
44759,45,D
44760,46,A
44761,47,B
44762,48,C
44765,51,B
44766,52,C
44768,54,A
44771,57,D
44773,59,B
44774,60,C
44776,62,A
44777,63,B
44780,66,A
44781,67,B
44782,68,C
44784,70,A
44785,18,B
44786,19,C
44787,20,D
44788,21,A
44789,22,B
44790,23,C
44792,25,A
44797,30,B
44800,33,A
44802,35,C
44805,38,B
44807,40,D
44809,42,B
44810,43,C
44812,45,A
44813,46,B
44814,47,C
44815,48,D
44817,50,B
44818,51,C
44821,54,B
44822,55,C
44823,56,D
44825,58,B
44826,59,C
44827,60,D
44829,62,B
44832,65,A
44834,67,C
44835,68,D
44841,21,B
44842,22,C
44844,24,A
44846,26,C
44848,28,A
44850,30,C
44852,32,A
44853,33,B
44854,34,C
44858,38,C
44860,40,A
44863,43,D
44864,44,A
44866,46,C
44869,49,B
44872,52,A
44874,54,C
44875,55,D
44876,56,A
44877,57,B
44878,58,C
44879,59,D
44888,68,A
44889,69,B
44892,19,A
44896,23,A
44897,24,B
44901,28,B
44903,30,D
44904,31,A
44905,32,B
44909,36,B
44910,37,C
44916,43,A
44917,44,B
44920,47,A
44921,48,B
44923,50,D
44924,51,A
44925,52,B
44929,56,B
44930,57,C
44931,58,D
44932,59,A
44934,61,C
44935,62,D
44936,63,A
44939,66,D
44940,67,A
44943,70,D
44945,19,B
44950,24,C
44953,27,B
44955,29,D
44958,32,C
44960,34,A
44965,39,B
44966,40,C
44967,41,D
44970,44,C
44971,45,D
44978,52,C
44980,54,A
44981,55,B
44982,56,C
44985,59,B
44987,61,D
44990,64,C
44991,65,D
44995,69,D
44996,70,A
44997,18,B
44999,20,D
45000,21,A
45001,22,B
45007,28,D
45008,29,A
45009,30,B
45012,33,A
45014,35,C
45016,37,A
45017,38,B
45021,42,B
45022,43,C
45023,44,D
45026,47,C
45031,52,D
45033,54,B
45034,55,C
45035,56,D
45041,62,B
45042,63,C
45045,66,B
45046,67,C
45048,69,A
45052,20,A
45054,22,C
45056,24,A
45059,27,D
45062,30,C
45066,34,C
45068,36,A
45069,37,B
45076,44,A
45078,46,C
45079,47,D
45088,56,A
45089,57,B
45091,59,D
45092,60,A
45093,61,B
45094,62,C
45095,63,D
45096,64,A
45098,66,C
45101,69,B
45103,18,D
45106,21,C
45107,22,D
45108,23,A
45109,24,B
45110,25,C
45112,27,A
45114,29,C
45116,31,A
45118,33,C
45121,36,B
45123,38,D
45125,40,B
45127,42,D
45132,47,A
45134,49,C
45136,51,A
45137,52,B
45141,56,B
45145,60,B
45147,62,D
45150,65,C
45151,66,D
45152,67,A
45153,68,B
45154,69,C
45156,18,A
45158,20,C
45159,21,D
45160,22,A
45161,23,B
45162,24,C
45163,25,D
45164,26,A
45165,27,B
45167,29,D
45169,31,B
45173,35,B
45174,36,C
45175,37,D
45176,38,A
45180,42,A
45181,43,B
45183,45,D
45184,46,A
45186,48,C
45187,49,D
45189,51,B
45190,52,C
45194,56,C
45195,57,D
45196,58,A
45200,62,A
45201,63,B
45203,65,D
45208,70,A
45210,19,C
45211,20,D
45216,25,A
45217,26,B
45219,28,D
45220,29,A
45222,31,C
45226,35,C
45229,38,B
45231,40,D
45233,42,B
45235,44,D
45237,46,B
45238,47,C
45240,49,A
45241,50,B
45243,52,D
45244,53,A
45245,54,B
45246,55,C
45251,60,D
45254,63,C
45255,64,D
45257,66,B
45260,69,A
45265,21,B
45266,22,C
45268,24,A
45270,26,C
45271,27,D
45272,28,A
45273,29,B
45274,30,C
45275,31,D
45281,37,B
45284,40,A
45285,41,B
45286,42,C
45288,44,A
45289,45,B
45290,46,C
45291,47,D
45293,49,B
45294,50,C
45295,51,D
45298,54,C
45299,55,D
45304,60,A
45305,61,B
45306,62,C
45307,63,D
45308,64,A
45309,65,B
45310,66,C
45312,68,A
45316,19,A
45320,23,A
45322,25,C
45323,26,D
45324,27,A
45325,28,B
45326,29,C
45327,30,D
45329,32,B
45330,33,C
45334,37,C
45337,40,B
45338,41,C
45339,42,D
45341,44,B
45343,46,D
45344,47,A
45345,48,B
45346,49,C
45347,50,D
45348,51,A
45351,54,D
45353,56,B
45354,57,C
45356,59,A
45357,60,B
45358,61,C
45361,64,B
45364,67,A
45365,68,B
45366,69,C
45368,18,A
45369,19,B
45372,22,A
45375,25,D
45376,26,A
45377,27,B
45378,28,C
45385,35,B
45386,36,C
45387,37,D
45391,41,D
45393,43,B
45397,47,B
45402,52,C
45403,53,D
45405,55,B
45406,56,C
45407,57,D
45412,62,A
45413,63,B
45414,64,C
45418,68,C
45421,18,B
45422,19,C
45425,22,B
45426,23,C
45428,25,A
45429,26,B
45430,27,C
45432,29,A
45433,30,B
45434,31,C
45435,32,D
45436,33,A
45437,34,B
45438,35,C
45439,36,D
45440,37,A
45443,40,D
45444,41,A
45445,42,B
45446,43,C
45448,45,A
45452,49,A
45453,50,B
45455,52,D
45463,60,D
45464,61,A
45465,62,B
45468,65,A
45471,68,D
45472,69,A
45473,70,B
45474,18,C
45477,21,B
45480,24,A
45481,25,B
45482,26,C
45483,27,D
45487,31,D
45488,32,A
45489,33,B
45490,34,C
45491,35,D
45492,36,A
45493,37,B
45494,38,C
45496,40,A
45505,49,B
45508,52,A
45509,53,B
45511,55,D
45517,61,B
45520,64,A
45524,68,A
45525,69,B
45528,19,A
45530,21,C
45531,22,D
45535,26,D
45536,27,A
45538,29,C
45539,30,D
45540,31,A
45542,33,C
45544,35,A
45545,36,B
45548,39,A
45549,40,B
45550,41,C
45551,42,D
45552,43,A
45553,44,B
45554,45,C
45557,48,B
45558,49,C
45559,50,D
45560,51,A
45561,52,B
45562,53,C
45564,55,A
45565,56,B
45567,58,D
45568,59,A
45569,60,B
45570,61,C
45573,64,B
45574,65,C
45578,69,C
45579,70,D
45581,19,B
45583,21,D
45588,26,A
45589,27,B
45591,29,D
45593,31,B
45601,39,B
45602,40,C
45603,41,D
45605,43,B
45608,46,A
45610,48,C
45613,51,B
45614,52,C
45615,53,D
45619,57,D
45621,59,B
45622,60,C
45627,65,D
45628,66,A
45629,67,B
45634,19,C
45636,21,A
45641,26,B
45644,29,A
45645,30,B
45646,31,C
45647,32,D
45648,33,A
45649,34,B
45650,35,C
45653,38,B
45654,39,C
45655,40,D
45656,41,A
45658,43,C
45659,44,D
45661,46,B
45663,48,D
45664,49,A
45665,50,B
45667,52,D
45669,54,B
45674,59,C
45675,60,D
45679,64,D
45685,70,B
45686,18,C
45687,19,D
45689,21,B
45690,22,C
45693,25,B
45695,27,D
45696,28,A
45697,29,B
45699,31,D
45701,33,B
45702,34,C
45703,35,D
45704,36,A
45705,37,B
45707,39,D
45708,40,A
45709,41,B
45710,42,C
45711,43,D
45712,44,A
45714,46,C
45720,52,A
45721,53,B
45722,54,C
45724,56,A
45727,59,D
45728,60,A
45732,64,A
45733,65,B
45736,68,A
45737,69,B
45739,18,D
45740,19,A
45742,21,C
45743,22,D
45744,23,A
45746,25,C
45747,26,D
45750,29,C
45752,31,A
45753,32,B
45759,38,D
45762,41,C
45763,42,D
45766,45,C
45768,47,A
45773,52,B
45776,55,A
45777,56,B
45778,57,C
45779,58,D
45780,59,A
45782,61,C
45783,62,D
45785,64,B
45787,66,D
45788,67,A
45789,68,B
45790,69,C
45791,70,D
45793,19,B
45794,20,C
45802,28,C
45803,29,D
45806,32,C
45808,34,A
45809,35,B
45812,38,A
45813,39,B
45814,40,C
45816,42,A
45817,43,B
45818,44,C
45820,46,A
45821,47,B
45823,49,D
45825,51,B
45826,52,C
45830,56,C
45834,60,C
45835,61,D
45836,62,A
45839,65,D
45841,67,B
45846,19,C
45847,20,D
45848,21,A
45849,22,B
45850,23,C
45851,24,D
45855,28,D
45859,32,D
45864,37,A
45867,40,D
45869,42,B
45871,44,D
45874,47,C
45879,52,D
45883,56,D
45885,58,B
45886,59,C
45887,60,D
45888,61,A
45889,62,B
45891,64,D
45892,65,A
45896,69,A
45900,20,A
45903,23,D
45906,26,C
45909,29,B
45911,31,D
45912,32,A
45916,36,A
45917,37,B
45919,39,D
45920,40,A
45921,41,B
45922,42,C
45923,43,D
45924,44,A
45929,49,B
45930,50,C
45931,51,D
45933,53,B
45934,54,C
45935,55,D
45936,56,A
45937,57,B
45938,58,C
45939,59,D
45944,64,A
45945,65,B
45948,68,A
45949,69,B
45950,70,C
45953,20,B
45956,23,A
45959,26,D
45961,28,B
45962,29,C
45963,30,D
45964,31,A
45965,32,B
45969,36,B
45970,37,C
45973,40,B
45974,41,C
45976,43,A
45977,44,B
45982,49,C
45984,51,A
45985,52,B
45986,53,C
45988,55,A
45989,56,B
45991,58,D
45992,59,A
45993,60,B
45995,62,D
46001,68,B
46003,70,D
46011,25,D
46012,26,A
46013,27,B
46014,28,C
46016,30,A
46019,33,D
46020,34,A
46021,35,B
46022,36,C
46026,40,C
46027,41,D
46028,42,A
46035,49,D
46037,51,B
46038,52,C
46039,53,D
46042,56,C
46045,59,B
46046,60,C
46052,66,A
46053,67,B
46056,70,A
46059,20,D
46061,22,B
46062,23,C
46063,24,D
46064,25,A
46065,26,B
46066,27,C
46067,28,D
46070,31,C
46071,32,D
46075,36,D
46079,40,D
46080,41,A
46082,43,C
46087,48,D
46099,60,D
46102,63,C
46103,64,D
46106,67,C
46108,69,A
46110,18,C
46111,19,D
46112,20,A
46113,21,B
46114,22,C
46116,24,A
46117,25,B
46118,26,C
46120,28,A
46123,31,D
46125,33,B
46132,40,A
46133,41,B
46136,44,A
46138,46,C
46139,47,D
46140,48,A
46142,50,C
46143,51,D
46145,53,B
46151,59,D
46152,60,A
46153,61,B
46154,62,C
46156,64,A
46157,65,B
46163,18,D
46169,24,B
46173,28,B
46175,30,D
46176,31,A
46177,32,B
46180,35,A
46182,37,C
46183,38,D
46184,39,A
46185,40,B
46190,45,C
46193,48,B
46194,49,C
46198,53,C
46199,54,D
46200,55,A
46201,56,B
46202,57,C
46203,58,D
46205,60,B
46209,64,B
46210,65,C
46211,66,D
46213,68,B
46215,70,D
46216,18,A
46217,19,B
46218,20,C
46219,21,D
46220,22,A
46221,23,B
46222,24,C
46223,25,D
46224,26,A
46226,28,C
46227,29,D
46229,31,B
46232,34,A
46234,36,C
46239,41,D
46240,42,A
46242,44,C
46244,46,A
46245,47,B
46246,48,C
46247,49,D
46249,51,B
46250,52,C
46252,54,A
46255,57,D
46256,58,A
46257,59,B
46258,60,C
46259,61,D
46260,62,A
46262,64,C
46263,65,D
46265,67,B
46267,69,D
46268,70,A
46270,19,C
46276,25,A
46277,26,B
46278,27,C
46279,28,D
46280,29,A
46281,30,B
46283,32,D
46284,33,A
46288,37,A
46299,48,D
46300,49,A
46301,50,B
46306,55,C
46308,57,A
46313,62,B
46317,66,B
46319,68,D
46320,69,A
46323,19,D
46325,21,B
46326,22,C
46327,23,D
46328,24,A
46333,29,B
46334,30,C
46336,32,A
46339,35,D
46341,37,B
46342,38,C
46344,40,A
46345,41,B
46346,42,C
46347,43,D
46348,44,A
46353,49,B
46354,50,C
46356,52,A
46359,55,D
46360,56,A
46362,58,C
46366,62,C
46367,63,D
46371,67,D
46372,68,A
46373,69,B
46380,23,A
46382,25,C
46384,27,A
46385,28,B
46394,37,C
46397,40,B
46399,42,D
46402,45,C
46403,46,D
46407,50,D
46409,52,B
46411,54,D
46414,57,C
46415,58,D
46416,59,A
46418,61,C
46422,65,C
46426,69,C
46427,70,D
46429,19,B
46430,20,C
46431,21,D
46432,22,A
46433,23,B
46434,24,C
46438,28,C
46439,29,D
46440,30,A
46441,31,B
46442,32,C
46443,33,D
46444,34,A
46445,35,B
46446,36,C
46447,37,D
46450,40,C
46453,43,B
46454,44,C
46455,45,D
46458,48,C
46461,51,B
46465,55,B
46470,60,C
46473,63,B
46474,64,C
46475,65,D
46476,66,A
46480,70,A
46481,18,B
46484,21,A
46485,22,B
46486,23,C
46487,24,D
46488,25,A
46491,28,D
46492,29,A
46493,30,B
46496,33,A
46498,35,C
46499,36,D
46501,38,B
46503,40,D
46504,41,A
46507,44,D
46508,45,A
46509,46,B
46511,48,D
46513,50,B
46514,51,C
46515,52,D
46516,53,A
46517,54,B
46520,57,A
46521,58,B
46523,60,D
46531,68,D
46532,69,A
46535,19,D
46536,20,A
46537,21,B
46545,29,B
46546,30,C
46547,31,D
46548,32,A
46550,34,C
46553,37,B
46554,38,C
46555,39,D
46557,41,B
46559,43,D
46560,44,A
46561,45,B
46562,46,C
46565,49,B
46566,50,C
46567,51,D
46568,52,A
46571,55,D
46572,56,A
46574,58,C
46575,59,D
46579,63,D
46580,64,A
46585,69,B
46588,19,A
46589,20,B
46590,21,C
46592,23,A
46594,25,C
46595,26,D
46599,30,D
46601,32,B
46602,33,C
46603,34,D
46604,35,A
46605,36,B
46610,41,C
46611,42,D
46612,43,A
46613,44,B
46614,45,C
46617,48,B
46618,49,C
46619,50,D
46620,51,A
46621,52,B
46622,53,C
46623,54,D
46624,55,A
46625,56,B
46627,58,D
46628,59,A
46631,62,D
46632,63,A
46634,65,C
46637,68,B
46638,69,C
46642,20,C
46649,27,B
46651,29,D
46654,32,C
46656,34,A
46657,35,B
46658,36,C
46659,37,D
46660,38,A
46662,40,C
46663,41,D
46664,42,A
46666,44,C
46667,45,D
46668,46,A
46669,47,B
46673,51,B
46676,54,A
46678,56,C
46680,58,A
46683,61,D
46685,63,B
46686,64,C
46687,65,D
46689,67,B
46690,68,C
46692,70,A
46693,18,B
46694,19,C
46695,20,D
46697,22,B
46698,23,C
46700,25,A
46701,26,B
46704,29,A
46705,30,B
46706,31,C
46708,33,A
46713,38,B
46714,39,C
46716,41,A
46724,49,A
46726,51,C
46727,52,D
46728,53,A
46730,55,C
46735,60,D
46736,61,A
46737,62,B
46740,65,A
46746,18,C
46747,19,D
46748,20,A
46752,24,A
46756,28,A
46760,32,A
46761,33,B
46763,35,D
46766,38,C
46769,41,B
46775,47,D
46777,49,B
46778,50,C
46780,52,A
46782,54,C
46785,57,B
46787,59,D
46788,60,A
46789,61,B
46790,62,C
46791,63,D
46792,64,A
46793,65,B
46794,66,C
46795,67,D
46797,69,B
46807,26,D
46808,27,A
46811,30,D
46813,32,B
46815,34,D
46816,35,A
46823,42,D
46824,43,A
46825,44,B
46827,46,D
46828,47,A
46829,48,B
46830,49,C
46831,50,D
46834,53,C
46835,54,D
46836,55,A
46838,57,C
46841,60,B
46845,64,B
46846,65,C
46847,66,D
46848,67,A
46850,69,C
46857,23,B
46858,24,C
46859,25,D
46860,26,A
46861,27,B
46862,28,C
46863,29,D
46866,32,C
46867,33,D
46868,34,A
46869,35,B
46870,36,C
46873,39,B
46875,41,D
46877,43,B
46879,45,D
46880,46,A
46884,50,A
46885,51,B
46887,53,D
46888,54,A
46889,55,B
46891,57,D
46893,59,B
46895,61,D
46899,65,D
46900,66,A
46901,67,B
46902,68,C
46903,69,D
46905,18,B
46906,19,C
46907,20,D
46908,21,A
46909,22,B
46914,27,C
46918,31,C
46919,32,D
46921,34,B
46922,35,C
46923,36,D
46925,38,B
46926,39,C
46929,42,B
46932,45,A
46933,46,B
46934,47,C
46937,50,B
46939,52,D
46941,54,B
46948,61,A
46949,62,B
46950,63,C
46951,64,D
46955,68,D
46956,69,A
46958,18,C
46960,20,A
46962,22,C
46963,23,D
46965,25,B
46969,29,B
46971,31,D
46972,32,A
46973,33,B
46976,36,A
46977,37,B
46979,39,D
46982,42,C
46985,45,B
46987,47,D
46993,53,B
46995,55,D
46997,57,B
46998,58,C
46999,59,D
47000,60,A
47002,62,C
47003,63,D
47004,64,A
47005,65,B
47006,66,C
47007,67,D
47009,69,B
47010,70,C
47012,19,A
47014,21,C
47016,23,A
47017,24,B
47018,25,C
47021,28,B
47022,29,C
47025,32,B
47028,35,A
47030,37,C
47031,38,D
47035,42,D
47036,43,A
47037,44,B
47040,47,A
47044,51,A
47046,53,C
47049,56,B
47050,57,C
47051,58,D
47053,60,B
47054,61,C
47056,63,A
47058,65,C
47061,68,B
47064,18,A
47068,22,A
47073,27,B
47074,28,C
47075,29,D
47076,30,A
47077,31,B
47079,33,D
47086,40,C
47087,41,D
47089,43,B
47092,46,A
47093,47,B
47094,48,C
47096,50,A
47097,51,B
47098,52,C
47100,54,A
47101,55,B
47103,57,D
47106,60,C
47108,62,A
47116,70,A
47121,22,B
47122,23,C
47124,25,A
47127,28,D
47133,34,B
47134,35,C
47135,36,D
47136,37,A
47137,38,B
47138,39,C
47142,43,C
47143,44,D
47147,48,D
47148,49,A
47150,51,C
47151,52,D
47152,53,A
47153,54,B
47154,55,C
47156,57,A
47157,58,B
47159,60,D
47161,62,B
47163,64,D
47164,65,A
47165,66,B
47166,67,C
47169,70,B
47171,19,D
47175,23,D
47177,25,B
47179,27,D
47180,28,A
47182,30,C
47185,33,B
47190,38,C
47191,39,D
47195,43,D
47198,46,C
47201,49,B
47204,52,A
47206,54,C
47207,55,D
47209,57,B
47210,58,C
47212,60,A
47213,61,B
47214,62,C
47217,65,B
47220,68,A
47221,69,B
47222,70,C
47225,20,B
47226,21,C
47227,22,D
47228,23,A
47229,24,B
47234,29,C
47235,30,D
47242,37,C
47243,38,D
47246,41,C
47247,42,D
47253,48,B
47255,50,D
47256,51,A
47260,55,A
47261,56,B
47262,57,C
47264,59,A
47267,62,D
47269,64,B
47272,67,A
47274,69,C
47277,19,B
47278,20,C
47281,23,B
47282,24,C
47284,26,A
47285,27,B
47290,32,C
47291,33,D
47295,37,D
47297,39,B
47299,41,D
47300,42,A
47301,43,B
47302,44,C
47303,45,D
47304,46,A
47305,47,B
47306,48,C
47307,49,D
47309,51,B
47310,52,C
47312,54,A
47313,55,B
47314,56,C
47316,58,A
47317,59,B
47318,60,C
47319,61,D
47320,62,A
47323,65,D
47324,66,A
47327,69,D
47328,70,A
47334,23,C
47338,27,C
47339,28,D
47340,29,A
47341,30,B
47342,31,C
47348,37,A
47349,38,B
47350,39,C
47356,45,A
47360,49,A
47362,51,C
47363,52,D
47364,53,A
47365,54,B
47366,55,C
47370,59,C
47371,60,D
47375,64,D
47376,65,A
47377,66,B
47384,20,A
47385,21,B
47386,22,C
47387,23,D
47391,27,D
47392,28,A
47394,30,C
47395,31,D
47397,33,B
47402,38,C
47403,39,D
47404,40,A
47406,42,C
47409,45,B
47410,46,C
47411,47,D
47420,56,A
47421,57,B
47422,58,C
47424,60,A
47427,63,D
47428,64,A
47432,68,A
47434,70,C
47435,18,D
47436,19,A
47437,20,B
47438,21,C
47448,31,A
47450,33,C
47451,34,D
47452,35,A
47453,36,B
47454,37,C
47455,38,D
47456,39,A
47457,40,B
47458,41,C
47459,42,D
47461,44,B
47464,47,A
47465,48,B
47466,49,C
47467,50,D
47470,53,C
47474,57,C
47476,59,A
47479,62,D
47482,65,C
47483,66,D
47485,68,B
47486,69,C
47488,18,A
47489,19,B
47490,20,C
47492,22,A
47495,25,D
47496,26,A
47499,29,D
47500,30,A
47504,34,A
47505,35,B
47507,37,D
47508,38,A
47511,41,D
47513,43,B
47514,44,C
47516,46,A
47517,47,B
47519,49,D
47522,52,C
47524,54,A
47525,55,B
47526,56,C
47528,58,A
47530,60,C
47535,65,D
47536,66,A
47538,68,C
47541,18,B
47543,20,D
47548,25,A
47549,26,B
47551,28,D
47553,30,B
47554,31,C
47555,32,D
47556,33,A
47558,35,C
47559,36,D
47560,37,A
47562,39,C
47566,43,C
47567,44,D
47568,45,A
47569,46,B
47571,48,D
47573,50,B
47575,52,D
47578,55,C
47580,57,A
47581,58,B
47584,61,A
47587,64,D
47588,65,A
47589,66,B
47591,68,D
47593,70,B
47596,20,A
47598,22,C
47601,25,B
47602,26,C
47606,30,C
47607,31,D
47609,33,B
47610,34,C
47612,36,A
47616,40,A
47618,42,C
47619,43,D
47622,46,C
47626,50,C
47633,57,B
47635,59,D
47636,60,A
47638,62,C
47643,67,D
47648,19,A
47649,20,B
47651,22,D
47655,26,D
47656,27,A
47658,29,C
47659,30,D
47661,32,B
47662,33,C
47668,39,A
47679,50,D
47681,52,B
47682,53,C
47683,54,D
47685,56,B
47686,57,C
47687,58,D
47688,59,A
47690,61,C
47691,62,D
47694,65,C
47695,66,D
47696,67,A
47698,69,C
47699,70,D
47700,18,A
47702,20,C
47703,21,D
47704,22,A
47706,24,C
47711,29,D
47714,32,C
47724,42,A
47725,43,B
47727,45,D
47730,48,C
47731,49,D
47735,53,D
47737,55,B
47739,57,D
47740,58,A
47741,59,B
47749,67,B
47750,68,C
47751,69,D
47752,70,A
47753,18,B
47754,19,C
47755,20,D
47757,22,B
47758,23,C
47759,24,D
47760,25,A
47761,26,B
47764,29,A
47771,36,D
47774,39,C
47776,41,A
47777,42,B
47780,45,A
47781,46,B
47783,48,D
47784,49,A
47785,50,B
47787,52,D
47788,53,A
47791,56,D
47793,58,B
47798,63,C
47799,64,D
47800,65,A
47805,70,B
47808,20,A
47810,22,C
47812,24,A
47815,27,D
47818,30,C
47819,31,D
47825,37,B
47826,38,C
47827,39,D
47828,40,A
47830,42,C
47831,43,D
47835,47,D
47836,48,A
47839,51,D
47843,55,D
47844,56,A
47845,57,B
47846,58,C
47848,60,A
47850,62,C
47851,63,D
47852,64,A
47853,65,B
47854,66,C
47855,67,D
47857,69,B
47858,70,C
47859,18,D
47860,19,A
47863,22,D
47864,23,A
47867,26,D
47868,27,A
47869,28,B
47871,30,D
47873,32,B
47874,33,C
47876,35,A
47878,37,C
47879,38,D
47881,40,B
47884,43,A
47886,45,C
47890,49,C
47892,51,A
47894,53,C
47897,56,B
47898,57,C
47899,58,D
47901,60,B
47902,61,C
47904,63,A
47905,64,B
47906,65,C
47907,66,D
47908,67,A
47909,68,B
47912,18,A
47913,19,B
47914,20,C
47915,21,D
47916,22,A
47917,23,B
47919,25,D
47920,26,A
47921,27,B
47922,28,C
47923,29,D
47925,31,B
47926,32,C
47927,33,D
47931,37,D
47932,38,A
47933,39,B
47934,40,C
47937,43,B
47938,44,C
47939,45,D
47940,46,A
47941,47,B
47942,48,C
47944,50,A
47945,51,B
47946,52,C
47947,53,D
47948,54,A
47949,55,B
47951,57,D
47952,58,A
47953,59,B
47956,62,A
47958,64,C
47960,66,A
47964,70,A
47966,19,C
47968,21,A
47970,23,C
47971,24,D
47972,25,A
47974,27,C
47981,34,B
47983,36,D
47984,37,A
47985,38,B
47988,41,A
47991,44,D
47993,46,B
47996,49,A
47998,51,C
47999,52,D
48002,55,C
48004,57,A
48005,58,B
48007,60,D
48008,61,A
48011,64,D
48012,65,A
48013,66,B
48014,67,C
48018,18,C
48019,19,D
48021,21,B
48022,22,C
48023,23,D
48024,24,A
48025,25,B
48029,29,B
48030,30,C
48031,31,D
48032,32,A
48041,41,B
48042,42,C
48044,44,A
48045,45,B
48047,47,D
48050,50,C
48052,52,A
48057,57,B
48059,59,D
48062,62,C
48065,65,B
48066,66,C
48068,68,A
48069,69,B
48071,18,D
48074,21,C
48076,23,A
48078,25,C
48080,27,A
48081,28,B
48082,29,C
48083,30,D
48084,31,A
48090,37,C
48091,38,D
48092,39,A
48093,40,B
48096,43,A
48098,45,C
48099,46,D
48100,47,A
48101,48,B
48107,54,D
48108,55,A
48110,57,C
48111,58,D
48113,60,B
48115,62,D
48123,70,D
48125,19,B
48126,20,C
48128,22,A
48131,25,D
48132,26,A
48133,27,B
48134,28,C
48135,29,D
48137,31,B
48140,34,A
48144,38,A
48146,40,C
48147,41,D
48148,42,A
48149,43,B
48150,44,C
48151,45,D
48152,46,A
48153,47,B
48154,48,C
48155,49,D
48156,50,A
48160,54,A
48161,55,B
48162,56,C
48163,57,D
48164,58,A
48165,59,B
48166,60,C
48167,61,D
48168,62,A
48171,65,D
48172,66,A
48173,67,B
48176,70,A
48177,18,B
48180,21,A
48183,24,D
48185,26,B
48188,29,A
48190,31,C
48192,33,A
48196,37,A
48202,43,C
48206,47,C
48207,48,D
48208,49,A
48209,50,B
48210,51,C
48214,55,C
48218,59,C
48222,63,C
48223,64,D
48224,65,A
48226,67,C
48227,68,D
48229,70,B
48230,18,C
48231,19,D
48238,26,C
48247,35,D
48250,38,C
48251,39,D
48253,41,B
48257,45,B
48259,47,D
48260,48,A
48261,49,B
48264,52,A
48265,53,B
48268,56,A
48270,58,C
48271,59,D
48272,60,A
48276,64,A
48280,68,A
48285,20,B
48288,23,A
48289,24,B
48290,25,C
48291,26,D
48293,28,B
48295,30,D
48298,33,C
48299,34,D
48302,37,C
48303,38,D
48308,43,A
48310,45,C
48312,47,A
48313,48,B
48316,51,A
48318,53,C
48326,61,C
48327,62,D
48328,63,A
48329,64,B
48330,65,C
48331,66,D
48332,67,A
48334,69,C
48336,18,A
48337,19,B
48338,20,C
48341,23,B
48342,24,C
48343,25,D
48345,27,B
48346,28,C
48349,31,B
48351,33,D
48352,34,A
48355,37,D
48356,38,A
48357,39,B
48358,40,C
48359,41,D
48364,46,A
48365,47,B
48366,48,C
48368,50,A
48370,52,C
48371,53,D
48373,55,B
48375,57,D
48377,59,B
48378,60,C
48379,61,D
48382,64,C
48384,66,A
48387,69,D
48388,70,A
48392,21,A
48393,22,B
48395,24,D
48396,25,A
48398,27,C
48402,31,C
48404,33,A
48405,34,B
48406,35,C
48408,37,A
48410,39,C
48415,44,D
48416,45,A
48417,46,B
48418,47,C
48420,49,A
48421,50,B
48423,52,D
48424,53,A
48426,55,C
48427,56,D
48428,57,A
48429,58,B
48432,61,A
48433,62,B
48435,64,D
48443,19,D
48449,25,B
48450,26,C
48451,27,D
48454,30,C
48456,32,A
48457,33,B
48458,34,C
48459,35,D
48460,36,A
48461,37,B
48462,38,C
48463,39,D
48464,40,A
48465,41,B
48466,42,C
48467,43,D
48468,44,A
48473,49,B
48475,51,D
48476,52,A
48481,57,B
48483,59,D
48484,60,A
48486,62,C
48487,63,D
48489,65,B
48491,67,D
48494,70,C
48495,18,D
48497,20,B
48499,22,D
48500,23,A
48509,32,B
48510,33,C
48512,35,A
48514,37,C
48517,40,B
48520,43,A
48521,44,B
48523,46,D
48524,47,A
48528,51,A
48529,52,B
48530,53,C
48536,59,A
48537,60,B
48544,67,A
48545,68,B
48546,69,C
48555,25,D
48556,26,A
48558,28,C
48559,29,D
48561,31,B
48562,32,C
48563,33,D
48564,34,A
48569,39,B
48574,44,C
48577,47,B
48578,48,C
48580,50,A
48583,53,D
48585,55,B
48586,56,C
48587,57,D
48589,59,B
48591,61,D
48594,64,C
48595,65,D
48597,67,B
48600,70,A
48601,18,B
48603,20,D
48607,24,D
48608,25,A
48611,28,D
48614,31,C
48615,32,D
48617,34,B
48618,35,C
48619,36,D
48622,39,C
48626,43,C
48628,45,A
48631,48,D
48632,49,A
48633,50,B
48634,51,C
48636,53,A
48637,54,B
48641,58,B
48645,62,B
48647,64,D
48650,67,C
48651,68,D
48652,69,A
48653,70,B
48654,18,C
48655,19,D
48657,21,B
48659,23,D
48663,27,D
48664,28,A
48665,29,B
48666,30,C
48667,31,D
48668,32,A
48670,34,C
48674,38,C
48675,39,D
48676,40,A
48677,41,B
48678,42,C
48679,43,D
48680,44,A
48682,46,C
48687,51,D
48690,54,C
48694,58,C
48695,59,D
48696,60,A
48697,61,B
48699,63,D
48704,68,A
48705,69,B
48707,18,D
48708,19,A
48710,21,C
48712,23,A
48714,25,C
48716,27,A
48717,28,B
48719,30,D
48720,31,A
48722,33,C
48727,38,D
48735,46,D
48736,47,A
48737,48,B
48738,49,C
48739,50,D
48740,51,A
48743,54,D
48744,55,A
48745,56,B
48748,59,A
48752,63,A
48754,65,C
48755,66,D
48757,68,B
48760,18,A
48761,19,B
48762,20,C
48767,25,D
48771,29,D
48773,31,B
48774,32,C
48780,38,A
48781,39,B
48782,40,C
48786,44,C
48790,48,C
48794,52,C
48799,57,D
48800,58,A
48801,59,B
48802,60,C
48804,62,A
48807,65,D
48809,67,B
48810,68,C
48811,69,D
48815,20,D
48816,21,A
48819,24,D
48820,25,A
48827,32,D
48834,39,C
48843,48,D
48847,52,D
48848,53,A
48849,54,B
48850,55,C
48852,57,A
48853,58,B
48859,64,D
48863,68,D
48866,18,C
48870,22,C
48871,23,D
48872,24,A
48875,27,D
48877,29,B
48881,33,B
48882,34,C
48884,36,A
48891,43,D
48893,45,B
48894,46,C
48895,47,D
48896,48,A
48897,49,B
48898,50,C
48899,51,D
48900,52,A
48902,54,C
48903,55,D
48904,56,A
48905,57,B
48907,59,D
48908,60,A
48910,62,C
48914,66,C
48916,68,A
48917,69,B
48919,18,D
48922,21,C
48924,23,A
48925,24,B
48926,25,C
48927,26,D
48928,27,A
48929,28,B
48930,29,C
48934,33,C
48935,34,D
48936,35,A
48941,40,B
48944,43,A
48945,44,B
48947,46,D
48948,47,A
48949,48,B
48951,50,D
48952,51,A
48955,54,D
48956,55,A
48959,58,D
48961,60,B
48966,65,C
48967,66,D
48969,68,B
48970,69,C
48974,20,C
48976,22,A
48979,25,D
48982,28,C
48988,34,A
48990,36,C
48993,39,B
48995,41,D
48996,42,A
49000,46,A
49002,48,C
49004,50,A
49006,52,C
49007,53,D
49009,55,B
49012,58,A
49020,66,A
49021,67,B
49022,68,C
49023,69,D
49024,70,A
49029,22,B
49031,24,D
49032,25,A
49034,27,C
49035,28,D
49036,29,A
49037,30,B
49038,31,C
49040,33,A
49041,34,B
49044,37,A
49045,38,B
49050,43,C
49051,44,D
49056,49,A
49058,51,C
49061,54,B
49063,56,D
49065,58,B
49066,59,C
49069,62,B
49071,64,D
49072,65,A
49073,66,B
49074,67,C
49075,68,D
49076,69,A
49082,22,C
49092,32,A
49095,35,D
49098,38,C
49102,42,C
49104,44,A
49106,46,C
49107,47,D
49109,49,B
49113,53,B
49116,56,A
49118,58,C
49120,60,A
49123,63,D
49125,65,B
49126,66,C
49127,67,D
49128,68,A
49131,18,D
49132,19,A
49133,20,B
49134,21,C
49136,23,A
49140,27,A
49142,29,C
49145,32,B
49147,34,D
49148,35,A
49149,36,B
49151,38,D
49153,40,B
49154,41,C
49155,42,D
49156,43,A
49158,45,C
49159,46,D
49160,47,A
49162,49,C
49168,55,A
49172,59,A
49178,65,C
49184,18,A
49188,22,A
49189,23,B
49190,24,C
49196,30,A
49199,33,D
49202,36,C
49204,38,A
49207,41,D
49217,51,B
49218,52,C
49220,54,A
49222,56,C
49223,57,D
49224,58,A
49227,61,D
49230,64,C
49231,65,D
49232,66,A
49235,69,D
49240,21,A
49243,24,D
49244,25,A
49245,26,B
49246,27,C
49247,28,D
49248,29,A
49251,32,D
49256,37,A
49257,38,B
49258,39,C
49259,40,D
49260,41,A
49261,42,B
49262,43,C
49264,45,A
49265,46,B
49270,51,C
49272,53,A
49274,55,C
49275,56,D
49277,58,B
49279,60,D
49285,66,B
49286,67,C
49287,68,D
49289,70,B
49291,19,D
49292,20,A
49295,23,D
49296,24,A
49297,25,B
49299,27,D
49300,28,A
49301,29,B
49302,30,C
49303,31,D
49306,34,C
49307,35,D
49313,41,B
49314,42,C
49317,45,B
49318,46,C
49319,47,D
49321,49,B
49329,57,B
49331,59,D
49334,62,C
49337,65,B
49338,66,C
49341,69,B
49342,70,C
49343,18,D
49344,19,A
49345,20,B
49346,21,C
49347,22,D
49351,26,D
49352,27,A
49356,31,A
49359,34,D
49365,40,B
49367,42,D
49372,47,A
49379,54,D
49381,56,B
49383,58,D
49386,61,C
49388,63,A
49389,64,B
49392,67,A
49393,68,B
49395,70,D
49399,21,D
49403,25,D
49407,29,D
49409,31,B
49411,33,D
49414,36,C
49415,37,D
49417,39,B
49418,40,C
49419,41,D
49423,45,D
49424,46,A
49425,47,B
49426,48,C
49428,50,A
49431,53,D
49433,55,B
49437,59,B
49446,68,C
49450,19,C
49452,21,A
49453,22,B
49454,23,C
49455,24,D
49456,25,A
49458,27,C
49459,28,D
49461,30,B
49463,32,D
49471,40,D
49474,43,C
49475,44,D
49477,46,B
49478,47,C
49479,48,D
49481,50,B
49486,55,C
49493,62,B
49495,64,D
49501,70,B
49503,19,D
49504,20,A
49505,21,B
49506,22,C
49507,23,D
49508,24,A
49510,26,C
49512,28,A
49513,29,B
49514,30,C
49519,35,D
49520,36,A
49522,38,C
49523,39,D
49525,41,B
49527,43,D
49530,46,C
49531,47,D
49532,48,A
49533,49,B
49537,53,B
49538,54,C
49540,56,A
49543,59,D
49546,62,C
49547,63,D
49548,64,A
49549,65,B
49550,66,C
49556,19,A
49557,20,B
49559,22,D
49560,23,A
49561,24,B
49562,25,C
49563,26,D
49567,30,D
49569,32,B
49581,44,B
49582,45,C
49585,48,B
49587,50,D
49591,54,D
49592,55,A
49594,57,C
49596,59,A
49597,60,B
49598,61,C
49605,68,B
49608,18,A
49611,21,D
49614,24,C
49615,25,D
49616,26,A
49618,28,C
49620,30,A
49622,32,C
49624,34,A
49626,36,C
49627,37,D
49628,38,A
49629,39,B
49630,40,C
49631,41,D
49633,43,B
49635,45,D
49636,46,A
49639,49,D
49641,51,B
49645,55,B
49649,59,B
49650,60,C
49651,61,D
49653,63,B
49655,65,D
49659,69,D
49664,21,A
49666,23,C
49669,26,B
49670,27,C
49671,28,D
49674,31,C
49677,34,B
49678,35,C
49683,40,D
49684,41,A
49689,46,B
49690,47,C
49691,48,D
49692,49,A
49694,51,C
49697,54,B
49698,55,C
49701,58,B
49705,62,B
49707,64,D
49709,66,B
49710,67,C
49711,68,D
49716,20,A
49718,22,C
49719,23,D
49720,24,A
49722,26,C
49725,29,B
49726,30,C
49727,31,D
49728,32,A
49731,35,D
49732,36,A
49735,39,D
49736,40,A
49737,41,B
49738,42,C
49747,51,D
49749,53,B
49750,54,C
49751,55,D
49752,56,A
49754,58,C
49756,60,A
49763,67,D
49768,19,A
49772,23,A
49775,26,D
49776,27,A
49779,30,D
49780,31,A
49781,32,B
49784,35,A
49790,41,C
49791,42,D
49793,44,B
49796,47,A
49800,51,A
49801,52,B
49802,53,C
49804,55,A
49805,56,B
49806,57,C
49807,58,D
49808,59,A
49809,60,B
49810,61,C
49811,62,D
49812,63,A
49813,64,B
49821,19,B
49822,20,C
49825,23,B
49827,25,D
49833,31,B
49834,32,C
49835,33,D
49837,35,B
49840,38,A
49842,40,C
49843,41,D
49848,46,A
49849,47,B
49850,48,C
49851,49,D
49852,50,A
49854,52,C
49856,54,A
49859,57,D
49861,59,B
49863,61,D
49866,64,C
49868,66,A
49874,19,C
49875,20,D
49876,21,A
49877,22,B
49879,24,D
49880,25,A
49886,31,C
49888,33,A
49891,36,D
49892,37,A
49895,40,D
49898,43,C
49900,45,A
49901,46,B
49903,48,D
49906,51,C
49907,52,D
49909,54,B
49910,55,C
49914,59,C
49915,60,D
49916,61,A
49917,62,B
49920,65,A
49921,66,B
49922,67,C
49924,69,A
49925,70,B
49926,18,C
49927,19,D
49928,20,A
49940,32,A
49941,33,B
49945,37,B
49946,38,C
49947,39,D
49951,43,D
49952,44,A
49955,47,D
49956,48,A
49960,52,A
49966,58,C
49967,59,D
49970,62,C
49972,64,A
49974,66,C
49976,68,A
49977,69,B
49978,70,C
49980,19,A
49983,22,D
49984,23,A
49987,26,D
49989,28,B
49990,29,C
49991,30,D
49992,31,A
49993,32,B
49994,33,C
49996,35,A
49999,38,D
50000,39,A
50003,42,D
50005,44,B
50008,47,A
50009,48,B
50010,49,C
50011,50,D
50012,51,A
50019,58,D
50020,59,A
50021,60,B
50023,62,D
50024,63,A
50027,66,D
50028,67,A
50029,68,B
50031,70,D
50032,18,A
50034,20,C
50036,22,A
50040,26,A
50043,29,D
50045,31,B
50048,34,A
50049,35,B
50050,36,C
50051,37,D
50052,38,A
50054,40,C
50056,42,A
50057,43,B
50060,46,A
50061,47,B
50066,52,C
50073,59,B
50077,63,B
50079,65,D
50080,66,A
50083,69,D
50084,70,A
50085,18,B
50090,23,C
50092,25,A
50093,26,B
50094,27,C
50097,30,B
50100,33,A
50102,35,C
50104,37,A
50106,39,C
50108,41,A
50112,45,A
50118,51,C
50119,52,D
50123,56,D
50125,58,B
50126,59,C
50129,62,B
50130,63,C
50132,65,A
50135,68,D
50136,69,A
50139,19,D
50140,20,A
50141,21,B
50143,23,D
50144,24,A
50146,26,C
50147,27,D
50148,28,A
50154,34,C
50155,35,D
50159,39,D
50160,40,A
50162,42,C
50163,43,D
50165,45,B
50166,46,C
50173,53,B
50175,55,D
50177,57,B
50180,60,A
50181,61,B
50182,62,C
50187,67,D
50188,68,A
50191,18,D
50194,21,C
50195,22,D
50200,27,A
50203,30,D
50207,34,D
50209,36,B
50211,38,D
50214,41,C
50217,44,B
50220,47,A
50224,51,A
50227,54,D
50228,55,A
50230,57,C
50232,59,A
50233,60,B
50237,64,B
50238,65,C
50243,70,D
50247,21,D
50248,22,A
50249,23,B
50250,24,C
50251,25,D
50252,26,A
50253,27,B
50256,30,A
50258,32,C
50261,35,B
50264,38,A
50266,40,C
50268,42,A
50269,43,B
50271,45,D
50273,47,B
50275,49,D
50279,53,D
50282,56,C
50283,57,D
50284,58,A
50285,59,B
50286,60,C
50288,62,A
50289,63,B
50290,64,C
50291,65,D
50292,66,A
50293,67,B
50294,68,C
50295,69,D
50298,19,C
50299,20,D
50300,21,A
50301,22,B
50302,23,C
50306,27,C
50307,28,D
50308,29,A
50310,31,C
50311,32,D
50312,33,A
50313,34,B
50318,39,C
50319,40,D
50322,43,C
50323,44,D
50326,47,C
50331,52,D
50332,53,A
50335,56,D
50337,58,B
50339,60,D
50341,62,B
50347,68,D
50349,70,B
50350,18,C
50354,22,C
50355,23,D
50358,26,C
50360,28,A
50362,30,C
50365,33,B
50366,34,C
50368,36,A
50369,37,B
50373,41,B
50377,45,B
50378,46,C
50379,47,D
50381,49,B
50383,51,D
50392,60,A
50398,66,C
50402,70,C
50403,18,D
50405,20,B
50406,21,C
50407,22,D
50408,23,A
50410,25,C
50411,26,D
50415,30,D
50416,31,A
50420,35,A
50422,37,C
50423,38,D
50425,40,B
50426,41,C
50429,44,B
50432,47,A
50438,53,C
50441,56,B
50448,63,A
50449,64,B
50450,65,C
50451,66,D
50452,67,A
50455,70,D
50456,18,A
50457,19,B
50458,20,C
50460,22,A
50462,24,C
50463,25,D
50467,29,D
50468,30,A
50469,31,B
50471,33,D
50473,35,B
50478,40,C
50481,43,B
50483,45,D
50489,51,B
50491,53,D
50492,54,A
50493,55,B
50494,56,C
50496,58,A
50501,63,B
50504,66,A
50507,69,D
50509,18,B
50511,20,D
50514,23,C
50515,24,D
50521,30,B
50522,31,C
50526,35,C
50529,38,B
50530,39,C
50532,41,A
50533,42,B
50535,44,D
50536,45,A
50538,47,C
50542,51,C
50543,52,D
50544,53,A
50546,55,C
50548,57,A
50552,61,A
50553,62,B
50554,63,C
50555,64,D
50556,65,A
50557,66,B
50558,67,C
50560,69,A
50561,70,B
50564,20,A
50565,21,B
50567,23,D
50573,29,B
50574,30,C
50576,32,A
50579,35,D
50585,41,B
50595,51,D
50596,52,A
50597,53,B
50598,54,C
50600,56,A
50601,57,B
50605,61,B
50606,62,C
50607,63,D
50608,64,A
50609,65,B
50612,68,A
50613,69,B
50616,19,A
50617,20,B
50619,22,D
50621,24,B
50622,25,C
50623,26,D
50624,27,A
50625,28,B
50631,34,D
50634,37,C
50635,38,D
50639,42,D
50641,44,B
50642,45,C
50647,50,D
50648,51,A
50650,53,C
50651,54,D
50654,57,C
50655,58,D
50656,59,A
50658,61,C
50662,65,C
50666,69,C
50667,70,D
50669,19,B
50676,26,A
50678,28,C
50682,32,C
50684,34,A
50685,35,B
50686,36,C
50688,38,A
50689,39,B
50693,43,B
50696,46,A
50701,51,B
50702,52,C
50704,54,A
50706,56,C
50708,58,A
50710,60,C
50713,63,B
50714,64,C
50720,70,A
50721,18,B
50725,22,B
50727,24,D
50730,27,C
50732,29,A
50733,30,B
50734,31,C
50735,32,D
50736,33,A
50738,35,C
50739,36,D
50740,37,A
50743,40,D
50744,41,A
50747,44,D
50748,45,A
50750,47,C
50752,49,A
50753,50,B
50754,51,C
50756,53,A
50759,56,D
50761,58,B
50764,61,A
50765,62,B
50770,67,C
50771,68,D
50772,69,A
50774,18,C
50776,20,A
50778,22,C
50780,24,A
50782,26,C
50783,27,D
50784,28,A
50790,34,C
50791,35,D
50796,40,A
50801,45,B
50802,46,C
50803,47,D
50805,49,B
50807,51,D
50808,52,A
50812,56,A
50814,58,C
50816,60,A
50817,61,B
50818,62,C
50819,63,D
50826,70,C
50827,18,D
50830,21,C
50836,27,A
50837,28,B
50838,29,C
50839,30,D
50840,31,A
50841,32,B
50842,33,C
50843,34,D
50848,39,A
50849,40,B
50850,41,C
50856,47,A
50857,48,B
50861,52,B
50867,58,D
50868,59,A
50869,60,B
50871,62,D
50874,65,C
50875,66,D
50880,18,A
50882,20,C
50884,22,A
50885,23,B
50887,25,D
50888,26,A
50890,28,C
50891,29,D
50892,30,A
50894,32,C
50896,34,A
50898,36,C
50899,37,D
50900,38,A
50901,39,B
50902,40,C
50903,41,D
50904,42,A
50912,50,A
50913,51,B
50914,52,C
50917,55,B
50922,60,C
50927,65,D
50932,70,A
50934,19,C
50936,21,A
50937,22,B
50938,23,C
50941,26,B
50942,27,C
50944,29,A
50945,30,B
50946,31,C
50951,36,D
50954,39,C
50955,40,D
50956,41,A
50957,42,B
50958,43,C
50959,44,D
50960,45,A
50962,47,C
50965,50,B
50966,51,C
50968,53,A
50969,54,B
50972,57,A
50973,58,B
50975,60,D
50977,62,B
50980,65,A
50982,67,C
50983,68,D
50984,69,A
50985,70,B
50989,21,B
50990,22,C
50992,24,A
50993,25,B
50994,26,C
50996,28,A
50999,31,D
51000,32,A
51006,38,C
51007,39,D
51009,41,B
51012,44,A
51013,45,B
51015,47,D
51021,53,B
51023,55,D
51024,56,A
51026,58,C
51027,59,D
51031,63,D
51032,64,A
51033,65,B
51036,68,A
51041,20,B
51044,23,A
51046,25,C
51048,27,A
51050,29,C
51054,33,C
51055,34,D
51057,36,B
51060,39,A
51061,40,B
51062,41,C
51064,43,A
51066,45,C
51068,47,A
51069,48,B
51070,49,C
51072,51,A
51073,52,B
51075,54,D
51076,55,A
51077,56,B
51081,60,B
51082,61,C
51085,64,B
51086,65,C
51088,67,A
51089,68,B
51091,70,D
51095,21,D
51096,22,A
51097,23,B
51098,24,C
51099,25,D
51100,26,A
51101,27,B
51102,28,C
51103,29,D
51104,30,A
51105,31,B
51106,32,C
51109,35,B
51110,36,C
51111,37,D
51112,38,A
51113,39,B
51114,40,C
51115,41,D
51117,43,B
51118,44,C
51121,47,B
51124,50,A
51125,51,B
51127,53,D
51128,54,A
51129,55,B
51130,56,C
51138,64,C
51139,65,D
51143,69,D
51147,20,D
51148,21,A
51149,22,B
51150,23,C
51151,24,D
51152,25,A
51153,26,B
51155,28,D
51157,30,B
51158,31,C
51161,34,B
51162,35,C
51165,38,B
51166,39,C
51169,42,B
51172,45,A
51173,46,B
51174,47,C
51175,48,D
51176,49,A
51178,51,C
51181,54,B
51182,55,C
51186,59,C
51188,61,A
51189,62,B
51191,64,D
51192,65,A
51193,66,B
51196,69,A
51197,70,B
51199,19,D
51200,20,A
51201,21,B
51202,22,C
51203,23,D
51204,24,A
51205,25,B
51206,26,C
51207,27,D
51208,28,A
51210,30,C
51211,31,D
51212,32,A
51213,33,B
51215,35,D
51216,36,A
51218,38,C
51219,39,D
51220,40,A
51222,42,C
51223,43,D
51225,45,B
51226,46,C
51227,47,D
51229,49,B
51230,50,C
51231,51,D
51232,52,A
51233,53,B
51234,54,C
51238,58,C
51241,61,B
51242,62,C
51244,64,A
51245,65,B
51246,66,C
51248,68,A
51251,18,D
51252,19,A
51254,21,C
51255,22,D
51258,25,C
51259,26,D
51261,28,B
51263,30,D
51264,31,A
51265,32,B
51266,33,C
51267,34,D
51268,35,A
51269,36,B
51270,37,C
51271,38,D
51274,41,C
51275,42,D
51276,43,A
51277,44,B
51280,47,A
51282,49,C
51283,50,D
51284,51,A
51288,55,A
51291,58,D
51293,60,B
51298,65,C
51299,66,D
51302,69,C
51305,19,B
51306,20,C
51307,21,D
51309,23,B
51311,25,D
51312,26,A
51313,27,B
51314,28,C
51315,29,D
51317,31,B
51320,34,A
51321,35,B
51330,44,C
51334,48,C
51335,49,D
51336,50,A
51338,52,C
51340,54,A
51341,55,B
51343,57,D
51344,58,A
51348,62,A
51349,63,B
51352,66,A
51353,67,B
51356,70,A
51358,19,C
51361,22,B
51362,23,C
51364,25,A
51365,26,B
51369,30,B
51376,37,A
51379,40,D
51381,42,B
51384,45,A
51386,47,C
51387,48,D
51390,51,C
51391,52,D
51392,53,A
51394,55,C
51395,56,D
51396,57,A
51398,59,C
51399,60,D
51400,61,A
51404,65,A
51406,67,C
51407,68,D
51411,19,D
51413,21,B
51414,22,C
51415,23,D
51419,27,D
51422,30,C
51423,31,D
51424,32,A
51425,33,B
51426,34,C
51427,35,D
51428,36,A
51431,39,D
51432,40,A
51433,41,B
51434,42,C
51438,46,C
51440,48,A
51445,53,B
51449,57,B
51453,61,B
51455,63,D
51457,65,B
51458,66,C
51459,67,D
51460,68,A
51462,70,C
51463,18,D
51464,19,A
51466,21,C
51467,22,D
51473,28,B
51474,29,C
51476,31,A
51477,32,B
51478,33,C
51480,35,A
51484,39,A
51485,40,B
51486,41,C
51487,42,D
51488,43,A
51490,45,C
51491,46,D
51492,47,A
51493,48,B
51495,50,D
51496,51,A
51499,54,D
51501,56,B
51503,58,D
51507,62,D
51508,63,A
51509,64,B
51512,67,A
51515,70,D
51516,18,A
51517,19,B
51518,20,C
51522,24,C
51523,25,D
51529,31,B
51531,33,D
51535,37,D
51536,38,A
51542,44,C
51543,45,D
51544,46,A
51546,48,C
51547,49,D
51548,50,A
51556,58,A
51558,60,C
51565,67,B
51568,70,A
51571,20,D
51572,21,A
51574,23,C
51580,29,A
51581,30,B
51582,31,C
51587,36,D
51588,37,A
51589,38,B
51590,39,C
51594,43,C
51607,56,D
51611,60,D
51612,61,A
51614,63,C
51615,64,D
51617,66,B
51619,68,D
51623,19,D
51624,20,A
51625,21,B
51627,23,D
51629,25,B
51630,26,C
51632,28,A
51634,30,C
51635,31,D
51636,32,A
51637,33,B
51638,34,C
51640,36,A
51643,39,D
51644,40,A
51645,41,B
51646,42,C
51649,45,B
51650,46,C
51652,48,A
51654,50,C
51656,52,A
51662,58,C
51666,62,C
51671,67,D
51672,68,A
51675,18,D
51678,21,C
51679,22,D
51681,24,B
51682,25,C
51685,28,B
51687,30,D
51688,31,A
51689,32,B
51693,36,B
51694,37,C
51695,38,D
51696,39,A
51697,40,B
51699,42,D
51700,43,A
51701,44,B
51706,49,C
51710,53,C
51717,60,B
51719,62,D
51720,63,A
51722,65,C
51724,67,A
51726,69,C
51727,70,D
51728,18,A
51729,19,B
51732,22,A
51733,23,B
51734,24,C
51737,27,B
51738,28,C
51739,29,D
51740,30,A
51741,31,B
51742,32,C
51747,37,D
51749,39,B
51751,41,D
51752,42,A
51755,45,D
51760,50,A
51761,51,B
51762,52,C
51765,55,B
51768,58,A
51770,60,C
51771,61,D
51772,62,A
51773,63,B
51774,64,C
51775,65,D
51776,66,A
51779,69,D
51781,18,B
51782,19,C
51787,24,D
51789,26,B
51790,27,C
51792,29,A
51794,31,C
51799,36,D
51801,38,B
51802,39,C
51803,40,D
51808,45,A
51810,47,C
51812,49,A
51813,50,B
51814,51,C
51816,53,A
51818,55,C
51820,57,A
51825,62,B
51826,63,C
51827,64,D
51828,65,A
51838,22,C
51842,26,C
51845,29,B
51851,35,D
51852,36,A
51853,37,B
51854,38,C
51862,46,C
51863,47,D
51866,50,C
51867,51,D
51868,52,A
51870,54,C
51873,57,B
51877,61,B
51878,62,C
51881,65,B
51882,66,C
51885,69,B
51886,70,C
51888,19,A
51889,20,B
51890,21,C
51891,22,D
51892,23,A
51894,25,C
51895,26,D
51896,27,A
51903,34,D
51904,35,A
51905,36,B
51907,38,D
51908,39,A
51911,42,D
51914,45,C
51916,47,A
51917,48,B
51920,51,A
51921,52,B
51923,54,D
51924,55,A
51925,56,B
51926,57,C
51927,58,D
51928,59,A
51931,62,D
51932,63,A
51933,64,B
51937,68,B
51939,70,D
51947,25,D
51948,26,A
51951,29,D
51952,30,A
51956,34,A
51958,36,C
51959,37,D
51960,38,A
51961,39,B
51966,44,C
51967,45,D
51969,47,B
51970,48,C
51973,51,B
51976,54,A
51977,55,B
51978,56,C
51979,57,D
51980,58,A
51981,59,B
51982,60,C
51989,67,B
51992,70,A
51993,18,B
51994,19,C
51997,22,B
51999,24,D
52001,26,B
52006,31,C
52009,34,B
52013,38,B
52016,41,A
52019,44,D
52026,51,C
52027,52,D
52028,53,A
52029,54,B
52031,56,D
52033,58,B
52034,59,C
52037,62,B
52039,64,D
52040,65,A
52041,66,B
52045,70,B
52047,19,D
52048,20,A
52052,24,A
52055,27,D
52056,28,A
52060,32,A
52061,33,B
52062,34,C
52063,35,D
52067,39,D
52070,42,C
52071,43,D
52072,44,A
52074,46,C
52075,47,D
52078,50,C
52086,58,C
52087,59,D
52090,62,C
52093,65,B
52094,66,C
52099,18,D
52102,21,C
52105,24,B
52108,27,A
52109,28,B
52111,30,D
52113,32,B
52114,33,C
52121,40,B
52124,43,A
52125,44,B
52126,45,C
52127,46,D
52133,52,B
52135,54,D
52136,55,A
52137,56,B
52139,58,D
52142,61,C
52143,62,D
52145,64,B
52149,68,B
52150,69,C
52153,19,B
52155,21,D
52161,27,B
52162,28,C
52164,30,A
52167,33,D
52168,34,A
52171,37,D
52174,40,C
52176,42,A
52177,43,B
52178,44,C
52181,47,B
52182,48,C
52183,49,D
52184,50,A
52188,54,A
52190,56,C
52192,58,A
52193,59,B
52201,67,B
52202,68,C
52206,19,C
52208,21,A
52211,24,D
52212,25,A
52215,28,D
52217,30,B
52219,32,D
52223,36,D
52225,38,B
52231,44,D
52232,45,A
52233,46,B
52234,47,C
52235,48,D
52236,49,A
52240,53,A
52242,55,C
52244,57,A
52245,58,B
52249,62,B
52250,63,C
52251,64,D
52252,65,A
52253,66,B
52254,67,C
52255,68,D
52256,69,A
52258,18,C
52259,19,D
52261,21,B
52262,22,C
52265,25,B
52268,28,A
52270,30,C
52271,31,D
52272,32,A
52274,34,C
52275,35,D
52277,37,B
52280,40,A
52284,44,A
52286,46,C
52287,47,D
52292,52,A
52298,58,C
52299,59,D
52300,60,A
52301,61,B
52303,63,D
52304,64,A
52306,66,C
52308,68,A
52309,69,B
52313,20,B
52315,22,D
52316,23,A
52317,24,B
52323,30,D
52326,33,C
52329,36,B
52345,52,B
52346,53,C
52347,54,D
52348,55,A
52352,59,A
52353,60,B
52354,61,C
52355,62,D
52358,65,C
52361,68,B
52362,69,C
52363,70,D
52365,19,B
52370,24,C
52373,27,B
52374,28,C
52376,30,A
52379,33,D
52380,34,A
52382,36,C
52383,37,D
52384,38,A
52387,41,D
52388,42,A
52391,45,D
52393,47,B
52394,48,C
52396,50,A
52397,51,B
52399,53,D
52401,55,B
52402,56,C
52403,57,D
52407,61,D
52408,62,A
52412,66,A
52413,67,B
52414,68,C
52415,69,D
52416,70,A
52417,18,B
52421,22,B
52424,25,A
52426,27,C
52437,38,B
52439,40,D
52441,42,B
52442,43,C
52448,49,A
52449,50,B
52450,51,C
52451,52,D
52452,53,A
52454,55,C
52459,60,D
52461,62,B
52462,63,C
52463,64,D
52468,69,A
52469,70,B
52470,18,C
52471,19,D
52476,24,A
52484,32,A
52487,35,D
52493,41,B
52495,43,D
52499,47,D
52500,48,A
52501,49,B
52502,50,C
52506,54,C
52508,56,A
52510,58,C
52511,59,D
52513,61,B
52515,63,D
52516,64,A
52528,23,A
52529,24,B
52530,25,C
52531,26,D
52536,31,A
52537,32,B
52549,44,B
52550,45,C
52552,47,A
52553,48,B
52554,49,C
52555,50,D
52556,51,A
52558,53,C
52560,55,A
52561,56,B
52562,57,C
52564,59,A
52565,60,B
52569,64,B
52571,66,D
52572,67,A
52573,68,B
52574,69,C
52575,70,D
52579,21,D
52580,22,A
52582,24,C
52584,26,A
52585,27,B
52586,28,C
52589,31,B
52590,32,C
52592,34,A
52593,35,B
52597,39,B
52598,40,C
52600,42,A
52603,45,D
52605,47,B
52608,50,A
52611,53,D
52613,55,B
52615,57,D
52616,58,A
52618,60,C
52625,67,B
52627,69,D
52630,19,C
52632,21,A
52638,27,C
52639,28,D
52640,29,A
52643,32,D
52645,34,B
52646,35,C
52650,39,C
52652,41,A
52662,51,C
52664,53,A
52665,54,B
52668,57,A
52674,63,C
52676,65,A
52677,66,B
52683,19,D
52684,20,A
52685,21,B
52686,22,C
52688,24,A
52689,25,B
52690,26,C
52691,27,D
52697,33,B
52699,35,D
52701,37,B
52702,38,C
52703,39,D
52704,40,A
52705,41,B
52706,42,C
52707,43,D
52711,47,D
52713,49,B
52716,52,A
52718,54,C
52720,56,A
52723,59,D
52725,61,B
52727,63,D
52728,64,A
52729,65,B
52731,67,D
52736,19,A
52737,20,B
52738,21,C
52740,23,A
52741,24,B
52742,25,C
52744,27,A
52745,28,B
52746,29,C
52747,30,D
52750,33,C
52752,35,A
52753,36,B
52754,37,C
52755,38,D
52762,45,C
52763,46,D
52764,47,A
52765,48,B
52767,50,D
52768,51,A
52769,52,B
52771,54,D
52772,55,A
52773,56,B
52775,58,D
52779,62,D
52781,64,B
52782,65,C
52786,69,C
52792,22,A
52793,23,B
52794,24,C
52795,25,D
52799,29,D
52800,30,A
52803,33,D
52804,34,A
52806,36,C
52808,38,A
52812,42,A
52814,44,C
52819,49,D
52823,53,D
52825,55,B
52827,57,D
52831,61,D
52833,63,B
52834,64,C
52835,65,D
52836,66,A
52837,67,B
52840,70,A
52841,18,B
52844,21,A
52845,22,B
52846,23,C
52848,25,A
52849,26,B
52850,27,C
52853,30,B
52854,31,C
52858,35,C
52861,38,B
52862,39,C
52867,44,D
52869,46,B
52870,47,C
52874,51,C
52876,53,A
52878,55,C
52880,57,A
52881,58,B
52882,59,C
52883,60,D
52884,61,A
52885,62,B
52891,68,D
52894,18,C
52896,20,A
52900,24,A
52902,26,C
52903,27,D
52905,29,B
52909,33,B
52910,34,C
52911,35,D
52915,39,D
52916,40,A
52918,42,C
52921,45,B
52922,46,C
52925,49,B
52926,50,C
52927,51,D
52931,55,D
52934,58,C
52936,60,A
52937,61,B
52939,63,D
52941,65,B
52942,66,C
52944,68,A
52945,69,B
52946,70,C
52947,18,D
52948,19,A
52949,20,B
52951,22,D
52952,23,A
52956,27,A
52957,28,B
52960,31,A
52966,37,C
52967,38,D
52970,41,C
52972,43,A
52973,44,B
52974,45,C
52975,46,D
52981,52,B
52986,57,C
52987,58,D
52991,62,D
52992,63,A
52993,64,B
52994,65,C
52995,66,D
52996,67,A
53000,18,A
53007,25,D
53009,27,B
53010,28,C
53011,29,D
53014,32,C
53016,34,A
53017,35,B
53018,36,C
53019,37,D
53022,40,C
53023,41,D
53026,44,C
53027,45,D
53028,46,A
53029,47,B
53030,48,C
53031,49,D
53035,53,D
53036,54,A
53038,56,C
53046,64,C
53047,65,D
53048,66,A
53051,69,D
53052,70,A
53054,19,C
53055,20,D
53056,21,A
53057,22,B
53061,26,B
53062,27,C
53065,30,B
53067,32,D
53070,35,C
53073,38,B
53086,51,C
53087,52,D
53089,54,B
53091,56,D
53093,58,B
53095,60,D
53096,61,A
53097,62,B
53101,66,B
53103,68,D
53106,18,C
53107,19,D
53108,20,A
53109,21,B
53110,22,C
53113,25,B
53114,26,C
53115,27,D
53118,30,C
53122,34,C
53123,35,D
53125,37,B
53126,38,C
53127,39,D
53129,41,B
53131,43,D
53132,44,A
53133,45,B
53135,47,D
53136,48,A
53138,50,C
53141,53,B
53143,55,D
53145,57,B
53146,58,C
53147,59,D
53151,63,D
53153,65,B
53154,66,C
53156,68,A
53158,70,C
53165,24,B
53168,27,A
53169,28,B
53172,31,A
53174,33,C
53175,34,D
53176,35,A
53177,36,B
53178,37,C
53179,38,D
53180,39,A
53181,40,B
53182,41,C
53184,43,A
53186,45,C
53189,48,B
53190,49,C
53192,51,A
53193,52,B
53194,53,C
53196,55,A
53204,63,A
53205,64,B
53208,67,A
53209,68,B
53211,70,D
53217,23,B
53219,25,D
53222,28,C
53226,32,C
53229,35,B
53234,40,C
53235,41,D
53236,42,A
53241,47,B
53244,50,A
53246,52,C
53250,56,C
53251,57,D
53252,58,A
53253,59,B
53254,60,C
53256,62,A
53259,65,D
53261,67,B
53263,69,D
53264,70,A
53269,22,B
53271,24,D
53274,27,C
53276,29,A
53285,38,B
53286,39,C
53287,40,D
53291,44,D
53293,46,B
53295,48,D
53297,50,B
53298,51,C
53299,52,D
53302,55,C
53303,56,D
53305,58,B
53307,60,D
53308,61,A
53312,65,A
53313,66,B
53318,18,C
53319,19,D
53325,25,B
53326,26,C
53328,28,A
53329,29,B
53332,32,A
53334,34,C
53335,35,D
53336,36,A
53337,37,B
53338,38,C
53340,40,A
53342,42,C
53343,43,D
53344,44,A
53346,46,C
53348,48,A
53351,51,D
53358,58,C
53359,59,D
53362,62,C
53364,64,A
53365,65,B
53366,66,C
53368,68,A
53370,70,C
53373,20,B
53374,21,C
53377,24,B
53383,30,D
53384,31,A
53387,34,D
53388,35,A
53391,38,D
53392,39,A
53394,41,C
53397,44,B
53399,46,D
53400,47,A
53402,49,C
53403,50,D
53404,51,A
53411,58,D
53412,59,A
53413,60,B
53414,61,C
53420,67,A
53421,68,B
53424,18,A
53426,20,C
53427,21,D
53432,26,A
53433,27,B
53438,32,C
53439,33,D
53440,34,A
53448,42,A
53449,43,B
53451,45,D
53455,49,D
53457,51,B
53461,55,B
53464,58,A
53466,60,C
53467,61,D
53468,62,A
53476,70,A
53480,21,A
53481,22,B
53483,24,D
53484,25,A
53488,29,A
53489,30,B
53492,33,A
53496,37,A
53498,39,C
53500,41,A
53501,42,B
53502,43,C
53506,47,C
53507,48,D
53509,50,B
53512,53,A
53513,54,B
53514,55,C
53517,58,B
53519,60,D
53521,62,B
53522,63,C
53523,64,D
53526,67,C
53528,69,A
53529,70,B
53530,18,C
53532,20,A
53536,24,A
53537,25,B
53538,26,C
53540,28,A
53541,29,B
53542,30,C
53545,33,B
53546,34,C
53553,41,B
53554,42,C
53555,43,D
53557,45,B
53561,49,B
53566,54,C
53567,55,D
53569,57,B
53572,60,A
53575,63,D
53579,67,D
53581,69,B
53582,70,C
53585,20,B
53586,21,C
53588,23,A
53594,29,C
53595,30,D
53598,33,C
53599,34,D
53600,35,A
53601,36,B
53603,38,D
53604,39,A
53606,41,C
53609,44,B
53616,51,A
53618,53,C
53620,55,A
53621,56,B
53624,59,A
53625,60,B
53626,61,C
53628,63,A
53629,64,B
53631,66,D
53632,67,A
53634,69,C
53641,23,B
53644,26,A
53645,27,B
53647,29,D
53648,30,A
53651,33,D
53652,34,A
53653,35,B
53654,36,C
53656,38,A
53657,39,B
53659,41,D
53660,42,A
53661,43,B
53664,46,A
53665,47,B
53667,49,D
53668,50,A
53673,55,B
53675,57,D
53676,58,A
53681,63,B
53682,64,C
53683,65,D
53687,69,D
53690,19,C
53693,22,B
53696,25,A
53698,27,C
53699,28,D
53700,29,A
53701,30,B
53702,31,C
53703,32,D
53707,36,D
53709,38,B
53710,39,C
53713,42,B
53715,44,D
53718,47,C
53720,49,A
53721,50,B
53723,52,D
53732,61,A
53734,63,C
53737,66,B
53740,69,A
53742,18,C
53743,19,D
53748,24,A
53750,26,C
53752,28,A
53754,30,C
53755,31,D
53756,32,A
53758,34,C
53762,38,C
53764,40,A
53765,41,B
53767,43,D
53768,44,A
53770,46,C
53772,48,A
53774,50,C
53780,56,A
53783,59,D
53790,66,C
53791,67,D
53794,70,C
53797,20,B
53800,23,A
53801,24,B
53802,25,C
53803,26,D
53804,27,A
53805,28,B
53810,33,C
53811,34,D
53812,35,A
53814,37,C
53815,38,D
53818,41,C
53819,42,D
53820,43,A
53822,45,C
53823,46,D
53826,49,C
53827,50,D
53829,52,B
53830,53,C
53835,58,D
53839,62,D
53842,65,C
53843,66,D
53844,67,A
53845,68,B
53850,20,C
53851,21,D
53853,23,B
53855,25,D
53858,28,C
53861,31,B
53864,34,A
53865,35,B
53868,38,A
53869,39,B
53871,41,D
53873,43,B
53874,44,C
53875,45,D
53877,47,B
53879,49,D
53881,51,B
53883,53,D
53884,54,A
53886,56,C
53887,57,D
53888,58,A
53891,61,D
53897,67,B
53898,68,C
53902,19,C
53906,23,C
53907,24,D
53908,25,A
53909,26,B
53913,30,B
53914,31,C
53919,36,D
53922,39,C
53923,40,D
53926,43,C
53928,45,A
53929,46,B
53932,49,A
53934,51,C
53936,53,A
53938,55,C
53941,58,B
53943,60,D
53944,61,A
53945,62,B
53947,64,D
53950,67,C
53953,70,B
53956,20,A
53957,21,B
53962,26,C
53964,28,A
53967,31,D
53969,33,B
53971,35,D
53972,36,A
53973,37,B
53984,48,A
53985,49,B
53986,50,C
53987,51,D
53989,53,B
53993,57,B
53994,58,C
53997,61,B
53999,63,D
54000,64,A
54001,65,B
54005,69,B
54010,21,C
54014,25,C
54016,27,A
54019,30,D
54023,34,D
54026,37,C
54031,42,D
54033,44,B
54035,46,D
54040,51,A
54041,52,B
54042,53,C
54044,55,A
54045,56,B
54046,57,C
54047,58,D
54057,68,B
54060,18,A
54061,19,B
54062,20,C
54066,24,C
54067,25,D
54070,28,C
54071,29,D
54074,32,C
54077,35,B
54084,42,A
54085,43,B
54089,47,B
54090,48,C
54095,53,D
54096,54,A
54097,55,B
54100,58,A
54101,59,B
54102,60,C
54112,70,A
54113,18,B
54114,19,C
54115,20,D
54117,22,B
54118,23,C
54121,26,B
54122,27,C
54124,29,A
54127,32,D
54128,33,A
54133,38,B
54135,40,D
54144,49,A
54148,53,A
54150,55,C
54151,56,D
54152,57,A
54154,59,C
54155,60,D
54160,65,A
54166,18,C
54167,19,D
54170,22,C
54171,23,D
54172,24,A
54174,26,C
54176,28,A
54180,32,A
54181,33,B
54184,36,A
54188,40,A
54190,42,C
54191,43,D
54192,44,A
54200,52,A
54202,54,C
54207,59,D
54210,62,C
54226,25,C
54228,27,A
54229,28,B
54230,29,C
54231,30,D
54238,37,C
54249,48,B
54253,52,B
54255,54,D
54256,55,A
54257,56,B
54260,59,A
54262,61,C
54263,62,D
54264,63,A
54265,64,B
54267,66,D
54269,68,B
54270,69,C
54274,20,C
54275,21,D
54276,22,A
54277,23,B
54278,24,C
54282,28,C
54286,32,C
54289,35,B
54291,37,D
54293,39,B
54299,45,D
54303,49,D
54304,50,A
54307,53,D
54309,55,B
54310,56,C
54312,58,A
54314,60,C
54315,61,D
54317,63,B
54318,64,C
54320,66,A
54322,68,C
54324,70,A
54325,18,B
54326,19,C
54327,20,D
54328,21,A
54329,22,B
54330,23,C
54331,24,D
54332,25,A
54333,26,B
54334,27,C
54336,29,A
54338,31,C
54339,32,D
54341,34,B
54342,35,C
54344,37,A
54345,38,B
54346,39,C
54349,42,B
54352,45,A
54353,46,B
54356,49,A
54358,51,C
54361,54,B
54362,55,C
54366,59,C
54367,60,D
54368,61,A
54372,65,A
54378,18,C
54380,20,A
54382,22,C
54384,24,A
54386,26,C
54389,29,B
54392,32,A
54393,33,B
54394,34,C
54399,39,D
54408,48,A
54409,49,B
54412,52,A
54416,56,A
54417,57,B
54419,59,D
54422,62,C
54424,64,A
54426,66,C
54427,67,D
54428,68,A
54433,20,B
54434,21,C
54435,22,D
54437,24,B
54443,30,D
54444,31,A
54445,32,B
54448,35,A
54454,41,C
54455,42,D
54456,43,A
54457,44,B
54459,46,D
54464,51,A
54465,52,B
54466,53,C
54467,54,D
54469,56,B
54472,59,A
54474,61,C
54477,64,B
54478,65,C
54479,66,D
54480,67,A
54483,70,D
54484,18,A
54485,19,B
54486,20,C
54491,25,D
54494,28,C
54497,31,B
54499,33,D
54500,34,A
54501,35,B
54504,38,A
54506,40,C
54507,41,D
54509,43,B
54510,44,C
54513,47,B
54514,48,C
54515,49,D
54521,55,B
54522,56,C
54527,61,D
54532,66,A
54533,67,B
54534,68,C
54535,69,D
54537,18,B
54538,19,C
54541,22,B
54542,23,C
54545,26,B
54547,28,D
54548,29,A
54550,31,C
54553,34,B
54554,35,C
54555,36,D
54559,40,D
54560,41,A
54566,47,C
54570,51,C
54573,54,B
54574,55,C
54577,58,B
54579,60,D
54583,64,D
54584,65,A
54588,69,A
54589,70,B
54591,19,D
54594,22,C
54597,25,B
54598,26,C
54599,27,D
54608,36,A
54610,38,C
54611,39,D
54612,40,A
54613,41,B
54614,42,C
54616,44,A
54617,45,B
54622,50,C
54623,51,D
54624,52,A
54628,56,A
54629,57,B
54630,58,C
54633,61,B
54634,62,C
54635,63,D
54636,64,A
54638,66,C
54641,69,B
54643,18,D
54645,20,B
54648,23,A
54649,24,B
54650,25,C
54655,30,D
54656,31,A
54662,37,C
54664,39,A
54665,40,B
54668,43,A
54670,45,C
54671,46,D
54673,48,B
54676,51,A
54678,53,C
54681,56,B
54682,57,C
54684,59,A
54688,63,A
54689,64,B
54690,65,C
54691,66,D
54692,67,A
54693,68,B
54694,69,C
54696,18,A
54697,19,B
54699,21,D
54700,22,A
54701,23,B
54703,25,D
54705,27,B
54708,30,A
54711,33,D
54714,36,C
54715,37,D
54716,38,A
54717,39,B
54729,51,B
54734,56,C
54739,61,D
54740,62,A
54744,66,A
54745,67,B
54746,68,C
54748,70,A
54749,18,B
54752,21,A
54755,24,D
54761,30,B
54762,31,C
54763,32,D
54764,33,A
54765,34,B
54766,35,C
54767,36,D
54769,38,B
54773,42,B
54774,43,C
54775,44,D
54776,45,A
54777,46,B
54778,47,C
54779,48,D
54782,51,C
54783,52,D
54785,54,B
54788,57,A
54789,58,B
54791,60,D
54792,61,A
54793,62,B
54799,68,D
54800,69,A
54801,70,B
54804,20,A
54805,21,B
54806,22,C
54807,23,D
54812,28,A
54814,30,C
54815,31,D
54820,36,A
54821,37,B
54822,38,C
54823,39,D
54824,40,A
54827,43,D
54830,46,C
54832,48,A
54837,53,B
54838,54,C
54840,56,A
54841,57,B
54842,58,C
54846,62,C
54847,63,D
54848,64,A
54849,65,B
54851,67,D
54852,68,A
54854,70,C
54856,19,A
54857,20,B
54858,21,C
54859,22,D
54860,23,A
54862,25,C
54863,26,D
54864,27,A
54865,28,B
54868,31,A
54869,32,B
54878,41,C
54879,42,D
54880,43,A
54881,44,B
54883,46,D
54884,47,A
54885,48,B
54886,49,C
54888,51,A
54897,60,B
54898,61,C
54899,62,D
54901,64,B
54902,65,C
54904,67,A
54911,21,D
54912,22,A
54914,24,C
54917,27,B
54922,32,C
54925,35,B
54926,36,C
54929,39,B
54930,40,C
54933,43,B
54934,44,C
54937,47,B
54938,48,C
54940,50,A
54941,51,B
54942,52,C
54946,56,C
54947,57,D
54949,59,B
54954,64,C
54955,65,D
54959,69,D
54962,19,C
54963,20,D
54966,23,C
54967,24,D
54968,25,A
54970,27,C
54972,29,A
54976,33,A
54978,35,C
54981,38,B
54984,41,A
54986,43,C
54989,46,B
54991,48,D
54993,50,B
54996,53,A
54999,56,D
55005,62,B
55006,63,C
55008,65,A
55010,67,C
55011,68,D
55018,22,C
55023,27,D
55024,28,A
55027,31,D
55031,35,D
55033,37,B
55034,38,C
55035,39,D
55036,40,A
55037,41,B
55039,43,D
55046,50,C
55047,51,D
55048,52,A
55049,53,B
55051,55,D
55052,56,A
55053,57,B
55054,58,C
55055,59,D
55060,64,A
55064,68,A
55066,70,C
55068,19,A
55069,20,B
55070,21,C
55071,22,D
55072,23,A
55074,25,C
55075,26,D
55077,28,B
55078,29,C
55081,32,B
55083,34,D
55084,35,A
55086,37,C
55088,39,A
55089,40,B
55091,42,D
55092,43,A
55093,44,B
55094,45,C
55095,46,D
55098,49,C
55104,55,A
55105,56,B
55107,58,D
55111,62,D
55112,63,A
55115,66,D
55116,67,A
55118,69,C
55119,70,D
55123,21,D
55131,29,D
55132,30,A
55133,31,B
55136,34,A
55137,35,B
55139,37,D
55140,38,A
55144,42,A
55145,43,B
55147,45,D
55151,49,D
55155,53,D
55156,54,A
55157,55,B
55159,57,D
55161,59,B
55162,60,C
55167,65,D
55168,66,A
55169,67,B
55170,68,C
55171,69,D
55172,70,A
55173,18,B
55174,19,C
55178,23,C
55181,26,B
55182,27,C
55183,28,D
55188,33,A
55191,36,D
55194,39,C
55197,42,B
55203,48,D
55205,50,B
55206,51,C
55207,52,D
55210,55,C
55211,56,D
55213,58,B
55215,60,D
55217,62,B
55219,64,D
55221,66,B
55222,67,C
55223,68,D
55226,18,C
55227,19,D
55228,20,A
55231,23,D
55233,25,B
55235,27,D
55239,31,D
55240,32,A
55248,40,A
55251,43,D
55252,44,A
55253,45,B
55256,48,A
55257,49,B
55258,50,C
55259,51,D
55263,55,D
55265,57,B
55266,58,C
55267,59,D
55270,62,C
55274,66,C
55276,68,A
55277,69,B
55279,18,D
55280,19,A
55283,22,D
55284,23,A
55285,24,B
55287,26,D
55290,29,C
55293,32,B
55294,33,C
55295,34,D
55296,35,A
55298,37,C
55299,38,D
55305,44,B
55311,50,D
55313,52,B
55314,53,C
55316,55,A
55318,57,C
55320,59,A
55321,60,B
55322,61,C
55325,64,B
55328,67,A
55329,68,B
55330,69,C
55331,70,D
55340,26,A
55341,27,B
55344,30,A
55345,31,B
55349,35,B
55352,38,A
55353,39,B
55354,40,C
55355,41,D
55356,42,A
55358,44,C
55363,49,D
55364,50,A
55374,60,C
55377,63,B
55382,68,C
55385,18,B
55387,20,D
55393,26,B
55394,27,C
55397,30,B
55398,31,C
55399,32,D
55400,33,A
55402,35,C
55403,36,D
55404,37,A
55407,40,D
55408,41,A
55409,42,B
55410,43,C
55411,44,D
55412,45,A
55413,46,B
55416,49,A
55419,52,D
55420,53,A
55423,56,D
55427,60,D
55431,64,D
55438,18,C
55439,19,D
55441,21,B
55442,22,C
55443,23,D
55444,24,A
55446,26,C
55447,27,D
55448,28,A
55449,29,B
55455,35,D
55456,36,A
55457,37,B
55461,41,B
55462,42,C
55464,44,A
55467,47,D
55468,48,A
55469,49,B
55475,55,D
55476,56,A
55477,57,B
55480,60,A
55481,61,B
55485,65,B
55487,67,D
55488,68,A
55491,18,D
55492,19,A
55493,20,B
55494,21,C
55495,22,D
55498,25,C
55501,28,B
55503,30,D
55504,31,A
55507,34,D
55515,42,D
55522,49,C
55524,51,A
55526,53,C
55527,54,D
55531,58,D
55535,62,D
55538,65,C
55540,67,A
55541,68,B
55543,70,D
55547,21,D
55551,25,D
55552,26,A
55553,27,B
55555,29,D
55556,30,A
55563,37,D
55568,42,A
55573,47,B
55576,50,A
55578,52,C
55582,56,C
55585,59,B
55586,60,C
55588,62,A
55589,63,B
55590,64,C
55591,65,D
55592,66,A
55594,68,C
55596,70,A
55597,18,B
55604,25,A
55606,27,C
55607,28,D
55608,29,A
55611,32,D
55612,33,A
55613,34,B
55619,40,D
55620,41,A
55621,42,B
55622,43,C
55623,44,D
55625,46,B
55626,47,C
55627,48,D
55630,51,C
55633,54,B
55641,62,B
55645,66,B
55646,67,C
55652,20,A
55653,21,B
55654,22,C
55655,23,D
55656,24,A
55657,25,B
55660,28,A
55662,30,C
55666,34,C
55668,36,A
55669,37,B
55670,38,C
55672,40,A
55673,41,B
55674,42,C
55677,45,B
55678,46,C
55679,47,D
55682,50,C
55687,55,D
55689,57,B
55691,59,D
55692,60,A
55693,61,B
55694,62,C
55696,64,A
55697,65,B
55699,67,D
55700,68,A
55701,69,B
55702,70,C
55704,19,A
55706,21,C
55711,26,D
55712,27,A
55713,28,B
55715,30,D
55717,32,B
55719,34,D
55721,36,B
55724,39,A
55725,40,B
55727,42,D
55732,47,A
55734,49,C
55735,50,D
55738,53,C
55739,54,D
55741,56,B
55743,58,D
55744,59,A
55747,62,D
55749,64,B
55750,65,C
55752,67,A
55753,68,B
55754,69,C
55756,18,A
55758,20,C
55759,21,D
55762,24,C
55764,26,A
55765,27,B
55767,29,D
55768,30,A
55769,31,B
55770,32,C
55772,34,A
55774,36,C
55775,37,D
55776,38,A
55777,39,B
55778,40,C
55780,42,A
55781,43,B
55785,47,B
55787,49,D
55791,53,D
55797,59,B
55798,60,C
55799,61,D
55800,62,A
55801,63,B
55802,64,C
55803,65,D
55804,66,A
55805,67,B
55806,68,C
55808,70,A
55811,20,D
55813,22,B
55816,25,A
55817,26,B
55818,27,C
55819,28,D
55820,29,A
55821,30,B
55822,31,C
55828,37,A
55830,39,C
55834,43,C
55836,45,A
55845,54,B
55851,60,D
55852,61,A
55853,62,B
55856,65,A
55859,68,D
55862,18,C
55866,22,C
55867,23,D
55869,25,B
55871,27,D
55876,32,A
55877,33,B
55878,34,C
55879,35,D
55881,37,B
55883,39,D
55884,40,A
55889,45,B
55895,51,D
55897,53,B
55898,54,C
55906,62,C
55907,63,D
55909,65,B
55911,67,D
55915,18,D
55916,19,A
55917,20,B
55919,22,D
55921,24,B
55922,25,C
55923,26,D
55924,27,A
55930,33,C
55932,35,A
55936,39,A
55937,40,B
55938,41,C
55939,42,D
55942,45,C
55943,46,D
55944,47,A
55947,50,D
55948,51,A
55950,53,C
55951,54,D
55953,56,B
55959,62,D
55967,70,D
55969,19,B
55979,29,D
55981,31,B
55982,32,C
55983,33,D
55984,34,A
55985,35,B
55988,38,A
55990,40,C
55991,41,D
55992,42,A
55996,46,A
55998,48,C
56002,52,C
56003,53,D
56005,55,B
56009,59,B
56011,61,D
56012,62,A
56018,68,C
56019,69,D
56023,20,D
56027,24,D
56028,25,A
56030,27,C
56031,28,D
56032,29,A
56036,33,A
56037,34,B
56039,36,D
56041,38,B
56044,41,A
56045,42,B
56047,44,D
56048,45,A
56051,48,D
56053,50,B
56055,52,D
56056,53,A
56059,56,D
56063,60,D
56065,62,B
56066,63,C
56070,67,C
56073,70,B
56079,23,D
56084,28,A
56088,32,A
56089,33,B
56091,35,D
56092,36,A
56094,38,C
56098,42,C
56100,44,A
56102,46,C
56108,52,A
56112,56,A
56114,58,C
56118,62,C
56120,64,A
56121,65,B
56122,66,C
56124,68,A
56128,19,A
56130,21,C
56131,22,D
56134,25,C
56135,26,D
56137,28,B
56142,33,C
56144,35,A
56145,36,B
56147,38,D
56148,39,A
56150,41,C
56151,42,D
56152,43,A
56153,44,B
56155,46,D
56159,50,D
56162,53,C
56167,58,D
56168,59,A
56173,64,B
56175,66,D
56179,70,D
56180,18,A
56183,21,D
56184,22,A
56185,23,B
56186,24,C
56187,25,D
56188,26,A
56191,29,D
56192,30,A
56193,31,B
56195,33,D
56196,34,A
56197,35,B
56199,37,D
56200,38,A
56202,40,C
56203,41,D
56204,42,A
56208,46,A
56209,47,B
56211,49,D
56213,51,B
56214,52,C
56215,53,D
56220,58,A
56223,61,D
56224,62,A
56225,63,B
56228,66,A
56231,69,D
56232,70,A
56233,18,B
56236,21,A
56237,22,B
56238,23,C
56239,24,D
56241,26,B
56242,27,C
56243,28,D
56244,29,A
56245,30,B
56246,31,C
56247,32,D
56250,35,C
56252,37,A
56254,39,C
56257,42,B
56260,45,A
56261,46,B
56262,47,C
56266,51,C
56268,53,A
56269,54,B
56271,56,D
56272,57,A
56274,59,C
56275,60,D
56276,61,A
56278,63,C
56279,64,D
56280,65,A
56282,67,C
56283,68,D
56285,70,B
56286,18,C
56292,24,A
56294,26,C
56296,28,A
56297,29,B
56300,32,A
56302,34,C
56304,36,A
56306,38,C
56308,40,A
56309,41,B
56310,42,C
56311,43,D
56313,45,B
56314,46,C
56315,47,D
56316,48,A
56318,50,C
56320,52,A
56322,54,C
56325,57,B
56329,61,B
56331,63,D
56332,64,A
56333,65,B
56337,69,B
56338,70,C
56340,19,A
56341,20,B
56344,23,A
56348,27,A
56349,28,B
56355,34,D
56361,40,B
56368,47,A
56369,48,B
56370,49,C
56371,50,D
56372,51,A
56373,52,B
56378,57,C
56381,60,B
56387,66,D
56389,68,B
56390,69,C
56391,70,D
56397,23,B
56399,25,D
56406,32,C
56410,36,C
56411,37,D
56412,38,A
56418,44,C
56419,45,D
56422,48,C
56423,49,D
56424,50,A
56427,53,D
56433,59,B
56434,60,C
56436,62,A
56438,64,C
56441,67,B
56442,68,C
56443,69,D
56444,70,A
56445,18,B
56448,21,A
56450,23,C
56452,25,A
56454,27,C
56455,28,D
56456,29,A
56458,31,C
56459,32,D
56460,33,A
56462,35,C
56466,39,C
56467,40,D
56469,42,B
56470,43,C
56471,44,D
56473,46,B
56476,49,A
56479,52,D
56480,53,A
56481,54,B
56483,56,D
56485,58,B
56489,62,B
56491,64,D
56493,66,B
56499,19,D
56500,20,A
56501,21,B
56504,24,A
56505,25,B
56506,26,C
56509,29,B
56510,30,C
56511,31,D
56514,34,C
56515,35,D
56516,36,A
56519,39,D
56522,42,C
56527,47,D
56528,48,A
56533,53,B
56534,54,C
56535,55,D
56536,56,A
56540,60,A
56542,62,C
56543,63,D
56548,68,A
56549,69,B
56553,20,B
56554,21,C
56555,22,D
56556,23,A
56557,24,B
56558,25,C
56559,26,D
56563,30,D
56564,31,A
56569,36,B
56571,38,D
56575,42,D
56576,43,A
56578,45,C
56580,47,A
56581,48,B
56582,49,C
56583,50,D
56584,51,A
56586,53,C
56592,59,A
56593,60,B
56594,61,C
56601,68,B
56602,69,C
56603,70,D
56604,18,A
56606,20,C
56609,23,B
56610,24,C
56611,25,D
56615,29,D
56620,34,A
56622,36,C
56623,37,D
56624,38,A
56626,40,C
56629,43,B
56630,44,C
56635,49,D
56636,50,A
56638,52,C
56642,56,C
56645,59,B
56646,60,C
56647,61,D
56648,62,A
56650,64,C
56655,69,D
56657,18,B
56661,22,B
56662,23,C
56664,25,A
56666,27,C
56667,28,D
56669,30,B
56670,31,C
56674,35,C
56678,39,C
56683,44,D
56685,46,B
56686,47,C
56690,51,C
56691,52,D
56694,55,C
56700,61,A
56701,62,B
56702,63,C
56705,66,B
56706,67,C
56707,68,D
56708,69,A
56709,70,B
56710,18,C
56711,19,D
56712,20,A
56717,25,B
56721,29,B
56723,31,D
56725,33,B
56726,34,C
56727,35,D
56728,36,A
56731,39,D
56734,42,C
56735,43,D
56738,46,C
56739,47,D
56742,50,C
56744,52,A
56746,54,C
56748,56,A
56750,58,C
56751,59,D
56752,60,A
56754,62,C
56755,63,D
56756,64,A
56759,67,D
56762,70,C
56763,18,D
56764,19,A
56770,25,C
56772,27,A
56773,28,B
56774,29,C
56776,31,A
56777,32,B
56778,33,C
56781,36,B
56783,38,D
56784,39,A
56785,40,B
56786,41,C
56787,42,D
56789,44,B
56790,45,C
56791,46,D
56792,47,A
56793,48,B
56794,49,C
56795,50,D
56798,53,C
56800,55,A
56801,56,B
56802,57,C
56803,58,D
56804,59,A
56806,61,C
56807,62,D
56808,63,A
56812,67,A
56821,23,B
56823,25,D
56826,28,C
56831,33,D
56838,40,C
56839,41,D
56842,44,C
56845,47,B
56846,48,C
56851,53,D
56852,54,A
56855,57,D
56861,63,B
56864,66,A
56866,68,C
56867,69,D
56868,70,A
56873,22,B
56875,24,D
56876,25,A
56879,28,D
56881,30,B
56882,31,C
56889,38,B
56891,40,D
56892,41,A
56894,43,C
56896,45,A
56897,46,B
56901,50,B
56902,51,C
56904,53,A
56905,54,B
56914,63,C
56917,66,B
56919,68,D
56923,19,D
56928,24,A
56929,25,B
56930,26,C
56931,27,D
56933,29,B
56934,30,C
56935,31,D
56937,33,B
56942,38,C
56944,40,A
56945,41,B
56946,42,C
56947,43,D
56948,44,A
56954,50,C
56956,52,A
56960,56,A
56961,57,B
56962,58,C
56963,59,D
56964,60,A
56965,61,B
56966,62,C
56968,64,A
56973,69,B
56975,18,D
56977,20,B
56978,21,C
56979,22,D
56980,23,A
56982,25,C
56984,27,A
56985,28,B
56986,29,C
56987,30,D
56988,31,A
56995,38,D
56999,42,D
57001,44,B
57002,45,C
57004,47,A
57011,54,D
57013,56,B
57017,60,B
57023,66,D
57024,67,A
57025,68,B
57029,19,B
57031,21,D
57034,24,C
57035,25,D
57047,37,D
57049,39,B
57050,40,C
57053,43,B
57057,47,B
57058,48,C
57059,49,D
57061,51,B
57062,52,C
57065,55,B
57067,57,D
57070,60,C
57071,61,D
57075,65,D
57076,66,A
57078,68,C
57080,70,A
57081,18,B
57084,21,A
57085,22,B
57089,26,B
57097,34,B
57098,35,C
57099,36,D
57103,40,D
57104,41,A
57105,42,B
57106,43,C
57107,44,D
57110,47,C
57113,50,B
57117,54,B
57118,55,C
57119,56,D
57123,60,D
57124,61,A
57125,62,B
57128,65,A
57130,67,C
57132,69,A
57134,18,C
57135,19,D
57137,21,B
57139,23,D
57140,24,A
57141,25,B
57142,26,C
57143,27,D
57145,29,B
57146,30,C
57150,34,C
57151,35,D
57152,36,A
57157,41,B
57159,43,D
57162,46,C
57163,47,D
57165,49,B
57169,53,B
57171,55,D
57172,56,A
57173,57,B
57176,60,A
57178,62,C
57180,64,A
57182,66,C
57183,67,D
57186,70,C
57188,19,A
57191,22,D
57193,24,B
57194,25,C
57197,28,B
57199,30,D
57201,32,B
57202,33,C
57207,38,D
57212,43,A
57216,47,A
57219,50,D
57220,51,A
57221,52,B
57223,54,D
57224,55,A
57228,59,A
57229,60,B
57230,61,C
57235,66,D
57238,69,C
57247,25,D
57248,26,A
57249,27,B
57251,29,D
57253,31,B
57254,32,C
57256,34,A
57259,37,D
57260,38,A
57261,39,B
57262,40,C
57263,41,D
57265,43,B
57268,46,A
57269,47,B
57271,49,D
57277,55,B
57279,57,D
57281,59,B
57285,63,B
57286,64,C
57287,65,D
57289,67,B
57291,69,D
57292,70,A
57297,22,B
57300,25,A
57302,27,C
57303,28,D
57305,30,B
57316,41,A
57318,43,C
57319,44,D
57321,46,B
57323,48,D
57325,50,B
57326,51,C
57327,52,D
57330,55,C
57331,56,D
57333,58,B
57335,60,D
57339,64,D
57340,65,A
57341,66,B
57342,67,C
57343,68,D
57344,69,A
57346,18,C
57348,20,A
57350,22,C
57351,23,D
57352,24,A
57355,27,D
57357,29,B
57359,31,D
57363,35,D
57367,39,D
57368,40,A
57369,41,B
57370,42,C
57375,47,D
57376,48,A
57378,50,C
57379,51,D
57380,52,A
57382,54,C
57388,60,A
57389,61,B
57390,62,C
57392,64,A
57393,65,B
57395,67,D
57402,21,C
57403,22,D
57404,23,A
57405,24,B
57406,25,C
57407,26,D
57410,29,C
57411,30,D
57412,31,A
57422,41,C
57424,43,A
57425,44,B
57434,53,C
57438,57,C
57439,58,D
57442,61,C
57444,63,A
57445,64,B
57446,65,C
57451,70,D
57455,21,D
57462,28,C
57466,32,C
57469,35,B
57472,38,A
57474,40,C
57479,45,D
57482,48,C
57486,52,C
57487,53,D
57490,56,C
57492,58,A
57493,59,B
57497,63,B
57500,66,A
57504,70,A
57505,18,B
57506,19,C
57508,21,A
57509,22,B
57510,23,C
57513,26,B
57514,27,C
57515,28,D
57517,30,B
57520,33,A
57523,36,D
57526,39,C
57528,41,A
57530,43,C
57532,45,A
57533,46,B
57535,48,D
57539,52,D
57540,53,A
57543,56,D
57546,59,C
57548,61,A
57550,63,C
57551,64,D
57555,68,D
57556,69,A
57561,21,B
57562,22,C
57563,23,D
57564,24,A
57568,28,A
57569,29,B
57571,31,D
57579,39,D
57582,42,C
57584,44,A
57586,46,C
57587,47,D
57589,49,B
57591,51,D
57592,52,A
57593,53,B
57594,54,C
57598,58,C
57600,60,A
57603,63,D
57607,67,D
57608,68,A
57612,19,A
57614,21,C
57616,23,A
57618,25,C
57619,26,D
57623,30,D
57625,32,B
57629,36,B
57630,37,C
57632,39,A
57633,40,B
57635,42,D
57640,47,A
57641,48,B
57643,50,D
57646,53,C
57647,54,D
57648,55,A
57649,56,B
57650,57,C
57656,63,A
57658,65,C
57663,70,D
57670,24,C
57676,30,A
57678,32,C
57679,33,D
57682,36,C
57683,37,D
57685,39,B
57686,40,C
57687,41,D
57689,43,B
57692,46,A
57694,48,C
57695,49,D
57697,51,B
57698,52,C
57699,53,D
57700,54,A
57701,55,B
57702,56,C
57704,58,A
57705,59,B
57707,61,D
57709,63,B
57710,64,C
57712,66,A
57717,18,B
57718,19,C
57719,20,D
57721,22,B
57722,23,C
57723,24,D
57724,25,A
57725,26,B
57726,27,C
57728,29,A
57729,30,B
57731,32,D
57734,35,C
57737,38,B
57741,42,B
57743,44,D
57745,46,B
57746,47,C
57751,52,D
57754,55,C
57755,56,D
57757,58,B
57758,59,C
57759,60,D
57760,61,A
57766,67,C
57767,68,D
57770,18,C
57776,24,A
57782,30,C
57788,36,A
57790,38,C
57794,42,C
57797,45,B
57798,46,C
57799,47,D
57802,50,C
57803,51,D
57807,55,D
57810,58,C
57811,59,D
57812,60,A
57814,62,C
57820,68,A
57825,20,B
57827,22,D
57829,24,B
57831,26,D
57832,27,A
57833,28,B
57835,30,D
57840,35,A
57842,37,C
57844,39,A
57847,42,D
57849,44,B
57852,47,A
57854,49,C
57858,53,C
57862,57,C
57865,60,B
57866,61,C
57867,62,D
57868,63,A
57869,64,B
57871,66,D
57873,68,B
57874,69,C
57875,70,D
57877,19,B
57882,24,C
57883,25,D
57885,27,B
57886,28,C
57887,29,D
57888,30,A
57889,31,B
57890,32,C
57891,33,D
57895,37,D
57900,42,A
57902,44,C
57903,45,D
57904,46,A
57905,47,B
57906,48,C
57908,50,A
57913,55,B
57915,57,D
57919,61,D
57921,63,B
57922,64,C
57923,65,D
57924,66,A
57925,67,B
57926,68,C
57927,69,D
57935,24,D
57936,25,A
57937,26,B
57938,27,C
57940,29,A
57942,31,C
57947,36,D
57948,37,A
57950,39,C
57951,40,D
57952,41,A
57955,44,D
57956,45,A
57958,47,C
57959,48,D
57961,50,B
57964,53,A
57966,55,C
57968,57,A
57971,60,D
57973,62,B
57976,65,A
57977,66,B
57978,67,C
57984,20,A
57985,21,B
57987,23,D
57989,25,B
57992,28,A
57995,31,D
57996,32,A
57998,34,C
58000,36,A
58003,39,D
58004,40,A
58007,43,D
58011,47,D
58012,48,A
58016,52,A
58017,53,B
58018,54,C
58020,56,A
58021,57,B
58022,58,C
58023,59,D
58026,62,C
58028,64,A
58029,65,B
58030,66,C
58037,20,B
58042,25,C
58047,30,D
58050,33,C
58053,36,B
58054,37,C
58055,38,D
58057,40,B
58058,41,C
58060,43,A
58062,45,C
58063,46,D
58064,47,A
58066,49,C
58067,50,D
58068,51,A
58069,52,B
58071,54,D
58072,55,A
58073,56,B
58074,57,C
58075,58,D
58078,61,C
58081,64,B
58082,65,C
58085,68,B
58088,18,A
58095,25,D
58096,26,A
58098,28,C
58102,32,C
58103,33,D
58104,34,A
58105,35,B
58108,38,A
58109,39,B
58110,40,C
58113,43,B
58117,47,B
58118,48,C
58120,50,A
58121,51,B
58122,52,C
58123,53,D
58124,54,A
58126,56,C
58127,57,D
58129,59,B
58131,61,D
58133,63,B
58136,66,A
58137,67,B
58138,68,C
58139,69,D
58145,22,B
58149,26,B
58155,32,D
58158,35,C
58162,39,C
58163,40,D
58167,44,D
58169,46,B
58171,48,D
58172,49,A
58173,50,B
58175,52,D
58177,54,B
58179,56,D
58180,57,A
58181,58,B
58185,62,B
58189,66,B
58193,70,B
58197,21,B
58200,24,A
58206,30,C
58207,31,D
58208,32,A
58213,37,B
58215,39,D
58216,40,A
58218,42,C
58222,46,C
58226,50,C
58228,52,A
58230,54,C
58232,56,A
58236,60,A
58242,66,C
58243,67,D
58246,70,C
58248,19,A
58249,20,B
58251,22,D
58253,24,B
58254,25,C
58255,26,D
58263,34,D
58264,35,A
58266,37,C
58267,38,D
58268,39,A
58271,42,D
58273,44,B
58278,49,C
58283,54,D
58284,55,A
58285,56,B
58288,59,A
58290,61,C
58293,64,B
58294,65,C
58298,69,C
58300,18,A
58309,27,B
58310,28,C
58311,29,D
58315,33,D
58323,41,D
58324,42,A
58326,44,C
58330,48,C
58333,51,B
58337,55,B
58340,58,A
58341,59,B
58342,60,C
58344,62,A
58345,63,B
58349,67,B
58351,69,D
58355,20,D
58357,22,B
58358,23,C
58359,24,D
58365,30,B
58368,33,A
58369,34,B
58371,36,D
58372,37,A
58377,42,B
58378,43,C
58379,44,D
58380,45,A
58383,48,D
58385,50,B
58388,53,A
58391,56,D
58395,60,D
58401,66,B
58405,70,B
58407,19,D
58412,24,A
58413,25,B
58415,27,D
58418,30,C
58419,31,D
58421,33,B
58422,34,C
58425,37,B
58426,38,C
58429,41,B
58430,42,C
58432,44,A
58433,45,B
58434,46,C
58438,50,C
58440,52,A
58441,53,B
58442,54,C
58444,56,A
58447,59,D
58451,63,D
58453,65,B
58456,68,A
58457,69,B
58462,21,C
58465,24,B
58466,25,C
58469,28,B
58470,29,C
58471,30,D
58474,33,C
58475,34,D
58476,35,A
58477,36,B
58480,39,A
58484,43,A
58487,46,D
58488,47,A
58491,50,D
58494,53,C
58496,55,A
58498,57,C
58500,59,A
58501,60,B
58502,61,C
58503,62,D
58504,63,A
58506,65,C
58507,66,D
58508,67,A
58510,69,C
58514,20,C
58517,23,B
58520,26,A
58522,28,C
58523,29,D
58524,30,A
58533,39,B
58534,40,C
58536,42,A
58538,44,C
58541,47,B
58542,48,C
58547,53,D
58548,54,A
58550,56,C
58551,57,D
58553,59,B
58554,60,C
58560,66,A
58562,68,C
58568,21,A
58570,23,C
58577,30,B
58578,31,C
58579,32,D
58580,33,A
58581,34,B
58585,38,B
58586,39,C
58587,40,D
58589,42,B
58591,44,D
58592,45,A
58596,49,A
58600,53,A
58605,58,B
58607,60,D
58613,66,B
58615,68,D
58616,69,A
58617,70,B
58623,23,D
58628,28,A
58629,29,B
58630,30,C
58633,33,B
58635,35,D
58641,41,B
58642,42,C
58645,45,B
58647,47,D
58648,48,A
58651,51,D
58655,55,D
58661,61,B
58663,63,D
58664,64,A
58668,68,A
58670,70,C
58673,20,B
58674,21,C
58677,24,B
58680,27,A
58682,29,C
58685,32,B
58687,34,D
58691,38,D
58695,42,D
58698,45,C
58699,46,D
58700,47,A
58702,49,C
58704,51,A
58707,54,D
58708,55,A
58710,57,C
58711,58,D
58713,60,B
58716,63,A
58717,64,B
58718,65,C
58726,20,C
58728,22,A
58730,24,C
58731,25,D
58732,26,A
58734,28,C
58737,31,B
58743,37,D
58747,41,D
58751,45,D
58754,48,C
58757,51,B
58764,58,A
58768,62,A
58769,63,B
58773,67,B
58774,68,C
58776,70,A
58778,19,C
58780,21,A
58788,29,A
58792,33,A
58793,34,B
58794,35,C
58797,38,B
58798,39,C
58800,41,A
58803,44,D
58804,45,A
58807,48,D
58808,49,A
58809,50,B
58810,51,C
58811,52,D
58814,55,C
58816,57,A
58818,59,C
58819,60,D
58820,61,A
58821,62,B
58822,63,C
58825,66,B
58826,67,C
58827,68,D
58828,69,A
58834,22,C
58839,27,D
58840,28,A
58842,30,C
58857,45,B
58862,50,C
58864,52,A
58865,53,B
58866,54,C
58867,55,D
58868,56,A
58869,57,B
58870,58,C
58871,59,D
58872,60,A
58876,64,A
58877,65,B
58878,66,C
58881,69,B
58884,19,A
58885,20,B
58887,22,D
58888,23,A
58895,30,D
58897,32,B
58900,35,A
58901,36,B
58903,38,D
58908,43,A
58909,44,B
58912,47,A
58913,48,B
58918,53,C
58921,56,B
58922,57,C
58923,58,D
58924,59,A
58925,60,B
58926,61,C
58927,62,D
58928,63,A
58929,64,B
58935,70,D
58936,18,A
58939,21,D
58940,22,A
58942,24,C
58946,28,C
58947,29,D
58948,30,A
58951,33,D
58952,34,A
58962,44,C
58965,47,B
58967,49,D
58970,52,C
58972,54,A
58977,59,B
58979,61,D
58980,62,A
58981,63,B
58984,66,A
58985,67,B
58986,68,C
58987,69,D
58996,25,A
59000,29,A
59002,31,C
59004,33,A
59006,35,C
59010,39,C
59017,46,B
59018,47,C
59020,49,A
59025,54,B
59026,55,C
59031,60,D
59037,66,B
59040,69,A
59042,18,C
59043,19,D
59044,20,A
59048,24,A
59049,25,B
59051,27,D
59052,28,A
59054,30,C
59055,31,D
59059,35,D
59060,36,A
59062,38,C
59063,39,D
59064,40,A
59066,42,C
59067,43,D
59068,44,A
59069,45,B
59070,46,C
59071,47,D
59072,48,A
59075,51,D
59076,52,A
59078,54,C
59079,55,D
59081,57,B
59084,60,A
59085,61,B
59088,64,A
59092,68,A
59093,69,B
59095,18,D
59098,21,C
59099,22,D
59100,23,A
59102,25,C
59103,26,D
59104,27,A
59105,28,B
59106,29,C
59110,33,C
59111,34,D
59119,42,D
59121,44,B
59122,45,C
59123,46,D
59124,47,A
59126,49,C
59128,51,A
59129,52,B
59130,53,C
59132,55,A
59133,56,B
59137,60,B
59138,61,C
59139,62,D
59142,65,C
59143,66,D
59146,69,C
59147,70,D
59148,18,A
59150,20,C
59151,21,D
59152,22,A
59153,23,B
59160,30,A
59161,31,B
59163,33,D
59164,34,A
59168,38,A
59169,39,B
59173,43,B
59174,44,C
59176,46,A
59177,47,B
59178,48,C
59179,49,D
59180,50,A
59181,51,B
59185,55,B
59186,56,C
59187,57,D
59189,59,B
59190,60,C
59194,64,C
59195,65,D
59196,66,A
59197,67,B
59198,68,C
59199,69,D
59200,70,A
59201,18,B
59203,20,D
59204,21,A
59205,22,B
59206,23,C
59208,25,A
59209,26,B
59211,28,D
59213,30,B
59214,31,C
59215,32,D
59216,33,A
59223,40,D
59229,46,B
59231,48,D
59235,52,D
59238,55,C
59239,56,D
59241,58,B
59242,59,C
59244,61,A
59245,62,B
59247,64,D
59248,65,A
59254,18,C
59259,23,D
59260,24,A
59261,25,B
59262,26,C
59263,27,D
59264,28,A
59267,31,D
59268,32,A
59271,35,D
59272,36,A
59273,37,B
59279,43,D
59281,45,B
59287,51,D
59290,54,C
59294,58,C
59298,62,C
59300,64,A
59302,66,C
59303,67,D
59305,69,B
59307,18,D
59310,21,C
59311,22,D
59312,23,A
59318,29,C
59319,30,D
59323,34,D
59330,41,C
59331,42,D
59333,44,B
59334,45,C
59335,46,D
59340,51,A
59341,52,B
59342,53,C
59345,56,B
59349,60,B
59354,65,C
59355,66,D
59356,67,A
59357,68,B
59359,70,D
59360,18,A
59364,22,A
59376,34,A
59386,44,C
59387,45,D
59388,46,A
59389,47,B
59392,50,A
59393,51,B
59395,53,D
59396,54,A
59401,59,B
59402,60,C
59405,63,B
59406,64,C
59409,67,B
59410,68,C
59411,69,D
59417,22,B
59419,24,D
59420,25,A
59423,28,D
59427,32,D
59429,34,B
59430,35,C
59431,36,D
59437,42,B
59439,44,D
59443,48,D
59444,49,A
59448,53,A
59449,54,B
59451,56,D
59452,57,A
59455,60,D
59461,66,B
59464,69,A
59465,70,B
59466,18,C
59467,19,D
59471,23,D
59473,25,B
59477,29,B
59479,31,D
59483,35,D
59484,36,A
59487,39,D
59489,41,B
59490,42,C
59491,43,D
59492,44,A
59493,45,B
59495,47,D
59498,50,C
59501,53,B
59505,57,B
59506,58,C
59507,59,D
59509,61,B
59511,63,D
59520,19,A
59525,24,B
59526,25,C
59529,28,B
59534,33,C
59535,34,D
59538,37,C
59542,41,C
59544,43,A
59545,44,B
59546,45,C
59547,46,D
59556,55,A
59557,56,B
59560,59,A
59561,60,B
59564,63,A
59567,66,D
59568,67,A
59570,69,C
59571,70,D
59572,18,A
59575,21,D
59578,24,C
59581,27,B
59582,28,C
59584,30,A
59589,35,B
59590,36,C
59591,37,D
59593,39,B
59601,47,B
59604,50,A
59605,51,B
59606,52,C
59613,59,B
59614,60,C
59616,62,A
59617,63,B
59621,67,B
59622,68,C
59623,69,D
59624,70,A
59625,18,B
59626,19,C
59630,23,C
59632,25,A
59633,26,B
59637,30,B
59638,31,C
59644,37,A
59646,39,C
59649,42,B
59650,43,C
59657,50,B
59658,51,C
59659,52,D
59660,53,A
59665,58,B
59667,60,D
59668,61,A
59669,62,B
59670,63,C
59674,67,C
59675,68,D
59678,18,C
59679,19,D
59683,23,D
59685,25,B
59689,29,B
59690,30,C
59692,32,A
59693,33,B
59696,36,A
59699,39,D
59700,40,A
59704,44,A
59707,47,D
59708,48,A
59712,52,A
59715,55,D
59716,56,A
59717,57,B
59725,65,B
59728,68,A
59731,18,D
59733,20,B
59737,24,B
59738,25,C
59739,26,D
59740,27,A
59742,29,C
59748,35,A
59749,36,B
59752,39,A
59753,40,B
59754,41,C
59759,46,D
59762,49,C
59765,52,B
59766,53,C
59767,54,D
59768,55,A
59769,56,B
59770,57,C
59771,58,D
59772,59,A
59774,61,C
59775,62,D
59779,66,D
59782,69,C
59784,18,A
59785,19,B
59786,20,C
59789,23,B
59790,24,C
59796,30,A
59797,31,B
59798,32,C
59800,34,A
59803,37,D
59807,41,D
59808,42,A
59815,49,D
59816,50,A
59817,51,B
59818,52,C
59819,53,D
59820,54,A
59823,57,D
59824,58,A
59828,62,A
59830,64,C
59831,65,D
59832,66,A
59833,67,B
59836,70,A
59839,20,D
59840,21,A
59843,24,D
59846,27,C
59847,28,D
59848,29,A
59854,35,C
59855,36,D
59856,37,A
59857,38,B
59858,39,C
59859,40,D
59864,45,A
59866,47,C
59869,50,B
59870,51,C
59873,54,B
59876,57,A
59877,58,B
59879,60,D
59885,66,B
59886,67,C
59887,68,D
59889,70,B
59890,18,C
59892,20,A
59894,22,C
59895,23,D
59897,25,B
59899,27,D
59902,30,C
59903,31,D
59910,38,C
59914,42,C
59915,43,D
59916,44,A
59917,45,B
59918,46,C
59920,48,A
59923,51,D
59926,54,C
59927,55,D
59929,57,B
59930,58,C
59932,60,A
59933,61,B
59934,62,C
59936,64,A
59938,66,C
59939,67,D
59940,68,A
59942,70,C
59944,19,A
59948,23,A
59951,26,D
59952,27,A
59953,28,B
59957,32,B
59958,33,C
59961,36,B
59962,37,C
59964,39,A
59966,41,C
59967,42,D
59969,44,B
59970,45,C
59971,46,D
59977,52,B
59980,55,A
59981,56,B
59982,57,C
59984,59,A
59985,60,B
59989,64,B
59994,69,C
59995,70,D
59996,18,A
59997,19,B
60007,29,D
60011,33,D
60016,38,A
60017,39,B
60018,40,C
60021,43,B
60022,44,C
60023,45,D
60026,48,C
60027,49,D
60028,50,A
60029,51,B
60031,53,D
60032,54,A
60033,55,B
60035,57,D
60037,59,B
60041,63,B
60050,19,C
60052,21,A
60054,23,C
60056,25,A
60057,26,B
60058,27,C
60066,35,C
60068,37,A
60069,38,B
60070,39,C
60074,43,C
60078,47,C
60079,48,D
60083,52,D
60086,55,C
60089,58,B
60090,59,C
60094,63,C
60099,68,D
60102,18,C
60104,20,A
60106,22,C
60107,23,D
60108,24,A
60110,26,C
60111,27,D
60113,29,B
60119,35,D
60120,36,A
60122,38,C
60123,39,D
60124,40,A
60126,42,C
60129,45,B
60131,47,D
60134,50,C
60138,54,C
60139,55,D
60142,58,C
60143,59,D
60145,61,B
60146,62,C
60149,65,B
60150,66,C
60152,68,A
60154,70,C
60156,19,A
60158,21,C
60159,22,D
60162,25,C
60163,26,D
60164,27,A
60168,31,A
60171,34,D
60172,35,A
60174,37,C
60175,38,D
60176,39,A
60178,41,C
60179,42,D
60180,43,A
60183,46,D
60189,52,B
60191,54,D
60195,58,D
60199,62,D
60202,65,C
60203,66,D
60204,67,A
60207,70,D
60209,19,B
60211,21,D
60216,26,A
60217,27,B
60218,28,C
60219,29,D
60220,30,A
60221,31,B
60224,34,A
60226,36,C
60227,37,D
60228,38,A
60229,39,B
60231,41,D
60234,44,C
60237,47,B
60241,51,B
60245,55,B
60246,56,C
60248,58,A
60249,59,B
60253,63,B
60255,65,D
60256,66,A
60257,67,B
60258,68,C
60259,69,D
60260,70,A
60261,18,B
60263,20,D
60264,21,A
60265,22,B
60266,23,C
60270,27,C
60271,28,D
60273,30,B
60274,31,C
60275,32,D
60276,33,A
60280,37,A
60281,38,B
60282,39,C
60285,42,B
60292,49,A
60295,52,D
60296,53,A
60300,57,A
60302,59,C
60303,60,D
60304,61,A
60305,62,B
60307,64,D
60308,65,A
60309,66,B
60310,67,C
60311,68,D
60321,25,B
60328,32,A
60330,34,C
60332,36,A
60333,37,B
60334,38,C
60339,43,D
60343,47,D
60344,48,A
60345,49,B
60346,50,C
60348,52,A
60349,53,B
60352,56,A
60353,57,B
60355,59,D
60356,60,A
60362,66,C
60363,67,D
60364,68,A
60365,69,B
60366,70,C
60369,20,B
60370,21,C
60372,23,A
60374,25,C
60378,29,C
60379,30,D
60380,31,A
60381,32,B
60382,33,C
60383,34,D
60384,35,A
60385,36,B
60387,38,D
60388,39,A
60390,41,C
60391,42,D
60393,44,B
60394,45,C
60395,46,D
60396,47,A
60399,50,D
60401,52,B
60402,53,C
60405,56,B
60412,63,A
60413,64,B
60418,69,C
60420,18,A
60422,20,C
60423,21,D
60424,22,A
60425,23,B
60426,24,C
60431,29,D
60435,33,D
60438,36,C
60440,38,A
60442,40,C
60443,41,D
60446,44,C
60447,45,D
60448,46,A
60458,56,C
60463,61,D
60465,63,B
60466,64,C
60468,66,A
60470,68,C
60472,70,A
60474,19,C
60475,20,D
60480,25,A
60482,27,C
60484,29,A
60485,30,B
60486,31,C
60488,33,A
60489,34,B
60490,35,C
60491,36,D
60503,48,D
60514,59,C
60515,60,D
60518,63,C
60519,64,D
60523,68,D
60528,20,A
60529,21,B
60533,25,B
60534,26,C
60535,27,D
60538,30,C
60540,32,A
60541,33,B
60543,35,D
60544,36,A
60546,38,C
60547,39,D
60549,41,B
60552,44,A
60553,45,B
60555,47,D
60556,48,A
60558,50,C
60562,54,C
60571,63,D
60575,67,D
60576,68,A
60581,20,B
60582,21,C
60585,24,B
60590,29,C
60595,34,D
60596,35,A
60598,37,C
60600,39,A
60602,41,C
60604,43,A
60607,46,D
60609,48,B
60615,54,D
60616,55,A
60617,56,B
60618,57,C
60619,58,D
60620,59,A
60621,60,B
60623,62,D
60625,64,B
60631,70,D
60632,18,A
60640,26,A
60641,27,B
60643,29,D
60644,30,A
60645,31,B
60647,33,D
60651,37,D
60652,38,A
60658,44,C
60661,47,B
60662,48,C
60664,50,A
60666,52,C
60668,54,A
60669,55,B
60671,57,D
60672,58,A
60676,62,A
60680,66,A
60683,69,D
60684,70,A
60685,18,B
60688,21,A
60692,25,A
60693,26,B
60698,31,C
60699,32,D
60700,33,A
60704,37,A
60706,39,C
60708,41,A
60710,43,C
60711,44,D
60713,46,B
60722,55,C
60726,59,C
60731,64,D
60733,66,B
60735,68,D
60741,21,B
60742,22,C
60753,33,B
60756,36,A
60757,37,B
60759,39,D
60764,44,A
60767,47,D
60768,48,A
60769,49,B
60774,54,C
60775,55,D
60776,56,A
60778,58,C
60782,62,C
60783,63,D
60784,64,A
60785,65,B
60788,68,A
60791,18,D
60792,19,A
60793,20,B
60794,21,C
60798,25,C
60800,27,A
60801,28,B
60802,29,C
60804,31,A
60806,33,C
60807,34,D
60811,38,D
60822,49,C
60823,50,D
60825,52,B
60826,53,C
60827,54,D
60828,55,A
60831,58,D
60833,60,B
60834,61,C
60837,64,B
60838,65,C
60839,66,D
60841,68,B
60843,70,D
60846,20,C
60847,21,D
60854,28,C
60857,31,B
60858,32,C
60859,33,D
60861,35,B
60863,37,D
60864,38,A
60865,39,B
60868,42,A
60871,45,D
60873,47,B
60876,50,A
60877,51,B
60879,53,D
60880,54,A
60882,56,C
60884,58,A
60890,64,C
60894,68,C
60895,69,D
60897,18,B
60900,21,A
60904,25,A
60906,27,C
60907,28,D
60908,29,A
60919,40,D
60920,41,A
60928,49,A
60929,50,B
60930,51,C
60933,54,B
60935,56,D
60939,60,D
60940,61,A
60942,63,C
60945,66,B
60948,69,A
60950,18,C
60955,23,D
60957,25,B
60959,27,D
60960,28,A
60961,29,B
60962,30,C
60963,31,D
60965,33,B
60970,38,C
60974,42,C
60977,45,B
60982,50,C
60984,52,A
60985,53,B
60987,55,D
60990,58,C
60991,59,D
60992,60,A
60994,62,C
60997,65,B
60999,67,D
61001,69,B
61007,22,D
61011,26,D
61014,29,C
61015,30,D
61016,31,A
61017,32,B
61018,33,C
61020,35,A
61022,37,C
61023,38,D
61025,40,B
61026,41,C
61027,42,D
61028,43,A
61030,45,C
61031,46,D
61032,47,A
61034,49,C
61036,51,A
61037,52,B
61044,59,A
61049,64,B
61050,65,C
61051,66,D
61052,67,A
61053,68,B
61055,70,D
61057,19,B
61060,22,A
61061,23,B
61064,26,A
61066,28,C
61067,29,D
61070,32,C
61072,34,A
61077,39,B
61078,40,C
61080,42,A
61081,43,B
61082,44,C
61084,46,A
61091,53,D
61093,55,B
61096,58,A
61097,59,B
61099,61,D
61103,65,D
61108,70,A
61109,18,B
61110,19,C
61112,21,A
61115,24,D
61116,25,A
61117,26,B
61118,27,C
61122,31,C
61123,32,D
61125,34,B
61126,35,C
61127,36,D
61129,38,B
61130,39,C
61131,40,D
61135,44,D
61136,45,A
61137,46,B
61141,50,B
61144,53,A
61145,54,B
61146,55,C
61147,56,D
61150,59,C
61151,60,D
61153,62,B
61156,65,A
61157,66,B
61160,69,A
61161,70,B
61163,19,D
61164,20,A
61166,22,C
61168,24,A
61170,26,C
61172,28,A
61173,29,B
61174,30,C
61175,31,D
61180,36,A
61182,38,C
61184,40,A
61186,42,C
61187,43,D
61188,44,A
61189,45,B
61194,50,C
61198,54,C
61200,56,A
61203,59,D
61207,63,D
61208,64,A
61209,65,B
61210,66,C
61212,68,A
61214,70,C
61216,19,A
61222,25,C
61223,26,D
61224,27,A
61225,28,B
61227,30,D
61228,31,A
61231,34,D
61233,36,B
61234,37,C
61235,38,D
61237,40,B
61238,41,C
61242,45,C
61247,50,D
61248,51,A
61263,66,D
61266,69,C
61268,18,A
61270,20,C
61278,28,C
61279,29,D
61282,32,C
61283,33,D
61284,34,A
61285,35,B
61289,39,B
61291,41,D
61292,42,A
61293,43,B
61297,47,B
61301,51,B
61302,52,C
61303,53,D
61306,56,C
61307,57,D
61309,59,B
61312,62,A
61314,64,C
61315,65,D
61317,67,B
61322,19,C
61325,22,B
61330,27,C
61335,32,D
61337,34,B
61341,38,B
61346,43,C
61347,44,D
61350,47,C
61355,52,D
61357,54,B
61358,55,C
61360,57,A
61361,58,B
61362,59,C
61365,62,B
61366,63,C
61374,18,C
61375,19,D
61376,20,A
61379,23,D
61380,24,A
61383,27,D
61384,28,A
61388,32,A
61389,33,B
61390,34,C
61391,35,D
61393,37,B
61396,40,A
61400,44,A
61401,45,B
61402,46,C
61404,48,A
61406,50,C
61413,57,B
61415,59,D
61417,61,B
61423,67,D
61426,70,C
61427,18,D
61429,20,B
61432,23,A
61451,42,D
61452,43,A
61455,46,D
61457,48,B
61463,54,D
61469,60,B
61470,61,C
61471,62,D
61477,68,B
61478,69,C
61481,19,B
61485,23,B
61490,28,C
61491,29,D
61493,31,B
61496,34,A
61499,37,D
61500,38,A
61502,40,C
61507,45,D
61518,56,C
61520,58,A
61525,63,B
61526,64,C
61528,66,A
61530,68,C
61533,18,B
61534,19,C
61537,22,B
61538,23,C
61540,25,A
61545,30,B
61548,33,A
61551,36,D
61555,40,D
61559,44,D
61561,46,B
61562,47,C
61563,48,D
61565,50,B
61573,58,B
61575,60,D
61577,62,B
61578,63,C
61579,64,D
61582,67,C
61583,68,D
61585,70,B
61587,19,D
61589,21,B
61590,22,C
61595,27,D
61597,29,B
61598,30,C
61600,32,A
61601,33,B
61603,35,D
61611,43,D
61613,45,B
61614,46,C
61615,47,D
61616,48,A
61617,49,B
61622,54,C
61623,55,D
61624,56,A
61625,57,B
61626,58,C
61627,59,D
61628,60,A
61629,61,B
61630,62,C
61631,63,D
61632,64,A
61633,65,B
61634,66,C
61635,67,D
61637,69,B
61638,70,C
61639,18,D
61643,22,D
61646,25,C
61648,27,A
61653,32,B
61654,33,C
61657,36,B
61658,37,C
61659,38,D
61662,41,C
61663,42,D
61666,45,C
61668,47,A
61669,48,B
61670,49,C
61671,50,D
61672,51,A
61675,54,D
61678,57,C
61681,60,B
61684,63,A
61686,65,C
61687,66,D
61688,67,A
61689,68,B
61690,69,C
61692,18,A
61695,21,D
61697,23,B
61700,26,A
61705,31,B
61706,32,C
61708,34,A
61715,41,D
61720,46,A
61721,47,B
61722,48,C
61724,50,A
61725,51,B
61726,52,C
61727,53,D
61728,54,A
61729,55,B
61730,56,C
61731,57,D
61735,61,D
61737,63,B
61738,64,C
61741,67,B
61742,68,C
61746,19,C
61747,20,D
61748,21,A
61749,22,B
61752,25,A
61756,29,A
61760,33,A
61762,35,C
61763,36,D
61764,37,A
61765,38,B
61766,39,C
61767,40,D
61769,42,B
61770,43,C
61772,45,A
61773,46,B
61774,47,C
61777,50,B
61778,51,C
61780,53,A
61781,54,B
61782,55,C
61783,56,D
61785,58,B
61787,60,D
61789,62,B
61794,67,C
61795,68,D
61797,70,B
61798,18,C
61801,21,B
61806,26,C
61809,29,B
61810,30,C
61811,31,D
61812,32,A
61813,33,B
61814,34,C
61815,35,D
61825,45,B
61826,46,C
61830,50,C
61831,51,D
61832,52,A
61833,53,B
61834,54,C
61837,57,B
61843,63,D
61850,70,C
61851,18,D
61855,22,D
61858,25,C
61861,28,B
61863,30,D
61864,31,A
61870,37,C
61872,39,A
61873,40,B
61875,42,D
61881,48,B
61882,49,C
61887,54,D
61888,55,A
61892,59,A
61894,61,C
61895,62,D
61896,63,A
61898,65,C
61900,67,A
61902,69,C
61906,20,C
61907,21,D
61908,22,A
61909,23,B
61912,26,A
61913,27,B
61919,33,D
61921,35,B
61924,38,A
61929,43,B
61932,46,A
61934,48,C
61936,50,A
61939,53,D
61943,57,D
61945,59,B
61947,61,D
61957,18,B
61958,19,C
61961,22,B
61963,24,D
61964,25,A
61968,29,A
61969,30,B
61971,32,D
61972,33,A
61974,35,C
61976,37,A
61977,38,B
61979,40,D
61981,42,B
61985,46,B
61991,52,D
61995,56,D
61997,58,B
61998,59,C
62000,61,A
62003,64,D
62009,70,B
62010,18,C
62011,19,D
62012,20,A
62013,21,B
62015,23,D
62016,24,A
62020,28,A
62023,31,D
62030,38,C
62031,39,D
62039,47,D
62040,48,A
62042,50,C
62043,51,D
62046,54,C
62047,55,D
62048,56,A
62056,64,A
62057,65,B
62060,68,A
62063,18,D
62066,21,C
62068,23,A
62069,24,B
62074,29,C
62077,32,B
62079,34,D
62080,35,A
62082,37,C
62084,39,A
62086,41,C
62087,42,D
62088,43,A
62090,45,C
62092,47,A
62094,49,C
62095,50,D
62099,54,D
62100,55,A
62102,57,C
62105,60,B
62106,61,C
62111,66,D
62117,19,B
62119,21,D
62121,23,B
62123,25,D
62125,27,B
62126,28,C
62128,30,A
62134,36,C
62135,37,D
62140,42,A
62142,44,C
62146,48,C
62147,49,D
62148,50,A
62153,55,B
62154,56,C
62158,60,C
62161,63,B
62163,65,D
62164,66,A
62165,67,B
62169,18,B
62174,23,C
62176,25,A
62184,33,A
62187,36,D
62188,37,A
62189,38,B
62192,41,A
62194,43,C
62195,44,D
62196,45,A
62197,46,B
62200,49,A
62201,50,B
62204,53,A
62209,58,B
62213,62,B
62215,64,D
62217,66,B
62218,67,C
62224,20,A
62231,27,D
62233,29,B
62235,31,D
62236,32,A
62237,33,B
62244,40,A
62246,42,C
62248,44,A
62249,45,B
62250,46,C
62251,47,D
62255,51,D
62258,54,C
62259,55,D
62263,59,D
62264,60,A
62266,62,C
62269,65,B
62270,66,C
62274,70,C
62276,19,A
62278,21,C
62279,22,D
62282,25,C
62283,26,D
62285,28,B
62292,35,A
62300,43,A
62302,45,C
62305,48,B
62306,49,C
62307,50,D
62309,52,B
62310,53,C
62311,54,D
62312,55,A
62313,56,B
62314,57,C
62318,61,C
62319,62,D
62320,63,A
62321,64,B
62322,65,C
62324,67,A
62326,69,C
62329,19,B
62330,20,C
62331,21,D
62332,22,A
62333,23,B
62334,24,C
62335,25,D
62348,38,A
62349,39,B
62351,41,D
62352,42,A
62354,44,C
62358,48,C
62362,52,C
62364,54,A
62367,57,D
62369,59,B
62372,62,A
62373,63,B
62374,64,C
62375,65,D
62376,66,A
62377,67,B
62378,68,C
62380,70,A
62384,21,A
62386,23,C
62387,24,D
62390,27,C
62392,29,A
62394,31,C
62395,32,D
62396,33,A
62398,35,C
62402,39,C
62404,41,A
62408,45,A
62410,47,C
62415,52,D
62416,53,A
62417,54,B
62424,61,A
62428,65,A
62431,68,D
62434,18,C
62436,20,A
62437,21,B
62438,22,C
62439,23,D
62445,29,B
62446,30,C
62449,33,B
62450,34,C
62451,35,D
62453,37,B
62456,40,A
62459,43,D
62460,44,A
62461,45,B
62463,47,D
62464,48,A
62465,49,B
62466,50,C
62467,51,D
62468,52,A
62469,53,B
62472,56,A
62474,58,C
62476,60,A
62481,65,B
62486,70,C
62489,20,B
62497,28,B
62502,33,C
62503,34,D
62507,38,D
62509,40,B
62510,41,C
62511,42,D
62513,44,B
62515,46,D
62516,47,A
62519,50,D
62522,53,C
62524,55,A
62529,60,B
62533,64,B
62542,20,C
62543,21,D
62546,24,C
62548,26,A
62550,28,C
62552,30,A
62553,31,B
62555,33,D
62557,35,B
62558,36,C
62562,40,C
62563,41,D
62569,47,B
62572,50,A
62573,51,B
62575,53,D
62578,56,C
62586,64,C
62589,67,B
62593,18,B
62596,21,A
62598,23,C
62599,24,D
62600,25,A
62601,26,B
62606,31,C
62608,33,A
62610,35,C
62613,38,B
62614,39,C
62617,42,B
62618,43,C
62619,44,D
62620,45,A
62625,50,B
62629,54,B
62632,57,A
62636,61,A
62639,64,D
62640,65,A
62645,70,B
62649,21,B
62650,22,C
62653,25,B
62655,27,D
62666,38,C
62667,39,D
62670,42,C
62677,49,B
62683,55,D
62684,56,A
62685,57,B
62687,59,D
62692,64,A
62695,67,D
62700,19,A
62701,20,B
62703,22,D
62705,24,B
62706,25,C
62709,28,B
62711,30,D
62716,35,A
62717,36,B
62718,37,C
62719,38,D
62721,40,B
62726,45,C
62727,46,D
62733,52,B
62735,54,D
62736,55,A
62738,57,C
62740,59,A
62744,63,A
62745,64,B
62746,65,C
62748,67,A
62752,18,A
62753,19,B
62756,22,A
62758,24,C
62760,26,A
62762,28,C
62764,30,A
62766,32,C
62770,36,C
62774,40,C
62776,42,A
62778,44,C
62780,46,A
62782,48,C
62789,55,B
62790,56,C
62791,57,D
62792,58,A
62795,61,D
62797,63,B
62798,64,C
62799,65,D
62803,69,D
62805,18,B
62809,22,B
62811,24,D
62815,28,D
62818,31,C
62822,35,C
62823,36,D
62825,38,B
62826,39,C
62827,40,D
62830,43,C
62831,44,D
62833,46,B
62835,48,D
62836,49,A
62837,50,B
62840,53,A
62842,55,C
62844,57,A
62845,58,B
62856,69,A
62857,70,B
62863,23,D
62867,27,D
62868,28,A
62870,30,C
62872,32,A
62875,35,D
62876,36,A
62877,37,B
62879,39,D
62880,40,A
62881,41,B
62882,42,C
62883,43,D
62888,48,A
62892,52,A
62894,54,C
62895,55,D
62897,57,B
62900,60,A
62901,61,B
62902,62,C
62903,63,D
62907,67,D
62908,68,A
62912,19,A
62914,21,C
62917,24,B
62920,27,A
62925,32,B
62929,36,B
62932,39,A
62936,43,A
62937,44,B
62941,48,B
62944,51,A
62950,57,C
62952,59,A
62955,62,D
62956,63,A
62960,67,A
62962,69,C
62963,70,D
62965,19,B
62966,20,C
62967,21,D
62970,24,C
62973,27,B
62975,29,D
62976,30,A
62979,33,D
62980,34,A
62982,36,C
62983,37,D
62987,41,D
62988,42,A
62990,44,C
62994,48,C
62995,49,D
62996,50,A
62997,51,B
63001,55,B
63003,57,D
63005,59,B
63006,60,C
63008,62,A
63015,69,D
63016,70,A
63017,18,B
63018,19,C
63021,22,B
63022,23,C
63026,27,C
63030,31,C
63033,34,B
63035,36,D
63036,37,A
63037,38,B
63039,40,D
63044,45,A
63050,51,C
63051,52,D
63052,53,A
63055,56,D
63056,57,A
63057,58,B
63058,59,C
63061,62,B
63062,63,C
63064,65,A
63065,66,B
63066,67,C
63067,68,D
63069,70,B
63072,20,A
63073,21,B
63076,24,A
63077,25,B
63081,29,B
63087,35,D
63088,36,A
63090,38,C
63093,41,B
63094,42,C
63096,44,A
63098,46,C
63099,47,D
63107,55,D
63109,57,B
63112,60,A
63113,61,B
63118,66,C
63127,22,D
63135,30,D
63139,34,D
63140,35,A
63141,36,B
63143,38,D
63146,41,C
63147,42,D
63149,44,B
63150,45,C
63152,47,A
63155,50,D
63157,52,B
63159,54,D
63165,60,B
63173,68,B
63175,70,D
63176,18,A
63177,19,B
63179,21,D
63195,37,D
63196,38,A
63197,39,B
63198,40,C
63200,42,A
63202,44,C
63203,45,D
63204,46,A
63206,48,C
63207,49,D
63211,53,D
63218,60,C
63220,62,A
63221,63,B
63223,65,D
63226,68,C
63227,69,D
63232,21,A
63235,24,D
63238,27,C
63241,30,B
63242,31,C
63243,32,D
63244,33,A
63246,35,C
63247,36,D
63250,39,C
63257,46,B
63258,47,C
63259,48,D
63264,53,A
63265,54,B
63266,55,C
63272,61,A
63273,62,B
63274,63,C
63280,69,A
63282,18,C
63284,20,A
63289,25,B
63293,29,B
63295,31,D
63298,34,C
63299,35,D
63300,36,A
63304,40,A
63305,41,B
63308,44,A
63309,45,B
63311,47,D
63312,48,A
63315,51,D
63318,54,C
63319,55,D
63320,56,A
63321,57,B
63323,59,D
63328,64,A
63329,65,B
63335,18,D
63337,20,B
63338,21,C
63339,22,D
63342,25,C
63343,26,D
63346,29,C
63347,30,D
63349,32,B
63350,33,C
63351,34,D
63356,39,A
63358,41,C
63359,42,D
63364,47,A
63365,48,B
63366,49,C
63367,50,D
63368,51,A
63369,52,B
63373,56,B
63378,61,C
63379,62,D
63384,67,A
63385,68,B
63386,69,C
63388,18,A
63389,19,B
63393,23,B
63399,29,D
63404,34,A
63406,36,C
63407,37,D
63408,38,A
63415,45,D
63416,46,A
63419,49,D
63420,50,A
63423,53,D
63424,54,A
63428,58,A
63430,60,C
63433,63,B
63436,66,A
63437,67,B
63440,70,A
63443,20,D
63445,22,B
63452,29,A
63456,33,A
63462,39,C
63463,40,D
63466,43,C
63470,47,C
63473,50,B
63475,52,D
63476,53,A
63477,54,B
63479,56,D
63485,62,B
63487,64,D
63488,65,A
63491,68,D
63492,69,A
63493,70,B
63494,18,C
63497,21,B
63498,22,C
63504,28,A
63506,30,C
63507,31,D
63510,34,C
63514,38,C
63515,39,D
63516,40,A
63517,41,B
63518,42,C
63519,43,D
63520,44,A
63521,45,B
63523,47,D
63527,51,D
63532,56,A
63533,57,B
63537,61,B
63542,66,C
63544,68,A
63549,20,B
63551,22,D
63557,28,B
63558,29,C
63561,32,B
63563,34,D
63564,35,A
63566,37,C
63569,40,B
63571,42,D
63573,44,B
63577,48,B
63578,49,C
63579,50,D
63580,51,A
63583,54,D
63585,56,B
63586,57,C
63590,61,C
63591,62,D
63592,63,A
63593,64,B
63594,65,C
63596,67,A
63598,69,C
63599,70,D
63602,20,C
63604,22,A
63605,23,B
63606,24,C
63607,25,D
63611,29,D
63618,36,C
63622,40,C
63623,41,D
63625,43,B
63626,44,C
63628,46,A
63629,47,B
63631,49,D
63639,57,D
63642,60,C
63643,61,D
63644,62,A
63647,65,D
63649,67,B
63655,20,D
63660,25,A
63661,26,B
63669,34,B
63671,36,D
63677,42,B
63678,43,C
63680,45,A
63683,48,D
63684,49,A
63685,50,B
63690,55,C
63697,62,B
63698,63,C
63699,64,D
63700,65,A
63702,67,C
63707,19,D
63708,20,A
63709,21,B
63711,23,D
63714,26,C
63718,30,C
63723,35,D
63725,37,B
63727,39,D
63728,40,A
63731,43,D
63736,48,A
63737,49,B
63743,55,D
63745,57,B
63748,60,A
63751,63,D
63756,68,A
63757,69,B
63758,70,C
63760,19,A
63761,20,B
63764,23,A
63766,25,C
63768,27,A
63769,28,B
63770,29,C
63773,32,B
63775,34,D
63777,36,B
63778,37,C
63783,42,D
63785,44,B
63786,45,C
63787,46,D
63788,47,A
63790,49,C
63792,51,A
63794,53,C
63795,54,D
63798,57,C
63806,65,C
63808,67,A
63809,68,B
63810,69,C
63817,23,B
63821,27,B
63825,31,B
63826,32,C
63828,34,A
63831,37,D
63834,40,C
63835,41,D
63836,42,A
63838,44,C
63840,46,A
63841,47,B
63843,49,D
63847,53,D
63849,55,B
63850,56,C
63857,63,B
63862,68,C
63863,69,D
63865,18,B
63866,19,C
63867,20,D
63868,21,A
63869,22,B
63870,23,C
63873,26,B
63875,28,D
63876,29,A
63877,30,B
63884,37,A
63885,38,B
63887,40,D
63890,43,C
63891,44,D
63892,45,A
63893,46,B
63894,47,C
63895,48,D
63899,52,D
63900,53,A
63901,54,B
63904,57,A
63907,60,D
63908,61,A
63915,68,D
63916,69,A
63917,70,B
63920,20,A
63923,23,D
63926,26,C
63928,28,A
63932,32,A
63933,33,B
63934,34,C
63936,36,A
63941,41,B
63943,43,D
63944,44,A
63946,46,C
63948,48,A
63952,52,A
63957,57,B
63958,58,C
63962,62,C
63965,65,B
63966,66,C
63967,67,D
63968,68,A
63969,69,B
63970,70,C
63972,19,A
63973,20,B
63974,21,C
63977,24,B
63978,25,C
63979,26,D
63980,27,A
63984,31,A
63987,34,D
63988,35,A
63990,37,C
63991,38,D
63992,39,A
63996,43,A
63997,44,B
63999,46,D
64002,49,C
64004,51,A
64006,53,C
64013,60,B
64015,62,D
64016,63,A
64020,67,A
64021,68,B
64022,69,C
64023,70,D
64024,18,A
64026,20,C
64027,21,D
64031,25,D
64037,31,B
64039,33,D
64040,34,A
64041,35,B
64042,36,C
64044,38,A
64045,39,B
64055,49,D
64058,52,C
64063,57,D
64064,58,A
64066,60,C
64067,61,D
64069,63,B
64070,64,C
64071,65,D
64073,67,B
64075,69,D
64080,21,A
64087,28,D
64097,38,B
64099,40,D
64100,41,A
64106,47,C
64107,48,D
64111,52,D
64113,54,B
64114,55,C
64115,56,D
64116,57,A
64117,58,B
64119,60,D
64120,61,A
64121,62,B
64122,63,C
64125,66,B
64127,68,D
64136,24,A
64137,25,B
64141,29,B
64146,34,C
64147,35,D
64151,39,D
64153,41,B
64155,43,D
64156,44,A
64157,45,B
64158,46,C
64164,52,A
64166,54,C
64167,55,D
64168,56,A
64169,57,B
64170,58,C
64171,59,D
64172,60,A
64173,61,B
64174,62,C
64175,63,D
64176,64,A
64182,70,C
64184,19,A
64185,20,B
64189,24,B
64191,26,D
64194,29,C
64196,31,A
64197,32,B
64202,37,C
64203,38,D
64205,40,B
64207,42,D
64209,44,B
64212,47,A
64214,49,C
64218,53,C
64221,56,B
64223,58,D
64224,59,A
64225,60,B
64226,61,C
64229,64,B
64232,67,A
64234,69,C
64235,70,D
64236,18,A
64239,21,D
64243,25,D
64245,27,B
64249,31,B
64251,33,D
64259,41,D
64264,46,A
64265,47,B
64267,49,D
64268,50,A
64271,53,D
64275,57,D
64276,58,A
64279,61,D
64281,63,B
64284,66,A
64286,68,C
64289,18,B
64291,20,D
64292,21,A
64294,23,C
64299,28,D
64301,30,B
64302,31,C
64303,32,D
64306,35,C
64310,39,C
64312,41,A
64313,42,B
64318,47,C
64319,48,D
64324,53,A
64327,56,D
64331,60,D
64332,61,A
64334,63,C
64335,64,D
64338,67,C
64341,70,B
64344,20,A
64346,22,C
64349,25,B
64351,27,D
64352,28,A
64353,29,B
64357,33,B
64358,34,C
64360,36,A
64362,38,C
64366,42,C
64367,43,D
64368,44,A
64370,46,C
64372,48,A
64374,50,C
64376,52,A
64379,55,D
64380,56,A
64386,62,C
64387,63,D
64388,64,A
64389,65,B
64390,66,C
64391,67,D
64392,68,A
64394,70,C
64396,19,A
64398,21,C
64399,22,D
64400,23,A
64401,24,B
64403,26,D
64404,27,A
64406,29,C
64407,30,D
64408,31,A
64409,32,B
64410,33,C
64411,34,D
64415,38,D
64417,40,B
64419,42,D
64420,43,A
64421,44,B
64422,45,C
64426,49,C
64427,50,D
64437,60,B
64441,64,B
64443,66,D
64449,19,B
64451,21,D
64452,22,A
64454,24,C
64456,26,A
64458,28,C
64459,29,D
64460,30,A
64466,36,C
64470,40,C
64476,46,A
64477,47,B
64478,48,C
64479,49,D
64481,51,B
64487,57,D
64489,59,B
64490,60,C
64493,63,B
64494,64,C
64495,65,D
64496,66,A
64498,68,C
64504,21,A
64507,24,D
64508,25,A
64509,26,B
64511,28,D
64512,29,A
64515,32,D
64522,39,C
64523,40,D
64524,41,A
64526,43,C
64529,46,B
64530,47,C
64531,48,D
64536,53,A
64537,54,B
64538,55,C
64540,57,A
64541,58,B
64542,59,C
64544,61,A
64546,63,C
64547,64,D
64551,68,D
64554,18,C
64555,19,D
64559,23,D
64560,24,A
64563,27,D
64568,32,A
64571,35,D
64574,38,C
64575,39,D
64578,42,C
64579,43,D
64587,51,D
64599,63,D
64600,64,A
64605,69,B
64614,25,C
64617,28,B
64623,34,D
64632,43,A
64634,45,C
64635,46,D
64638,49,C
64640,51,A
64641,52,B
64644,55,A
64646,57,C
64647,58,D
64649,60,B
64655,66,D
64658,69,C
64661,19,B
64667,25,D
64671,29,D
64673,31,B
64674,32,C
64675,33,D
64676,34,A
64677,35,B
64678,36,C
64679,37,D
64683,41,D
64686,44,C
64689,47,B
64690,48,C
64697,55,B
64698,56,C
64700,58,A
64701,59,B
64702,60,C
64704,62,A
64707,65,D
64708,66,A
64712,70,A
64713,18,B
64714,19,C
64719,24,D
64721,26,B
64722,27,C
64723,28,D
64726,31,C
64732,37,A
64734,39,C
64737,42,B
64738,43,C
64739,44,D
64740,45,A
64742,47,C
64744,49,A
64746,51,C
64750,55,C
64752,57,A
64754,59,C
64755,60,D
64757,62,B
64758,63,C
64762,67,C
64764,69,A
64766,18,C
64767,19,D
64768,20,A
64770,22,C
64777,29,B
64779,31,D
64784,36,A
64785,37,B
64786,38,C
64788,40,A
64794,46,C
64796,48,A
64797,49,B
64799,51,D
64803,55,D
64804,56,A
64806,58,C
64811,63,D
64815,67,D
64821,20,B
64822,21,C
64823,22,D
64824,23,A
64825,24,B
64826,25,C
64827,26,D
64837,36,B
64838,37,C
64845,44,B
64847,46,D
64849,48,B
64850,49,C
64851,50,D
64852,51,A
64853,52,B
64854,53,C
64855,54,D
64857,56,B
64862,61,C
64863,62,D
64865,64,B
64867,66,D
64870,69,C
64872,18,A
64876,22,A
64877,23,B
64878,24,C
64879,25,D
64881,27,B
64883,29,D
64885,31,B
64886,32,C
64888,34,A
64889,35,B
64894,40,C
64895,41,D
64896,42,A
64898,44,C
64905,51,B
64906,52,C
64909,55,B
64911,57,D
64912,58,A
64920,66,A
64923,69,D
64925,18,B
64927,20,D
64930,23,C
64931,24,D
64932,25,A
64933,26,B
64934,27,C
64937,30,B
64943,36,D
64948,41,A
64953,46,B
64954,47,C
64956,49,A
64958,51,C
64964,57,A
64966,59,C
64972,65,A
64974,67,C
64977,70,B
64984,24,A
64985,25,B
64986,26,C
64991,31,D
64995,35,D
64996,36,A
64997,37,B
64998,38,C
64999,39,D
65001,41,B
65006,46,C
65008,48,A
65010,50,C
65016,56,A
65017,57,B
65020,60,A
65022,62,C
65024,64,A
65025,65,B
65026,66,C
65028,68,A
65031,18,D
65032,19,A
65035,22,D
65037,24,B
65038,25,C
65040,27,A
65041,28,B
65046,33,C
65048,35,A
65049,36,B
65051,38,D
65052,39,A
65053,40,B
65054,41,C
65055,42,D
65061,48,B
65062,49,C
65064,51,A
65065,52,B
65068,55,A
65069,56,B
65072,59,A
65073,60,B
65076,63,A
65077,64,B
65081,68,B
65083,70,D
65084,18,A
65085,19,B
65087,21,D
65088,22,A
65092,26,A
65095,29,D
65103,37,D
65105,39,B
65109,43,B
65113,47,B
65115,49,D
65116,50,A
65117,51,B
65119,53,D
65120,54,A
65136,70,A
65138,19,C
65140,21,A
65143,24,D
65144,25,A
65146,27,C
65148,29,A
65151,32,D
65155,36,D
65156,37,A
65158,39,C
65159,40,D
65161,42,B
65165,46,B
65174,55,C
65176,57,A
65182,63,C
65183,64,D
65184,65,A
65185,66,B
65187,68,D
65188,69,A
65198,26,C
65201,29,B
65202,30,C
65206,34,C
65207,35,D
65208,36,A
65209,37,B
65211,39,D
65212,40,A
65213,41,B
65218,46,C
65222,50,C
65225,53,B
65229,57,B
65232,60,A
65233,61,B
65234,62,C
65239,67,D
65242,70,C
65244,19,A
65247,22,D
65248,23,A
65249,24,B
65251,26,D
65256,31,A
65259,34,D
65260,35,A
65264,39,A
65271,46,D
65273,48,B
65275,50,D
65276,51,A
65278,53,C
65280,55,A
65281,56,B
65285,60,B
65286,61,C
65288,63,A
65290,65,C
65292,67,A
65294,69,C
65298,20,C
65299,21,D
65300,22,A
65302,24,C
65306,28,C
65307,29,D
65312,34,A
65313,35,B
65316,38,A
65317,39,B
65318,40,C
65319,41,D
65323,45,D
65327,49,D
65328,50,A
65329,51,B
65330,52,C
65331,53,D
65334,56,C
65335,57,D
65336,58,A
65343,65,D
65348,70,A
65349,18,B
65354,23,C
65355,24,D
65357,26,B
65358,27,C
65361,30,B
65363,32,D
65364,33,A
65369,38,B
65370,39,C
65375,44,D
65377,46,B
65379,48,D
65392,61,A
65394,63,C
65395,64,D
65396,65,A
65399,68,D
65403,19,D
65404,20,A
65405,21,B
65407,23,D
65408,24,A
65410,26,C
65413,29,B
65414,30,C
65416,32,A
65419,35,D
65422,38,C
65430,46,C
65433,49,B
65435,51,D
65436,52,A
65442,58,C
65444,60,A
65449,65,B
65450,66,C
65460,23,A
65461,24,B
65462,25,C
65467,30,D
65470,33,C
65471,34,D
65473,36,B
65479,42,D
65480,43,A
65483,46,D
65486,49,C
65487,50,D
65489,52,B
65490,53,C
65491,54,D
65497,60,B
65498,61,C
65500,63,A
65503,66,D
65504,67,A
65505,68,B
65506,69,C
65507,70,D
65508,18,A
65509,19,B
65510,20,C
65515,25,D
65516,26,A
65518,28,C
65520,30,A
65521,31,B
65522,32,C
65523,33,D
65524,34,A
65525,35,B
65527,37,D
65532,42,A
65533,43,B
65535,45,D
65536,46,A
65538,48,C
65541,51,B
65542,52,C
65544,54,A
65545,55,B
65546,56,C
65547,57,D
65548,58,A
65549,59,B
65552,62,A
65553,63,B
65563,20,D
65564,21,A
65565,22,B
65572,29,A
65575,32,D
65576,33,A
65582,39,C
65585,42,B
65588,45,A
65589,46,B
65593,50,B
65594,51,C
65595,52,D
65596,53,A
65599,56,D
65600,57,A
65601,58,B
65603,60,D
65606,63,C
65607,64,D
65608,65,A
65610,67,C
65612,69,A
65613,70,B
65615,19,D
65616,20,A
65618,22,C
65619,23,D
65620,24,A
65621,25,B
65622,26,C
65625,29,B
65626,30,C
65628,32,A
65629,33,B
65630,34,C
65632,36,A
65636,40,A
65637,41,B
65639,43,D
65643,47,D
65648,52,A
65651,55,D
65652,56,A
65653,57,B
65654,58,C
65655,59,D
65656,60,A
65658,62,C
65660,64,A
65663,67,D
65664,68,A
65671,22,D
65673,24,B
65675,26,D
65676,27,A
65679,30,D
65681,32,B
65684,35,A
65686,37,C
65688,39,A
65689,40,B
65691,42,D
65694,45,C
65695,46,D
65696,47,A
65698,49,C
65700,51,A
65701,52,B
65703,54,D
65705,56,B
65709,60,B
65710,61,C
65713,64,B
65714,65,C
65716,67,A
65717,68,B
65719,70,D
65721,19,B
65723,21,D
65724,22,A
65725,23,B
65726,24,C
65727,25,D
65728,26,A
65731,29,D
65732,30,A
65733,31,B
65735,33,D
65736,34,A
65737,35,B
65738,36,C
65740,38,A
65743,41,D
65744,42,A
65745,43,B
65746,44,C
65748,46,A
65751,49,D
65752,50,A
65754,52,C
65755,53,D
65756,54,A
65759,57,D
65761,59,B
65762,60,C
65764,62,A
65766,64,C
65767,65,D
65770,68,C
65772,70,A
65773,18,B
65776,21,A
65783,28,D
65786,31,C
65795,40,D
65801,46,B
65802,47,C
65804,49,A
65815,60,D
65820,65,A
65821,66,B
65822,67,C
65823,68,D
65824,69,A
65825,70,B
65827,19,D
65833,25,B
65837,29,B
65838,30,C
65839,31,D
65847,39,D
65848,40,A
65856,48,A
65858,50,C
65863,55,D
65866,58,C
65868,60,A
65879,18,D
65880,19,A
65881,20,B
65882,21,C
65886,25,C
65887,26,D
65889,28,B
65891,30,D
65893,32,B
65894,33,C
65895,34,D
65896,35,A
65897,36,B
65898,37,C
65900,39,A
65901,40,B
65904,43,A
65905,44,B
65907,46,D
65908,47,A
65913,52,B
65915,54,D
65916,55,A
65920,59,A
65921,60,B
65924,63,A
65925,64,B
65926,65,C
65927,66,D
65929,68,B
65930,69,C
65932,18,A
65936,22,A
65938,24,C
65940,26,A
65941,27,B
65942,28,C
65944,30,A
65952,38,A
65957,43,B
65958,44,C
65964,50,A
65970,56,C
65972,58,A
65976,62,A
65979,65,D
65980,66,A
65981,67,B
65982,68,C
65983,69,D
65988,21,A
65991,24,D
65993,26,B
65995,28,D
65997,30,B
65999,32,D
66003,36,D
66006,39,C
66011,44,D
66013,46,B
66016,49,A
66019,52,D
66027,60,D
66031,64,D
66032,65,A
66033,66,B
66039,19,D
66042,22,C
66045,25,B
66046,26,C
66048,28,A
66056,36,A
66057,37,B
66064,44,A
66067,47,D
66068,48,A
66069,49,B
66072,52,A
66075,55,D
66079,59,D
66082,62,C
66085,65,B
66088,68,A
66089,69,B
66091,18,D
66092,19,A
66093,20,B
66094,21,C
66099,26,D
66102,29,C
66103,30,D
66105,32,B
66106,33,C
66107,34,D
66108,35,A
66109,36,B
66113,40,B
66118,45,C
66119,46,D
66127,54,D
66128,55,A
66129,56,B
66132,59,A
66135,62,D
66137,64,B
66139,66,D
66140,67,A
66142,69,C
66146,20,C
66147,21,D
66150,24,C
66154,28,C
66155,29,D
66156,30,A
66157,31,B
66158,32,C
66159,33,D
66160,34,A
66161,35,B
66162,36,C
66170,44,C
66172,46,A
66174,48,C
66177,51,B
66181,55,B
66183,57,D
66189,63,B
66190,64,C
66192,66,A
66193,67,B
66194,68,C
66196,70,A
66198,19,C
66200,21,A
66201,22,B
66202,23,C
66203,24,D
66204,25,A
66205,26,B
66206,27,C
66209,30,B
66211,32,D
66212,33,A
66213,34,B
66214,35,C
66220,41,A
66225,46,B
66227,48,D
66228,49,A
66230,51,C
66232,53,A
66235,56,D
66236,57,A
66238,59,C
66239,60,D
66240,61,A
66244,65,A
66249,70,B
66254,22,C
66255,23,D
66257,25,B
66258,26,C
66261,29,B
66264,32,A
66265,33,B
66267,35,D
66271,39,D
66272,40,A
66275,43,D
66279,47,D
66280,48,A
66281,49,B
66284,52,A
66285,53,B
66288,56,A
66290,58,C
66291,59,D
66299,67,D
66300,68,A
66301,69,B
66302,70,C
66303,18,D
66305,20,B
66306,21,C
66307,22,D
66308,23,A
66310,25,C
66311,26,D
66316,31,A
66320,35,A
66321,36,B
66323,38,D
66324,39,A
66327,42,D
66334,49,C
66335,50,D
66336,51,A
66340,55,A
66344,59,A
66346,61,C
66349,64,B
66351,66,D
66352,67,A
66355,70,D
66360,22,A
66361,23,B
66362,24,C
66363,25,D
66365,27,B
66366,28,C
66367,29,D
66368,30,A
66370,32,C
66371,33,D
66373,35,B
66374,36,C
66377,39,B
66378,40,C
66379,41,D
66382,44,C
66383,45,D
66384,46,A
66386,48,C
66389,51,B
66394,56,C
66398,60,C
66399,61,D
66402,64,C
66404,66,A
66405,67,B
66408,70,A
66411,20,D
66412,21,A
66413,22,B
66416,25,A
66417,26,B
66421,30,B
66424,33,A
66429,38,B
66430,39,C
66431,40,D
66436,45,A
66437,46,B
66438,47,C
66440,49,A
66445,54,B
66451,60,D
66453,62,B
66457,66,B
66458,67,C
66460,69,A
66464,20,A
66466,22,C
66470,26,C
66471,27,D
66473,29,B
66474,30,C
66476,32,A
66477,33,B
66479,35,D
66486,42,C
66488,44,A
66491,47,D
66492,48,A
66493,49,B
66501,57,B
66504,60,A
66507,63,D
66508,64,A
66510,66,C
66512,68,A
66513,69,B
66520,23,A
66521,24,B
66523,26,D
66524,27,A
66528,31,A
66530,33,C
66534,37,C
66535,38,D
66537,40,B
66539,42,D
66540,43,A
66543,46,D
66545,48,B
66546,49,C
66547,50,D
66550,53,C
66552,55,A
66554,57,C
66555,58,D
66557,60,B
66559,62,D
66562,65,C
66564,67,A
66567,70,D
66568,18,A
66571,21,D
66578,28,C
66579,29,D
66581,31,B
66584,34,A
66589,39,B
66590,40,C
66592,42,A
66593,43,B
66601,51,B
66603,53,D
66607,57,D
66612,62,A
66613,63,B
66620,70,A
66624,21,A
66625,22,B
66626,23,C
66627,24,D
66631,28,D
66633,30,B
66636,33,A
66638,35,C
66639,36,D
66642,39,C
66647,44,D
66652,49,A
66659,56,D
66660,57,A
66663,60,D
66664,61,A
66673,70,B
66676,20,A
66678,22,C
66679,23,D
66684,28,A
66686,30,C
66688,32,A
66689,33,B
66690,34,C
66692,36,A
66693,37,B
66710,54,C
66711,55,D
66712,56,A
66713,57,B
66715,59,D
66717,61,B
66718,62,C
66720,64,A
66723,67,D
66724,68,A
66725,69,B
66727,18,D
66728,19,A
66732,23,A
66734,25,C
66735,26,D
66737,28,B
66738,29,C
66740,31,A
66742,33,C
66743,34,D
66745,36,B
66747,38,D
66750,41,C
66754,45,C
66755,46,D
66756,47,A
66757,48,B
66759,50,D
66760,51,A
66762,53,C
66765,56,B
66767,58,D
66768,59,A
66770,61,C
66772,63,A
66773,64,B
66775,66,D
66781,19,B
66782,20,C
66784,22,A
66788,26,A
66795,33,D
66799,37,D
66800,38,A
66804,42,A
66805,43,B
66809,47,B
66810,48,C
66812,50,A
66817,55,B
66818,56,C
66819,57,D
66821,59,B
66823,61,D
66825,63,B
66829,67,B
66830,68,C
66835,20,D
66840,25,A
66845,30,B
66847,32,D
66850,35,C
66853,38,B
66867,52,D
66870,55,C
66871,56,D
66872,57,A
66875,60,D
66883,68,D
66892,24,A
66893,25,B
66895,27,D
66896,28,A
66898,30,C
66900,32,A
66905,37,B
66907,39,D
66913,45,B
66917,49,B
66918,50,C
66920,52,A
66922,54,C
66923,55,D
66926,58,C
66930,62,C
66931,63,D
66932,64,A
66936,68,A
66937,69,B
66939,18,D
66941,20,B
66942,21,C
66943,22,D
66944,23,A
66945,24,B
66950,29,C
66954,33,C
66957,36,B
66958,37,C
66959,38,D
66962,41,C
66963,42,D
66965,44,B
66966,45,C
66968,47,A
66975,54,D
66976,55,A
66982,61,C
66983,62,D
66984,63,A
66986,65,C
66987,66,D
66988,67,A
66992,18,A
66996,22,A
66999,25,D
67005,31,B
67021,47,B
67024,50,A
67029,55,B
67031,57,D
67037,63,B
67038,64,C
67040,66,A
67041,67,B
67042,68,C
67046,19,C
67049,22,B
67050,23,C
67051,24,D
67055,28,D
67061,34,B
67063,36,D
67064,37,A
67066,39,C
67068,41,A
67073,46,B
67077,50,B
67080,53,A
67082,55,C
67083,56,D
67086,59,C
67088,61,A
67089,62,B
67092,65,A
67094,67,C
67098,18,C
67099,19,D
67101,21,B
67103,23,D
67109,29,B
67110,30,C
67113,33,B
67114,34,C
67115,35,D
67116,36,A
67119,39,D
67120,40,A
67122,42,C
67123,43,D
67124,44,A
67126,46,C
67128,48,A
67131,51,D
67133,53,B
67137,57,B
67139,59,D
67140,60,A
67141,61,B
67142,62,C
67146,66,C
67147,67,D
67148,68,A
67149,69,B
67151,18,D
67157,24,B
67160,27,A
67161,28,B
67165,32,B
67167,34,D
67169,36,B
67173,40,B
67175,42,D
67178,45,C
67184,51,A
67186,53,C
67189,56,B
67191,58,D
67192,59,A
67195,62,D
67196,63,A
67197,64,B
67198,65,C
67199,66,D
67200,67,A
67201,68,B
67202,69,C
67204,18,A
67205,19,B
67206,20,C
67207,21,D
67209,23,B
67210,24,C
67211,25,D
67212,26,A
67215,29,D
67220,34,A
67221,35,B
67222,36,C
67224,38,A
67226,40,C
67227,41,D
67230,44,C
67232,46,A
67235,49,D
67236,50,A
67241,55,B
67248,62,A
67249,63,B
67251,65,D
67252,66,A
67256,70,A
67259,20,D
67260,21,A
67265,26,B
67268,29,A
67269,30,B
67272,33,A
67275,36,D
67277,38,B
67280,41,A
67281,42,B
67283,44,D
67286,47,C
67287,48,D
67289,50,B
67290,51,C
67294,55,C
67295,56,D
67298,59,C
67300,61,A
67302,63,C
67303,64,D
67305,66,B
67306,67,C
67307,68,D
67314,22,C
67315,23,D
67317,25,B
67318,26,C
67320,28,A
67322,30,C
67323,31,D
67324,32,A
67328,36,A
67329,37,B
67332,40,A
67335,43,D
67338,46,C
67339,47,D
67340,48,A
67343,51,D
67348,56,A
67349,57,B
67352,60,A
67358,66,C
67359,67,D
67360,68,A
67367,22,D
67368,23,A
67370,25,C
67373,28,B
67375,30,D
67376,31,A
67377,32,B
67378,33,C
67386,41,C
67393,48,B
67394,49,C
67396,51,A
67397,52,B
67398,53,C
67399,54,D
67401,56,B
67402,57,C
67403,58,D
67404,59,A
67405,60,B
67407,62,D
67409,64,B
67415,70,D
67416,18,A
67417,19,B
67418,20,C
67419,21,D
67420,22,A
67422,24,C
67426,28,C
67427,29,D
67430,32,C
67431,33,D
67432,34,A
67435,37,D
67436,38,A
67438,40,C
67447,49,D
67448,50,A
67449,51,B
67459,61,D
67462,64,C
67464,66,A
67465,67,B
67467,69,D
67471,20,D
67476,25,A
67477,26,B
67478,27,C
67479,28,D
67483,32,D
67485,34,B
67487,36,D
67488,37,A
67489,38,B
67490,39,C
67491,40,D
67492,41,A
67494,43,C
67497,46,B
67501,50,B
67505,54,B
67507,56,D
67508,57,A
67509,58,B
67511,60,D
67513,62,B
67516,65,A
67517,66,B
67519,68,D
67522,18,C
67523,19,D
67526,22,C
67527,23,D
67529,25,B
67532,28,A
67533,29,B
67534,30,C
67540,36,A
67541,37,B
67546,42,C
67549,45,B
67550,46,C
67552,48,A
67553,49,B
67558,54,C
67559,55,D
67560,56,A
67562,58,C
67563,59,D
67565,61,B
67566,62,C
67568,64,A
67574,70,C
67575,18,D
67576,19,A
67579,22,D
67582,25,C
67584,27,A
67585,28,B
67590,33,C
67591,34,D
67597,40,B
67598,41,C
67599,42,D
67601,44,B
67604,47,A
67607,50,D
67608,51,A
67610,53,C
67612,55,A
67613,56,B
67615,58,D
67618,61,C
67621,64,B
67622,65,C
67623,66,D
67624,67,A
67632,22,A
67635,25,D
67636,26,A
67641,31,B
67643,33,D
67645,35,B
67654,44,C
67657,47,B
67659,49,D
67662,52,C
67664,54,A
67665,55,B
67670,60,C
67671,61,D
67672,62,A
67673,63,B
67675,65,D
67678,68,C
67680,70,A
67681,18,B
67684,21,A
67688,25,A
67689,26,B
67693,30,B
67695,32,D
67698,35,C
67703,40,D
67704,41,A
67705,42,B
67707,44,D
67708,45,A
67711,48,D
67712,49,A
67715,52,D
67717,54,B
67718,55,C
67720,57,A
67721,58,B
67724,61,A
67725,62,B
67727,64,D
67729,66,B
67732,69,A
67733,70,B
67734,18,C
67735,19,D
67736,20,A
67737,21,B
67739,23,D
67741,25,B
67742,26,C
67745,29,B
67749,33,B
67751,35,D
67754,38,C
67756,40,A
67758,42,C
67764,48,A
67766,50,C
67769,53,B
67771,55,D
67772,56,A
67776,60,A
67777,61,B
67780,64,A
67781,65,B
67786,70,C
67787,18,D
67789,20,B
67790,21,C
67793,24,B
67794,25,C
67796,27,A
67797,28,B
67799,30,D
67805,36,B
67807,38,D
67810,41,C
67816,47,A
67817,48,B
67819,50,D
67820,51,A
67821,52,B
67823,54,D
67824,55,A
67829,60,B
67830,61,C
67832,63,A
67835,66,D
67839,70,D
67840,18,A
67841,19,B
67842,20,C
67845,23,B
67850,28,C
67852,30,A
67857,35,B
67858,36,C
67859,37,D
67861,39,B
67870,48,C
67874,52,C
67875,53,D
67877,55,B
67878,56,C
67883,61,D
67884,62,A
67888,66,A
67891,69,D
67893,18,B
67895,20,D
67896,21,A
67899,24,D
67905,30,B
67907,32,D
67911,36,D
67914,39,C
67918,43,C
67922,47,C
67926,51,C
67930,55,C
67932,57,A
67933,58,B
67938,63,C
67939,64,D
67940,65,A
67941,66,B
67943,68,D
67945,70,B
67949,21,B
67950,22,C
67951,23,D
67956,28,A
67957,29,B
67960,32,A
67963,35,D
67965,37,B
67966,38,C
67969,41,B
67972,44,A
67974,46,C
67975,47,D
67977,49,B
67978,50,C
67981,53,B
67982,54,C
67984,56,A
67985,57,B
67986,58,C
67992,64,A
67995,67,D
67997,69,B
67999,18,D
68005,24,B
68010,29,C
68012,31,A
68013,32,B
68014,33,C
68015,34,D
68016,35,A
68017,36,B
68021,40,B
68025,44,B
68032,51,A
68034,53,C
68035,54,D
68036,55,A
68037,56,B
68038,57,C
68043,62,D
68044,63,A
68048,67,A
68049,68,B
68050,69,C
68057,23,B
68062,28,C
68063,29,D
68064,30,A
68065,31,B
68070,36,C
68071,37,D
68073,39,B
68075,41,D
68080,46,A
68084,50,A
68085,51,B
68086,52,C
68089,55,B
68090,56,C
68092,58,A
68093,59,B
68095,61,D
68097,63,B
68104,70,A
68107,20,D
68108,21,A
68109,22,B
68110,23,C
68115,28,D
68117,30,B
68118,31,C
68119,32,D
68120,33,A
68124,37,A
68128,41,A
68129,42,B
68130,43,C
68144,57,A
68149,62,B
68150,63,C
68152,65,A
68153,66,B
68158,18,C
68159,19,D
68161,21,B
68167,27,D
68171,31,D
68173,33,B
68174,34,C
68177,37,B
68178,38,C
68179,39,D
68187,47,D
68189,49,B
68191,51,D
68200,60,A
68202,62,C
68203,63,D
68207,67,D
68209,69,B
68216,23,A
68217,24,B
68219,26,D
68232,39,A
68234,41,C
68237,44,B
68238,45,C
68241,48,B
68243,50,D
68244,51,A
68249,56,B
68250,57,C
68257,64,B
68260,67,A
68262,69,C
68264,18,A
68265,19,B
68267,21,D
68274,28,C
68275,29,D
68278,32,C
68281,35,B
68283,37,D
68286,40,C
68288,42,A
68294,48,C
68296,50,A
68297,51,B
68298,52,C
68302,56,C
68306,60,C
68307,61,D
68308,62,A
68311,65,D
68312,66,A
68315,69,D
68317,18,B
68318,19,C
68320,21,A
68321,22,B
68326,27,C
68327,28,D
68329,30,B
68330,31,C
68333,34,B
68338,39,C
68342,43,C
68347,48,D
68350,51,C
68352,53,A
68355,56,D
68356,57,A
68357,58,B
68358,59,C
68359,60,D
68360,61,A
68361,62,B
68363,64,D
68366,67,C
68369,70,B
68372,20,A
68373,21,B
68376,24,A
68378,26,C
68379,27,D
68383,31,D
68385,33,B
68387,35,D
68391,39,D
68393,41,B
68396,44,A
68402,50,C
68403,51,D
68404,52,A
68405,53,B
68406,54,C
68407,55,D
68410,58,C
68411,59,D
68412,60,A
68415,63,D
68416,64,A
68417,65,B
68418,66,C
68419,67,D
68420,68,A
68421,69,B
68422,70,C
68426,21,C
68429,24,B
68434,29,C
68435,30,D
68444,39,A
68454,49,C
68455,50,D
68456,51,A
68459,54,D
68460,55,A
68467,62,D
68469,64,B
68472,67,A
68473,68,B
68475,70,D
68479,21,D
68482,24,C
68485,27,B
68486,28,C
68488,30,A
68491,33,D
68492,34,A
68495,37,D
68498,40,C
68500,42,A
68503,45,D
68505,47,B
68509,51,B
68511,53,D
68514,56,C
68515,57,D
68521,63,B
68522,64,C
68523,65,D
68524,66,A
68528,70,A
68532,21,A
68536,25,A
68540,29,A
68550,39,C
68555,44,D
68557,46,B
68559,48,D
68561,50,B
68565,54,B
68567,56,D
68568,57,A
68569,58,B
68575,64,D
68576,65,A
68578,67,C
68580,69,A
68585,21,B
68586,22,C
68587,23,D
68588,24,A
68589,25,B
68592,28,A
68596,32,A
68601,37,B
68602,38,C
68603,39,D
68604,40,A
68605,41,B
68607,43,D
68610,46,C
68616,52,A
68617,53,B
68620,56,A
68623,59,D
68628,64,A
68629,65,B
68632,68,A
68634,70,C
68638,21,C
68642,25,C
68643,26,D
68646,29,C
68648,31,A
68649,32,B
68650,33,C
68651,34,D
68652,35,A
68653,36,B
68654,37,C
68656,39,A
68657,40,B
68658,41,C
68661,44,B
68663,46,D
68665,48,B
68668,51,A
68671,54,D
68674,57,C
68676,59,A
68682,65,C
68686,69,C
68688,18,A
68689,19,B
68692,22,A
68693,23,B
68695,25,D
68696,26,A
68698,28,C
68701,31,B
68703,33,D
68710,40,C
68716,46,A
68717,47,B
68718,48,C
68719,49,D
68721,51,B
68722,52,C
68723,53,D
68724,54,A
68725,55,B
68727,57,D
68733,63,B
68734,64,C
68735,65,D
68737,67,B
68741,18,B
68750,27,C
68753,30,B
68757,34,B
68760,37,A
68763,40,D
68766,43,C
68768,45,A
68769,46,B
68773,50,B
68775,52,D
68776,53,A
68777,54,B
68778,55,C
68779,56,D
68783,60,D
68785,62,B
68790,67,C
68791,68,D
68793,70,B
68795,19,D
68796,20,A
68797,21,B
68798,22,C
68800,24,A
68801,25,B
68802,26,C
68805,29,B
68806,30,C
68810,34,C
68815,39,D
68816,40,A
68817,41,B
68823,47,D
68826,50,C
68830,54,C
68832,56,A
68833,57,B
68835,59,D
68844,68,A
68845,69,B
68848,19,A
68850,21,C
68853,24,B
68854,25,C
68858,29,C
68859,30,D
68861,32,B
68862,33,C
68864,35,A
68866,37,C
68870,41,C
68873,44,B
68874,45,C
68880,51,A
68881,52,B
68883,54,D
68884,55,A
68886,57,C
68887,58,D
68900,18,A
68901,19,B
68905,23,B
68911,29,D
68914,32,C
68915,33,D
68922,40,C
68925,43,B
68929,47,B
68932,50,A
68934,52,C
68940,58,A
68941,59,B
68942,60,C
68944,62,A
68945,63,B
68951,69,D
68952,70,A
68954,19,C
68955,20,D
68957,22,B
68961,26,B
68966,31,C
68967,32,D
68968,33,A
68969,34,B
68970,35,C
68976,41,A
68980,45,A
68981,46,B
68983,48,D
68984,49,A
68986,51,C
68992,57,A
68994,59,C
68996,61,A
68997,62,B
68999,64,D
69001,66,B
69007,19,D
69011,23,D
69012,24,A
69014,26,C
69015,27,D
69021,33,B
69022,34,C
69023,35,D
69026,38,C
69027,39,D
69028,40,A
69032,44,A
69034,46,C
69040,52,A
69051,63,D
69052,64,A
69057,69,B
69063,22,D
69064,23,A
69067,26,D
69069,28,B
69070,29,C
69071,30,D
69077,36,B
69080,39,A
69081,40,B
69092,51,A
69094,53,C
69098,57,C
69099,58,D
69100,59,A
69101,60,B
69102,61,C
69106,65,C
69112,18,A
69115,21,D
69124,30,A
69128,34,A
69129,35,B
69130,36,C
69131,37,D
69133,39,B
69134,40,C
69135,41,D
69139,45,D
69140,46,A
69146,52,C
69152,58,A
69153,59,B
69154,60,C
69163,69,D
69165,18,B
69166,19,C
69169,22,B
69175,28,D
69179,32,D
69181,34,B
69184,37,A
69187,40,D
69188,41,A
69189,42,B
69193,46,B
69194,47,C
69195,48,D
69196,49,A
69198,51,C
69202,55,C
69204,57,A
69206,59,C
69207,60,D
69209,62,B
69210,63,C
69212,65,A
69213,66,B
69215,68,D
69217,70,B
69218,18,C
69219,19,D
69221,21,B
69222,22,C
69227,27,D
69229,29,B
69233,33,B
69236,36,A
69240,40,A
69241,41,B
69243,43,D
69245,45,B
69247,47,D
69248,48,A
69250,50,C
69251,51,D
69252,52,A
69256,56,A
69257,57,B
69260,60,A
69262,62,C
69269,69,B
69272,19,A
69274,21,C
69275,22,D
69276,23,A
69280,27,A
69284,31,A
69286,33,C
69288,35,A
69289,36,B
69291,38,D
69295,42,D
69296,43,A
69300,47,A
69301,48,B
69302,49,C
69303,50,D
69307,54,D
69309,56,B
69313,60,B
69316,63,A
69317,64,B
69319,66,D
69322,69,C
69323,70,D
69328,22,A
69329,23,B
69331,25,D
69332,26,A
69334,28,C
69338,32,C
69339,33,D
69341,35,B
69342,36,C
69346,40,C
69350,44,C
69352,46,A
69355,49,D
69356,50,A
69358,52,C
69359,53,D
69360,54,A
69361,55,B
69363,57,D
69365,59,B
69367,61,D
69370,64,C
69374,68,C
69377,18,B
69378,19,C
69381,22,B
69383,24,D
69384,25,A
69385,26,B
69386,27,C
69387,28,D
69388,29,A
69390,31,C
69392,33,A
69393,34,B
69398,39,C
69399,40,D
69402,43,C
69407,48,D
69411,52,D
69413,54,B
69414,55,C
69416,57,A
69417,58,B
69418,59,C
69419,60,D
69420,61,A
69422,63,C
69427,68,D
69431,19,D
69432,20,A
69438,26,C
69439,27,D
69441,29,B
69442,30,C
69443,31,D
69448,36,A
69457,45,B
69458,46,C
69460,48,A
69461,49,B
69464,52,A
69465,53,B
69467,55,D
69469,57,B
69470,58,C
69471,59,D
69476,64,A
69478,66,C
69486,21,C
69487,22,D
69492,27,A
69493,28,B
69496,31,A
69502,37,C
69503,38,D
69506,41,C
69507,42,D
69508,43,A
69511,46,D
69519,54,D
69521,56,B
69522,57,C
69523,58,D
69524,59,A
69526,61,C
69531,66,D
69535,70,D
69536,18,A
69541,23,B
69542,24,C
69543,25,D
69544,26,A
69550,32,C
69555,37,D
69556,38,A
69557,39,B
69558,40,C
69559,41,D
69562,44,C
69563,45,D
69565,47,B
69566,48,C
69575,57,D
69577,59,B
69579,61,D
69585,67,B
69588,70,A
69590,19,C
69594,23,C
69595,24,D
69605,34,B
69606,35,C
69607,36,D
69608,37,A
69612,41,A
69614,43,C
69615,44,D
69616,45,A
69618,47,C
69621,50,B
69622,51,C
69628,57,A
69630,59,C
69631,60,D
69636,65,A
69640,69,A
69642,18,C
69643,19,D
69644,20,A
69646,22,C
69647,23,D
69648,24,A
69649,25,B
69651,27,D
69653,29,B
69655,31,D
69658,34,C
69659,35,D
69666,42,C
69667,43,D
69671,47,D
69672,48,A
69675,51,D
69677,53,B
69678,54,C
69680,56,A
69684,60,A
69685,61,B
69686,62,C
69690,66,C
69692,68,A
69693,69,B
69695,18,D
69696,19,A
69698,21,C
69700,23,A
69701,24,B
69703,26,D
69704,27,A
69705,28,B
69709,32,B
69710,33,C
69712,35,A
69724,47,A
69726,49,C
69728,51,A
69729,52,B
69732,55,A
69735,58,D
69737,60,B
69738,61,C
69739,62,D
69741,64,B
69745,68,B
69746,69,C
69750,20,C
69752,22,A
69754,24,C
69755,25,D
69757,27,B
69758,28,C
69760,30,A
69762,32,C
69766,36,C
69767,37,D
69768,38,A
69770,40,C
69772,42,A
69773,43,B
69775,45,D
69776,46,A
69782,52,C
69786,56,C
69788,58,A
69792,62,A
69793,63,B
69797,67,B
69798,68,C
69805,22,B
69807,24,D
69810,27,C
69813,30,B
69815,32,D
69818,35,C
69820,37,A
69821,38,B
69831,48,D
69835,52,D
69836,53,A
69837,54,B
69839,56,D
69840,57,A
69847,64,D
69851,68,D
69852,69,A
69854,18,C
69855,19,D
69856,20,A
69859,23,D
69860,24,A
69861,25,B
69863,27,D
69866,30,C
69870,34,C
69871,35,D
69880,44,A
69888,52,A
69889,53,B
69891,55,D
69893,57,B
69902,66,C
69905,69,B
69907,18,D
69908,19,A
69911,22,D
69914,25,C
69916,27,A
69917,28,B
69918,29,C
69919,30,D
69921,32,B
69924,35,A
69925,36,B
69927,38,D
69929,40,B
69933,44,B
69936,47,A
69941,52,B
69945,56,B
69948,59,A
69949,60,B
69950,61,C
69951,62,D
69953,64,B
69957,68,B
69958,69,C
69960,18,A
69963,21,D
69964,22,A
69966,24,C
69973,31,B
69975,33,D
69977,35,B
69978,36,C
69979,37,D
69985,43,B
69986,44,C
69987,45,D
69991,49,D
69992,50,A
69995,53,D
69996,54,A
69997,55,B
70005,63,B
70008,66,A
70022,27,C
70024,29,A
70027,32,D
70033,38,B
70034,39,C
70038,43,C
70039,44,D
70041,46,B
70042,47,C
70043,48,D
70045,50,B
70047,52,D
70048,53,A
70049,54,B
70051,56,D
70052,57,A
70054,59,C
70056,61,A
70059,64,D
70060,65,A
70061,66,B
70065,70,B
70068,20,A
70069,21,B
70071,23,D
70074,26,C
70083,35,D
70085,37,B
70087,39,D
70091,43,D
70094,46,C
70095,47,D
70096,48,A
70099,51,D
70100,52,A
70105,57,B
70108,60,A
70109,61,B
70110,62,C
70111,63,D
70114,66,C
70123,22,D
70139,38,D
70140,39,A
70145,44,B
70148,47,A
70149,48,B
70150,49,C
70151,50,D
70152,51,A
70157,56,B
70158,57,C
70159,58,D
70160,59,A
70161,60,B
70163,62,D
70169,68,B
70170,69,C
70172,18,A
70173,19,B
70174,20,C
70175,21,D
70179,25,D
70180,26,A
70181,27,B
70182,28,C
70186,32,C
70189,35,B
70191,37,D
70193,39,B
70194,40,C
70199,45,D
70200,46,A
70202,48,C
70210,56,C
70212,58,A
70214,60,C
70218,64,C
70219,65,D
70220,66,A
70222,68,C
70223,69,D
70225,18,B
70230,23,C
70237,30,B
70240,33,A
70242,35,C
70244,37,A
70246,39,C
70252,45,A
70253,46,B
70254,47,C
70256,49,A
70261,54,B
70262,55,C
70264,57,A
70269,62,B
70271,64,D
70277,70,B
70279,19,D
70284,24,A
70290,30,C
70292,32,A
70294,34,C
70297,37,B
70298,38,C
70300,40,A
70305,45,B
70306,46,C
70307,47,D
70308,48,A
70310,50,C
70311,51,D
70316,56,A
70317,57,B
70319,59,D
70323,63,D
70328,68,A
70330,70,C
70339,26,D
70341,28,B
70342,29,C
70343,30,D
70348,35,A
70351,38,D
70352,39,A
70353,40,B
70354,41,C
70359,46,D
70361,48,B
70372,59,A
70375,62,D
70380,67,A
70381,68,B
70392,26,A
70393,27,B
70397,31,B
70398,32,C
70401,35,B
70406,40,C
70409,43,B
70415,49,D
70419,53,D
70420,54,A
70421,55,B
70422,56,C
70423,57,D
70429,63,B
70430,64,C
70434,68,C
70437,18,B
70440,21,A
70441,22,B
70444,25,A
70448,29,A
70456,37,A
70462,43,C
70463,44,D
70464,45,A
70465,46,B
70468,49,A
70475,56,D
70477,58,B
70480,61,A
70481,62,B
70485,66,B
70486,67,C
70487,68,D
70488,69,A
70491,19,D
70493,21,B
70498,26,C
70500,28,A
70501,29,B
70505,33,B
70511,39,D
70512,40,A
70519,47,D
70520,48,A
70522,50,C
70529,57,B
70530,58,C
70535,63,D
70536,64,A
70540,68,A
70547,22,D
70548,23,A
70549,24,B
70550,25,C
70553,28,B
70559,34,D
70560,35,A
70561,36,B
70562,37,C
70563,38,D
70564,39,A
70566,41,C
70570,45,C
70571,46,D
70572,47,A
70576,51,A
70579,54,D
70581,56,B
70585,60,B
70594,69,C
70595,70,D
70596,18,A
70597,19,B
70599,21,D
70600,22,A
70602,24,C
70604,26,A
70606,28,C
70607,29,D
70608,30,A
70609,31,B
70612,34,A
70614,36,C
70615,37,D
70616,38,A
70617,39,B
70618,40,C
70621,43,B
70624,46,A
70626,48,C
70627,49,D
70628,50,A
70632,54,A
70638,60,C
70640,62,A
70641,63,B
70642,64,C
70646,68,C
70648,70,A
70650,19,C
70651,20,D
70654,23,C
70655,24,D
70656,25,A
70658,27,C
70659,28,D
70660,29,A
70662,31,C
70663,32,D
70664,33,A
70666,35,C
70680,49,A
70685,54,B
70687,56,D
70689,58,B
70696,65,A
70697,66,B
70699,68,D
70700,69,A
70702,18,C
70705,21,B
70706,22,C
70707,23,D
70709,25,B
70712,28,A
70713,29,B
70716,32,A
70718,34,C
70722,38,C
70723,39,D
70724,40,A
70727,43,D
70728,44,A
70729,45,B
70731,47,D
70733,49,B
70734,50,C
70735,51,D
70737,53,B
70740,56,A
70742,58,C
70744,60,A
70747,63,D
70749,65,B
70751,67,D
70752,68,A
70755,18,D
70756,19,A
70760,23,A
70762,25,C
70763,26,D
70769,32,B
70770,33,C
70772,35,A
70778,41,C
70786,49,C
70787,50,D
70789,52,B
70791,54,D
70793,56,B
70795,58,D
70799,62,D
70803,66,D
70806,69,C
70808,18,A
70815,25,D
70817,27,B
70820,30,A
70822,32,C
70823,33,D
70833,43,B
70836,46,A
70837,47,B
70838,48,C
70839,49,D
70840,50,A
70846,56,C
70847,57,D
70851,61,D
70859,69,D
70863,20,D
70871,28,D
70872,29,A
70874,31,C
70879,36,D
70880,37,A
70881,38,B
70884,41,A
70885,42,B
70890,47,C
70894,51,C
70898,55,C
70899,56,D
70905,62,B
70907,64,D
70908,65,A
70910,67,C
70912,69,A
70914,18,C
70915,19,D
70920,24,A
70921,25,B
70925,29,B
70926,30,C
70927,31,D
70928,32,A
70932,36,A
70933,37,B
70934,38,C
70938,42,C
70939,43,D
70940,44,A
70942,46,C
70943,47,D
70944,48,A
70946,50,C
70949,53,B
70951,55,D
70952,56,A
70954,58,C
70956,60,A
70963,67,D
70966,70,C
70969,20,B
70970,21,C
70973,24,B
70976,27,A
70980,31,A
70982,33,C
70985,36,B
70991,42,D
70994,45,C
70995,46,D
70997,48,B
71004,55,A
71007,58,D
71008,59,A
71009,60,B
71012,63,A
71014,65,C
71025,23,B
71028,26,A
71029,27,B
71030,28,C
71031,29,D
71033,31,B
71034,32,C
71035,33,D
71036,34,A
71037,35,B
71038,36,C
71041,39,B
71043,41,D
71045,43,B
71046,44,C
71047,45,D
71048,46,A
71049,47,B
71050,48,C
71051,49,D
71055,53,D
71056,54,A
71058,56,C
71062,60,C
71066,64,C
71074,19,C
71077,22,B
71079,24,D
71081,26,B
71082,27,C
71085,30,B
71089,34,B
71090,35,C
71093,38,B
71094,39,C
71098,43,C
71100,45,A
71101,46,B
71102,47,C
71103,48,D
71106,51,C
71110,55,C
71112,57,A
71114,59,C
71122,67,C
71124,69,A
71125,70,B
71129,21,B
71130,22,C
71131,23,D
71132,24,A
71133,25,B
71134,26,C
71137,29,B
71139,31,D
71141,33,B
71143,35,D
71144,36,A
71146,38,C
71148,40,A
71151,43,D
71152,44,A
71153,45,B
71154,46,C
71156,48,A
71157,49,B
71159,51,D
71160,52,A
71172,64,A
71174,66,C
71175,67,D
71176,68,A
71180,19,A
71182,21,C
71183,22,D
71186,25,C
71188,27,A
71195,34,D
71199,38,D
71201,40,B
71202,41,C
71203,42,D
71206,45,C
71213,52,B
71214,53,C
71215,54,D
71217,56,B
71218,57,C
71221,60,B
71228,67,A
71231,70,D
71240,26,A
71241,27,B
71242,28,C
71246,32,C
71250,36,C
71251,37,D
71256,42,A
71257,43,B
71258,44,C
71259,45,D
71261,47,B
71263,49,D
71265,51,B
71266,52,C
71269,55,B
71270,56,C
71271,57,D
71272,58,A
71274,60,C
71275,61,D
71277,63,B
71279,65,D
71280,66,A
71281,67,B
71283,69,D
71285,18,B
71288,21,A
71291,24,D
71306,39,C
71307,40,D
71308,41,A
71313,46,B
71315,48,D
71318,51,C
71326,59,C
71329,62,B
71330,63,C
71331,64,D
71336,69,A
71340,20,A
71344,24,A
71347,27,D
71348,28,A
71350,30,C
71355,35,D
71360,40,A
71364,44,A
71365,45,B
71376,56,A
71380,60,A
71381,61,B
71382,62,C
71383,63,D
71384,64,A
71385,65,B
71386,66,C
71387,67,D
71388,68,A
71389,69,B
71390,70,C
71391,18,D
71392,19,A
71393,20,B
71394,21,C
71395,22,D
71396,23,A
71397,24,B
71398,25,C
71399,26,D
71400,27,A
71401,28,B
71402,29,C
71403,30,D
71404,31,A
71405,32,B
71406,33,C
71407,34,D
71408,35,A
71411,38,D
71412,39,A
71413,40,B
71414,41,C
71415,42,D
71416,43,A
71417,44,B
71418,45,C
71419,46,D
71421,48,B
71422,49,C
71423,50,D
71424,51,A
71425,52,B
71428,55,A
71430,57,C
71431,58,D
71433,60,B
71434,61,C
71435,62,D
71436,63,A
71438,65,C
71439,66,D
71440,67,A
71441,68,B
71443,70,D
71448,22,A
71453,27,B
71454,28,C
71456,30,A
71459,33,D
71460,34,A
71461,35,B
71463,37,D
71466,40,C
71469,43,B
71470,44,C
71471,45,D
71472,46,A
71474,48,C
71477,51,B
71480,54,A
71484,58,A
71486,60,C
71487,61,D
71488,62,A
71490,64,C
71491,65,D
71493,67,B
71494,68,C
71496,70,A
71498,19,C
71500,21,A
71502,23,C
71504,25,A
71507,28,D
71511,32,D
71512,33,A
71514,35,C
71516,37,A
71517,38,B
71518,39,C
71519,40,D
71521,42,B
71522,43,C
71524,45,A
71525,46,B
71527,48,D
71529,50,B
71530,51,C
71532,53,A
71533,54,B
71534,55,C
71535,56,D
71537,58,B
71538,59,C
71540,61,A
71543,64,D
71544,65,A
71546,67,C
71548,69,A
71550,18,C
71552,20,A
71555,23,D
71558,26,C
71559,27,D
71562,30,C
71563,31,D
71565,33,B
71570,38,C
71571,39,D
71582,50,C
71583,51,D
71588,56,A
71590,58,C
71592,60,A
71593,61,B
71594,62,C
71595,63,D
71600,68,A
71601,69,B
71606,21,C
71607,22,D
71608,23,A
71610,25,C
71611,26,D
71613,28,B
71614,29,C
71617,32,B
71618,33,C
71620,35,A
71621,36,B
71622,37,C
71624,39,A
71628,43,A
71630,45,C
71634,49,C
71635,50,D
71639,54,D
71640,55,A
71646,61,C
71651,66,D
71652,67,A
71653,68,B
71654,69,C
71655,70,D
71656,18,A
71658,20,C
71660,22,A
71662,24,C
71663,25,D
71667,29,D
71669,31,B
71670,32,C
71671,33,D
71674,36,C
71675,37,D
71677,39,B
71678,40,C
71681,43,B
71684,46,A
71687,49,D
71688,50,A
71691,53,D
71695,57,D
71697,59,B
71707,69,D
71709,18,B
71711,20,D
71715,24,D
71717,26,B
71719,28,D
71721,30,B
71722,31,C
71723,32,D
71728,37,A
71731,40,D
71732,41,A
71734,43,C
71735,44,D
71736,45,A
71738,47,C
71739,48,D
71740,49,A
71747,56,D
71750,59,C
71754,63,C
71755,64,D
71759,68,D
71762,18,C
71763,19,D
71768,24,A
71769,25,B
71770,26,C
71772,28,A
71773,29,B
71774,30,C
71775,31,D
71776,32,A
71777,33,B
71778,34,C
71780,36,A
71781,37,B
71786,42,C
71787,43,D
71789,45,B
71790,46,C
71794,50,C
71796,52,A
71797,53,B
71798,54,C
71802,58,C
71808,64,A
71810,66,C
71812,68,A
71813,69,B
71814,70,C
71815,18,D
71816,19,A
71821,24,B
71822,25,C
71823,26,D
71826,29,C
71830,33,C
71832,35,A
71833,36,B
71836,39,A
71837,40,B
71838,41,C
71843,46,D
71844,47,A
71848,51,A
71850,53,C
71854,57,C
71855,58,D
71857,60,B
71858,61,C
71863,66,D
71864,67,A
71868,18,A
71869,19,B
71870,20,C
71873,23,B
71874,24,C
71885,35,B
71886,36,C
71888,38,A
71891,41,D
71894,44,C
71902,52,C
71903,53,D
71904,54,A
71906,56,C
71908,58,A
71910,60,C
71911,61,D
71913,63,B
71914,64,C
71917,67,B
71923,20,D
71927,24,D
71929,26,B
71932,29,A
71936,33,A
71938,35,C
71941,38,B
71947,44,D
71949,46,B
71951,48,D
71954,51,C
71956,53,A
71957,54,B
71960,57,A
71961,58,B
71962,59,C
71964,61,A
71967,64,D
71969,66,B
71970,67,C
71971,68,D
71977,21,B
71980,24,A
71986,30,C
71987,31,D
71988,32,A
71991,35,D
71992,36,A
71994,38,C
71998,42,C
72000,44,A
72001,45,B
72005,49,B
72009,53,B
72011,55,D
72014,58,C
72016,60,A
72020,64,A
72023,67,D
72028,19,A
72029,20,B
72031,22,D
72033,24,B
72036,27,A
72037,28,B
72040,31,A
72045,36,B
72049,40,B
72050,41,C
72051,42,D
72053,44,B
72054,45,C
72064,55,A
72067,58,D
72070,61,C
72071,62,D
72072,63,A
72076,67,A
72083,21,D
72087,25,D
72093,31,B
72099,37,D
72102,40,C
72103,41,D
72104,42,A
72105,43,B
72106,44,C
72108,46,A
72112,50,A
72114,52,C
72115,53,D
72120,58,A
72121,59,B
72125,63,B
72135,20,D
72136,21,A
72137,22,B
72140,25,A
72141,26,B
72143,28,D
72154,39,C
72156,41,A
72164,49,A
72165,50,B
72172,57,A
72173,58,B
72175,60,D
72178,63,C
72179,64,D
72189,21,B
72193,25,B
72199,31,D
72200,32,A
72213,45,B
72214,46,C
72215,47,D
72217,49,B
72220,52,A
72222,54,C
72224,56,A
72226,58,C
72232,64,A
72239,18,D
72242,21,C
72245,24,B
72246,25,C
72247,26,D
72249,28,B
72250,29,C
72252,31,A
72254,33,C
72255,34,D
72257,36,B
72261,40,B
72262,41,C
72263,42,D
72265,44,B
72266,45,C
72268,47,A
72269,48,B
72273,52,B
72275,54,D
72279,58,D
72280,59,A
72283,62,D
72284,63,A
72287,66,D
72288,67,A
72291,70,D
72294,20,C
72295,21,D
72296,22,A
72297,23,B
72302,28,C
72308,34,A
72310,36,C
72311,37,D
72313,39,B
72314,40,C
72315,41,D
72317,43,B
72318,44,C
72320,46,A
72323,49,D
72330,56,C
72333,59,B
72334,60,C
72335,61,D
72337,63,B
72339,65,D
72345,18,B
72346,19,C
72347,20,D
72348,21,A
72350,23,C
72352,25,A
72354,27,C
72359,32,D
72362,35,C
72373,46,B
72375,48,D
72377,50,B
72380,53,A
72381,54,B
72382,55,C
72384,57,A
72385,58,B
72388,61,A
72393,66,B
72394,67,C
72395,68,D
72396,69,A
72398,18,C
72399,19,D
72400,20,A
72401,21,B
72402,22,C
72403,23,D
72404,24,A
72405,25,B
72408,28,A
72409,29,B
72414,34,C
72420,40,A
72424,44,A
72429,49,B
72430,50,C
72432,52,A
72433,53,B
72434,54,C
72436,56,A
72437,57,B
72438,58,C
72443,63,D
72445,65,B
72446,66,C
72447,67,D
72449,69,B
72451,18,D
72460,27,A
72463,30,D
72464,31,A
72469,36,B
72471,38,D
72476,43,A
72479,46,D
72481,48,B
72482,49,C
72485,52,B
72486,53,C
72487,54,D
72488,55,A
72490,57,C
72492,59,A
72496,63,A
72497,64,B
72498,65,C
72501,68,B
72503,70,D
72504,18,A
72506,20,C
72507,21,D
72509,23,B
72512,26,A
72514,28,C
72519,33,D
72520,34,A
72522,36,C
72525,39,B
72530,44,C
72535,49,D
72541,55,B
72542,56,C
72544,58,A
72548,62,A
72555,69,D
72557,18,B
72560,21,A
72561,22,B
72567,28,D
72571,32,D
72573,34,B
72576,37,A
72577,38,B
72578,39,C
72579,40,D
72582,43,C
72584,45,A
72585,46,B
72588,49,A
72591,52,D
72592,53,A
72598,59,C
72601,62,B
72602,63,C
72603,64,D
72604,65,A
72612,20,A
72613,21,B
72616,24,A
72617,25,B
72628,36,A
72629,37,B
72634,42,C
72636,44,A
72641,49,B
72647,55,D
72653,61,B
72664,19,A
72668,23,A
72669,24,B
72671,26,D
72672,27,A
72677,32,B
72681,36,B
72683,38,D
72685,40,B
72686,41,C
72688,43,A
72689,44,B
72690,45,C
72691,46,D
72698,53,C
72699,54,D
72701,56,B
72702,57,C
72706,61,C
72707,62,D
72708,63,A
72709,64,B
72713,68,B
72718,20,C
72719,21,D
72721,23,B
72726,28,C
72730,32,C
72734,36,C
72736,38,A
72740,42,A
72743,45,D
72746,48,C
72751,53,D
72752,54,A
72757,59,B
72759,61,D
72760,62,A
72761,63,B
72762,64,C
72766,68,C
72767,69,D
72769,18,B
72770,19,C
72774,23,C
72782,31,C
72784,33,A
72788,37,A
72794,43,C
72799,48,D
72802,51,C
72807,56,D
72810,59,C
72811,60,D
72812,61,A
72813,62,B
72816,65,A
72817,66,B
72821,70,B
72822,18,C
72823,19,D
72825,21,B
72826,22,C
72829,25,B
72832,28,A
72834,30,C
72840,36,A
72841,37,B
72843,39,D
72845,41,B
72846,42,C
72848,44,A
72849,45,B
72855,51,D
72861,57,B
72865,61,B
72868,64,A
72875,18,D
72876,19,A
72884,27,A
72887,30,D
72888,31,A
72889,32,B
72890,33,C
72891,34,D
72894,37,C
72896,39,A
72901,44,B
72903,46,D
72904,47,A
72906,49,C
72907,50,D
72909,52,B
72910,53,C
72911,54,D
72915,58,D
72919,62,D
72922,65,C
72929,19,B
72934,24,C
72937,27,B
72942,32,C
72947,37,D
72951,41,D
72959,49,D
72960,50,A
72961,51,B
72963,53,D
72964,54,A
72965,55,B
72968,58,A
72969,59,B
72970,60,C
72972,62,A
72978,68,C
72979,69,D
72982,19,C
72984,21,A
72988,25,A
72995,32,D
72998,35,C
73000,37,A
73002,39,C
73004,41,A
73006,43,C
73007,44,D
73013,50,B
73016,53,A
73017,54,B
73018,55,C
73022,59,C
73023,60,D
73024,61,A
73028,65,A
73030,67,C
73031,68,D
73032,69,A
73036,20,A
73039,23,D
73043,27,D
73046,30,C
73047,31,D
73056,40,A
73057,41,B
73062,46,C
73064,48,A
73067,51,D
73068,52,A
73069,53,B
73073,57,B
73080,64,A
73081,65,B
73082,66,C
73086,70,C
73087,18,D
73089,20,B
73091,22,D
73092,23,A
73094,25,C
73097,28,B
73098,29,C
73099,30,D
73101,32,B
73102,33,C
73103,34,D
73105,36,B
73107,38,D
73109,40,B
73110,41,C
73111,42,D
73119,50,D
73123,54,D
73129,60,B
73138,69,C
73140,18,A
73143,21,D
73146,24,C
73148,26,A
73166,44,C
73167,45,D
73169,47,B
73171,49,D
73173,51,B
73176,54,A
73182,60,C
73183,61,D
73184,62,A
73187,65,D
73188,66,A
73190,68,C
73192,70,A
73199,24,D
73204,29,A
73209,34,B
73211,36,D
73213,38,B
73214,39,C
73218,43,C
73223,48,D
73225,50,B
73228,53,A
73231,56,D
73232,57,A
73233,58,B
73238,63,C
73239,64,D
73244,69,A
73246,18,C
73248,20,A
73250,22,C
73251,23,D
73252,24,A
73255,27,D
73260,32,A
73262,34,C
73263,35,D
73266,38,C
73267,39,D
73268,40,A
73270,42,C
73272,44,A
73273,45,B
73277,49,B
73278,50,C
73284,56,A
73291,63,D
73293,65,B
73297,69,B
73298,70,C
73300,19,A
73301,20,B
73305,24,B
73306,25,C
73307,26,D
73308,27,A
73318,37,C
73325,44,B
73327,46,D
73332,51,A
73336,55,A
73337,56,B
73341,60,B
73345,64,B
73349,68,B
73350,69,C
73351,70,D
73352,18,A
73355,21,D
73364,30,A
73372,38,A
73373,39,B
73374,40,C
73376,42,A
73379,45,D
73382,48,C
73386,52,C
73389,55,B
73391,57,D
73398,64,C
73400,66,A
73402,68,C
73407,20,D
73409,22,B
73413,26,B
73414,27,C
73417,30,B
73419,32,D
73421,34,B
73422,35,C
73427,40,D
73433,46,B
73435,48,D
73440,53,A
73445,58,B
73448,61,A
73451,64,D
73452,65,A
73454,67,C
73457,70,B
73459,19,D
73460,20,A
73462,22,C
73463,23,D
73470,30,C
73471,31,D
73483,43,D
73489,49,B
73490,50,C
73492,52,A
73493,53,B
73496,56,A
73498,58,C
73501,61,B
73502,62,C
73503,63,D
73504,64,A
73506,66,C
73507,67,D
73514,21,C
73519,26,D
73521,28,B
73522,29,C
73527,34,D
73530,37,C
73534,41,C
73535,42,D
73536,43,A
73537,44,B
73539,46,D
73549,56,B
73551,58,D
73554,61,C
73559,66,D
73560,67,A
73567,21,D
73568,22,A
73569,23,B
73574,28,C
73575,29,D
73576,30,A
73577,31,B
73578,32,C
73584,38,A
73585,39,B
73587,41,D
73592,46,A
73598,52,C
73602,56,C
73607,61,D
73609,63,B
73610,64,C
73611,65,D
73616,70,A
73617,18,B
73622,23,C
73625,26,B
73626,27,C
73629,30,B
73632,33,A
73633,34,B
73639,40,D
73640,41,A
73643,44,D
73644,45,A
73652,53,A
73660,61,A
73663,64,D
73664,65,A
73665,66,B
73668,69,A
73670,18,C
73678,26,C
73681,29,B
73682,30,C
73683,31,D
73684,32,A
73686,34,C
73688,36,A
73695,43,D
73700,48,A
73701,49,B
73707,55,D
73709,57,B
73713,61,B
73714,62,C
73716,64,A
73717,65,B
73718,66,C
73720,68,A
73721,69,B
73723,18,D
73728,23,A
73729,24,B
73731,26,D
73733,28,B
73735,30,D
73738,33,C
73739,34,D
73742,37,C
73745,40,B
73747,42,D
73748,43,A
73749,44,B
73750,45,C
73751,46,D
73752,47,A
73753,48,B
73754,49,C
73757,52,B
73762,57,C
73764,59,A
73770,65,C
73773,68,B
73776,18,A
73778,20,C
73779,21,D
73785,27,B
73788,30,A
73793,35,B
73797,39,B
73798,40,C
73800,42,A
73801,43,B
73804,46,A
73805,47,B
73808,50,A
73809,51,B
73810,52,C
73812,54,A
73813,55,B
73816,58,A
73821,63,B
73822,64,C
73825,67,B
73830,19,C
73831,20,D
73834,23,C
73836,25,A
73837,26,B
73839,28,D
73849,38,B
73853,42,B
73863,52,D
73867,56,D
73869,58,B
73871,60,D
73872,61,A
73873,62,B
73875,64,D
73876,65,A
73883,19,D
73889,25,B
73890,26,C
73891,27,D
73894,30,C
73895,31,D
73898,34,C
73899,35,D
73900,36,A
73907,43,D
73909,45,B
73914,50,C
73916,52,A
73919,55,D
73921,57,B
73924,60,A
73925,61,B
73933,69,B
73935,18,D
73937,20,B
73938,21,C
73939,22,D
73940,23,A
73942,25,C
73944,27,A
73945,28,B
73949,32,B
73951,34,D
73952,35,A
73953,36,B
73954,37,C
73956,39,A
73960,43,A
73967,50,D
73968,51,A
73969,52,B
73974,57,C
73975,58,D
73976,59,A
73979,62,D
73985,68,B
73987,70,D
73988,18,A
73991,21,D
73994,24,C
73995,25,D
73996,26,A
73998,28,C
73999,29,D
74001,31,B
74004,34,A
74008,38,A
74009,39,B
74012,42,A
74023,53,D
74031,61,D
74037,67,B
74039,69,D
74040,70,A
74044,21,A
74046,23,C
74050,27,C
74052,29,A
74055,32,D
74057,34,B
74065,42,B
74079,56,D
74082,59,C
74083,60,D
74088,65,A
74090,67,C
74099,23,D
74102,26,C
74104,28,A
74106,30,C
74107,31,D
74108,32,A
74109,33,B
74110,34,C
74112,36,A
74113,37,B
74116,40,A
74121,45,B
74124,48,A
74125,49,B
74128,52,A
74129,53,B
74137,61,B
74149,20,B
74158,29,C
74160,31,A
74166,37,C
74170,41,C
74175,46,D
74180,51,A
74192,63,A
74194,65,C
74200,18,A
74204,22,A
74208,26,A
74209,27,B
74213,31,B
74214,32,C
74217,35,B
74218,36,C
74219,37,D
74231,49,D
74238,56,C
74244,62,A
74247,65,D
74251,69,D
74260,25,A
74262,27,C
74265,30,B
74267,32,D
74268,33,A
74270,35,C
74276,41,A
74278,43,C
74279,44,D
74283,48,D
74284,49,A
74289,54,B
74296,61,A
74302,67,C
74303,68,D
74304,69,A
74305,70,B
74309,21,B
74310,22,C
74311,23,D
74312,24,A
74313,25,B
74315,27,D
74317,29,B
74318,30,C
74319,31,D
74320,32,A
74322,34,C
74324,36,A
74338,50,C
74345,57,B
74346,58,C
74354,66,C
74355,67,D
74358,70,C
74360,19,A
74361,20,B
74367,26,D
74369,28,B
74375,34,D
74381,40,B
74382,41,C
74384,43,A
74385,44,B
74388,47,A
74389,48,B
74391,50,D
74392,51,A
74395,54,D
74398,57,C
74400,59,A
74402,61,C
74408,67,A
74411,70,D
74413,19,B
74420,26,A
74421,27,B
74427,33,D
74429,35,B
74433,39,B
74434,40,C
74436,42,A
74437,43,B
74439,45,D
74441,47,B
74448,54,A
74451,57,D
74453,59,B
74456,62,A
74457,63,B
74458,64,C
74466,19,C
74468,21,A
74470,23,C
74472,25,A
74476,29,A
74490,43,C
74492,45,A
74496,49,A
74502,55,C
74503,56,D
74504,57,A
74507,60,D
74508,61,A
74510,63,C
74514,67,C
74526,26,C
74528,28,A
74531,31,D
74533,33,B
74535,35,D
74537,37,B
74538,38,C
74540,40,A
74541,41,B
74542,42,C
74548,48,A
74550,50,C
74551,51,D
74552,52,A
74557,57,B
74560,60,A
74561,61,B
74562,62,C
74565,65,B
74567,67,D
74573,20,B
74576,23,A
74577,24,B
74579,26,D
74580,27,A
74584,31,A
74585,32,B
74587,34,D
74590,37,C
74593,40,B
74594,41,C
74595,42,D
74609,56,B
74613,60,B
74618,65,C
74626,20,C
74627,21,D
74628,22,A
74631,25,D
74632,26,A
74636,30,A
74639,33,D
74645,39,B
74647,41,D
74648,42,A
74651,45,D
74652,46,A
74653,47,B
74656,50,A
74659,53,D
74661,55,B
74663,57,D
74664,58,A
74665,59,B
74666,60,C
74672,66,A
74683,24,D
74685,26,B
74686,27,C
74687,28,D
74692,33,A
74693,34,B
74697,38,B
74698,39,C
74701,42,B
74703,44,D
74710,51,C
74711,52,D
74720,61,A
74724,65,A
74726,67,C
74731,19,D
74732,20,A
74733,21,B
74735,23,D
74737,25,B
74740,28,A
74741,29,B
74743,31,D
74744,32,A
74746,34,C
74749,37,B
74752,40,A
74754,42,C
74761,49,B
74763,51,D
74766,54,C
74767,55,D
74768,56,A
74771,59,D
74772,60,A
74775,63,D
74779,67,D
74780,68,A
74783,18,D
74784,19,A
74786,21,C
74787,22,D
74788,23,A
74789,24,B
74796,31,A
74803,38,D
74810,45,C
74812,47,A
74815,50,D
74820,55,A
74824,59,A
74826,61,C
74827,62,D
74833,68,B
74834,69,C
74836,18,A
74840,22,A
74841,23,B
74843,25,D
74846,28,C
74849,31,B
74852,34,A
74857,39,B
74861,43,B
74865,47,B
74872,54,A
74873,55,B
74874,56,C
74876,58,A
74877,59,B
74878,60,C
74879,61,D
74880,62,A
74882,64,C
74883,65,D
74886,68,C
74887,69,D
74889,18,B
74891,20,D
74894,23,C
74897,26,B
74899,28,D
74901,30,B
74904,33,A
74905,34,B
74906,35,C
74911,40,D
74917,46,B
74918,47,C
74927,56,D
74929,58,B
74933,62,B
74936,65,A
74945,21,B
74946,22,C
74951,27,D
74952,28,A
74955,31,D
74959,35,D
74971,47,D
74973,49,B
74974,50,C
74977,53,B
74978,54,C
74980,56,A
74982,58,C
74984,60,A
74987,63,D
74990,66,C
74995,18,D
75000,23,A
75002,25,C
75003,26,D
75005,28,B
75006,29,C
75008,31,A
75015,38,D
75020,43,A
75021,44,B
75023,46,D
75024,47,A
75030,53,C
75031,54,D
75038,61,C
75040,63,A
75041,64,B
75050,20,C
75051,21,D
75052,22,A
75059,29,D
75065,35,B
75066,36,C
75067,37,D
75068,38,A
75070,40,C
75075,45,D
75082,52,C
75084,54,A
75085,55,B
75087,57,D
75090,60,C
75095,65,D
75098,68,C
75101,18,B
75103,20,D
75116,33,A
75128,45,A
75131,48,D
75136,53,A
75137,54,B
75149,66,B
75151,68,D
75154,18,C
75155,19,D
75161,25,B
75164,28,A
75168,32,A
75176,40,A
75177,41,B
75180,44,A
75181,45,B
75182,46,C
75185,49,B
75187,51,D
75188,52,A
75190,54,C
75197,61,B
75198,62,C
75201,65,B
75202,66,C
75209,20,B
75212,23,A
75218,29,C
75220,31,A
75228,39,A
75236,47,A
75238,49,C
75239,50,D
75240,51,A
75241,52,B
75243,54,D
75250,61,C
75253,64,B
75255,66,D
75259,70,D
75263,21,D
75265,23,B
75266,24,C
75272,30,A
75278,36,C
75279,37,D
75282,40,C
75285,43,B
75286,44,C
75287,45,D
75288,46,A
75290,48,C
75293,51,B
75294,52,C
75299,57,D
75302,60,C
75305,63,B
75308,66,A
75314,19,C
75321,26,B
75322,27,C
75324,29,A
75328,33,A
75335,40,D
75336,41,A
75337,42,B
75338,43,C
75340,45,A
75341,46,B
75356,61,A
75357,62,B
75365,70,B
75376,28,A
75380,32,A
75381,33,B
75382,34,C
75383,35,D
75394,46,C
75396,48,A
75397,49,B
75398,50,C
75400,52,A
75401,53,B
75402,54,C
75404,56,A
75406,58,C
75408,60,A
75411,63,D
75412,64,A
75414,66,C
75416,68,A
75419,18,D
75423,22,D
75425,24,B
75427,26,D
75429,28,B
75432,31,A
75433,32,B
75434,33,C
75440,39,A
75443,42,D
75448,47,A
75453,52,B
75455,54,D
75458,57,C
75459,58,D
75462,61,C
75463,62,D
75464,63,A
75465,64,B
75469,68,B
75470,69,C
75472,18,A
75478,24,C
75479,25,D
75482,28,C
75487,33,D
75488,34,A
75489,35,B
75490,36,C
75493,39,B
75496,42,A
75497,43,B
75500,46,A
75503,49,D
75504,50,A
75505,51,B
75506,52,C
75509,55,B
75511,57,D
75513,59,B
75514,60,C
75516,62,A
75517,63,B
75522,68,C
75525,18,B
75526,19,C
75528,21,A
75529,22,B
75533,26,B
75534,27,C
75536,29,A
75539,32,D
75544,37,A
75546,39,C
75547,40,D
75556,49,A
75559,52,D
75561,54,B
75562,55,C
75567,60,D
75572,65,A
75574,67,C
75575,68,D
75578,18,C
75580,20,A
75582,22,C
75583,23,D
75586,26,C
75588,28,A
75589,29,B
75594,34,C
75597,37,B
75600,40,A
75602,42,C
75603,43,D
75605,45,B
75606,46,C
75607,47,D
75613,53,B
75615,55,D
75619,59,D
75620,60,A
75623,63,D
75626,66,C
75627,67,D
75628,68,A
75629,69,B
75630,70,C
75631,18,D
75632,19,A
75633,20,B
75634,21,C
75635,22,D
75638,25,C
75639,26,D
75640,27,A
75645,32,B
75646,33,C
75648,35,A
75650,37,C
75651,38,D
75653,40,B
75655,42,D
75663,50,D
75664,51,A
75669,56,B
75670,57,C
75673,60,B
75674,61,C
75676,63,A
75678,65,C
75680,67,A
75681,68,B
75682,69,C
75685,19,B
75690,24,C
75694,28,C
75701,35,B
75702,36,C
75703,37,D
75706,40,C
75708,42,A
75709,43,B
75712,46,A
75714,48,C
75716,50,A
75720,54,A
75721,55,B
75722,56,C
75725,59,B
75729,63,B
75736,70,A
75737,18,B
75740,21,A
75742,23,C
75748,29,A
75750,31,C
75751,32,D
75752,33,A
75755,36,D
75756,37,A
75763,44,D
75764,45,A
75765,46,B
75766,47,C
75767,48,D
75768,49,A
75769,50,B
75770,51,C
75771,52,D
75772,53,A
75774,55,C
75775,56,D
75776,57,A
75779,60,D
75782,63,C
75787,68,D
75788,69,A
75790,18,C
75791,19,D
75793,21,B
75794,22,C
75797,25,B
75798,26,C
75799,27,D
75800,28,A
75801,29,B
75802,30,C
75803,31,D
75804,32,A
75805,33,B
75806,34,C
75809,37,B
75811,39,D
75813,41,B
75819,47,D
75821,49,B
75823,51,D
75825,53,B
75826,54,C
75830,58,C
75833,61,B
75835,63,D
75837,65,B
75839,67,D
75840,68,A
75845,20,B
75846,21,C
75847,22,D
75857,32,B
75864,39,A
75865,40,B
75866,41,C
75867,42,D
75868,43,A
75871,46,D
75872,47,A
75873,48,B
75874,49,C
75876,51,A
75877,52,B
75878,53,C
75882,57,C
75884,59,A
